Order_ID,Customer_ID,Restaurant_ID,Restaurant_Name,Order_Date,City,Cuisine,Quantity,Order_Amount,Discount,Delivery_Fee,Delivery_Time_Min,Payment_Method,Rating,Order_Status,Delivery_Partner_ID,Discount_Amount,Net_Amount,Estimated_Cost,Profit
ORD100000,CUST1102,REST040,The Food Factory,2025-11-10,Hyderabad,Desserts,1,977.88,5,67.3,62,Wallet,3.5,Delivered,DP214,48.89,996.29,678.35,317.94
ORD100001,CUST1435,REST005,Food Junction,2025-10-03,Kolkata,Biryani,5,331.69,0,97.21,65,Credit Card,3.5,Delivered,DP158,0.0,428.9,235.17,193.73
ORD100002,CUST1860,REST021,Pizza Point,2025-07-29,Bengaluru,Biryani,2,1534.97,0,25.57,42,Debit Card,5.0,Delivered,DP164,0.0,1560.54,1020.23,540.31
ORD100003,CUST1270,REST078,Taste of India,2025-02-26,Hyderabad,Chinese,2,1042.26,20,58.12,33,Debit Card,5.0,Cancelled,DP026,208.45,891.93,711.94,179.99
ORD100004,CUST1106,REST004,Urban Tadka,2025-07-04,Ahmedabad,Desserts,2,1538.94,0,19.39,35,UPI,4.0,Delivered,DP050,0.0,1558.33,1160.52,397.81
ORD100005,CUST1071,REST023,Biryani House,2025-02-23,Delhi,South Indian,5,1726.16,20,42.3,46,Credit Card,4.5,Delivered,DP130,345.23,1423.23,1226.39,196.84
ORD100006,CUST1700,REST084,Dosa Express,2025-07-28,Delhi,Indian,2,1704.56,15,67.75,40,Credit Card,4.0,Delivered,DP106,255.68,1516.63,1292.69,223.94
ORD100007,CUST1020,REST015,Biryani House,2025-12-08,Pune,Indian,2,288.72,20,86.49,27,Cash,3.0,Cancelled,DP108,57.74,317.47,195.47,122.0
ORD100008,CUST1614,REST093,Sweet Treats,2025-10-20,Ahmedabad,Italian,3,1707.29,0,77.08,43,Debit Card,3.0,Delivered,DP007,0.0,1784.37,1007.67,776.7
ORD100009,CUST1121,REST008,Sweet Treats,2025-12-06,Kolkata,South Indian,3,1456.86,25,54.34,21,Cash,3.0,Delivered,DP155,364.22,1146.98,883.8,263.18
ORD100010,CUST1466,REST041,Pizza Point,2025-10-31,Kolkata,North Indian,1,1426.47,5,92.28,61,Credit Card,4.5,Delivered,DP080,71.32,1447.43,842.44,604.99
ORD100011,CUST1214,REST019,Taste of India,2025-09-09,Hyderabad,Fast Food,1,271.42,0,40.73,40,UPI,4.0,Cancelled,DP049,0.0,312.15,170.21,141.94
ORD100012,CUST1330,REST046,Dragon Bowl,2025-10-31,Mumbai,Indian,4,421.58,25,79.09,20,UPI,3.5,Delivered,DP046,105.4,395.27,278.17,117.1
ORD100013,CUST1458,REST028,Dragon Bowl,2025-04-22,Bengaluru,Fast Food,5,1758.27,10,55.29,46,Wallet,5.0,Delivered,DP248,175.83,1637.73,1070.55,567.18
ORD100014,CUST1087,REST091,Sweet Treats,2025-01-06,Ahmedabad,Indian,3,478.46,5,91.38,50,UPI,3.5,Delivered,DP221,23.92,545.92,315.49,230.43
ORD100015,CUST1372,REST068,Spice Hub,2025-07-10,Hyderabad,Desserts,1,404.01,10,82.78,68,Debit Card,4.5,Delivered,DP213,40.4,446.39,256.06,190.33
ORD100016,CUST1099,REST015,Curry Corner,2025-11-30,Pune,Indian,5,728.75,25,91.62,37,Wallet,5.0,Delivered,DP154,182.19,638.18,493.9,144.28
ORD100017,CUST1871,REST099,Food Junction,2025-10-06,Ahmedabad,Desserts,2,1654.44,15,33.21,66,Debit Card,3.5,Delivered,DP248,248.17,1439.48,1073.0,366.48
ORD100018,CUST1663,REST037,Sweet Treats,2025-12-06,Bengaluru,Desserts,5,920.01,0,71.79,25,Cash,4.0,Delivered,DP210,0.0,991.8,597.86,393.94
ORD100019,CUST1130,REST001,Pizza Point,2025-01-13,Chennai,Italian,3,1666.58,5,77.77,70,Cash,4.5,Delivered,DP065,83.33,1661.02,1104.68,556.34
ORD100020,CUST1661,REST067,Royal Kitchen,2025-10-30,Pune,Biryani,4,681.69,5,78.11,35,UPI,4.5,Delivered,DP002,34.08,725.72,529.82,195.9
ORD100021,CUST1308,REST024,Food Junction,2025-02-13,Hyderabad,Italian,3,500.57,0,57.84,33,Wallet,4.5,Delivered,DP206,0.0,558.41,339.39,219.02
ORD100022,CUST1769,REST027,Spice Hub,2025-04-15,Mumbai,Desserts,1,951.94,25,15.96,48,Debit Card,4.5,Cancelled,DP230,237.98,729.92,681.94,47.98
ORD100023,CUST1343,REST040,Taste of India,2025-06-09,Ahmedabad,Desserts,1,1154.0,0,37.22,63,Debit Card,5.0,Cancelled,DP079,0.0,1191.22,745.31,445.91
ORD100024,CUST1491,REST063,Urban Tadka,2025-06-03,Chennai,Indian,5,777.72,15,42.48,61,Credit Card,3.0,Delivered,DP192,116.66,703.54,486.03,217.51
ORD100025,CUST1413,REST061,Dragon Bowl,2025-08-30,Pune,South Indian,3,701.33,0,87.42,66,UPI,4.5,Delivered,DP064,0.0,788.75,533.58,255.17
ORD100026,CUST1805,REST036,Biryani House,2025-06-30,Hyderabad,Biryani,1,486.34,20,86.48,64,Cash,4.0,Cancelled,DP100,97.27,475.55,350.53,125.02
ORD100027,CUST1385,REST098,Spice Hub,2025-01-14,Delhi,South Indian,2,582.01,5,23.9,58,Credit Card,4.0,Delivered,DP216,29.1,576.81,398.07,178.74
ORD100028,CUST1191,REST093,Dosa Express,2025-06-29,Kolkata,South Indian,2,1250.84,0,95.74,49,Cash,3.5,Delivered,DP060,0.0,1346.58,784.75,561.83
ORD100029,CUST1276,REST024,The Food Factory,2025-10-19,Hyderabad,South Indian,4,741.39,5,30.51,63,Cash,4.0,Delivered,DP089,37.07,734.83,451.73,283.1
ORD100030,CUST1160,REST024,Pizza Point,2025-09-21,Delhi,Biryani,5,253.99,10,50.22,45,Debit Card,5.0,Delivered,DP137,25.4,278.81,154.42,124.39
ORD100031,CUST1459,REST004,Dragon Bowl,2025-06-17,Delhi,South Indian,1,352.1,5,33.29,60,Cash,3.5,Delivered,DP015,17.6,367.79,234.45,133.34
ORD100032,CUST1313,REST067,Biryani House,2025-08-02,Pune,Biryani,4,745.6,15,88.13,43,Wallet,4.0,Delivered,DP165,111.84,721.89,560.1,161.79
ORD100033,CUST1021,REST034,Dosa Express,2025-05-30,Hyderabad,Fast Food,2,1673.16,0,78.7,20,Cash,4.0,Cancelled,DP006,0.0,1751.86,1259.29,492.57
ORD100034,CUST1252,REST057,Urban Tadka,2025-01-16,Kolkata,Desserts,4,756.77,5,45.05,50,Wallet,3.5,Delivered,DP171,37.84,763.98,545.89,218.09
ORD100035,CUST1747,REST049,Dosa Express,2025-04-01,Hyderabad,North Indian,4,221.88,20,72.96,67,Cash,4.5,Delivered,DP045,44.38,250.46,149.72,100.74
ORD100036,CUST1856,REST087,Royal Kitchen,2025-04-30,Delhi,Indian,1,822.23,10,30.67,45,Credit Card,4.5,Delivered,DP076,82.22,770.68,496.65,274.03
ORD100037,CUST1560,REST053,Taste of India,2025-09-10,Bengaluru,Chinese,1,1243.61,10,47.5,46,Debit Card,5.0,Delivered,DP219,124.36,1166.75,820.95,345.8
ORD100038,CUST1474,REST023,The Food Factory,2025-03-01,Chennai,South Indian,1,1117.24,0,47.05,54,Credit Card,4.5,Delivered,DP199,0.0,1164.29,793.0,371.29
ORD100039,CUST1058,REST069,Food Junction,2025-09-23,Mumbai,Italian,5,588.39,10,35.22,73,Debit Card,4.5,Delivered,DP156,58.84,564.77,404.14,160.63
ORD100040,CUST1510,REST095,Biryani House,2025-01-31,Hyderabad,Fast Food,4,1275.99,25,89.49,34,Credit Card,4.0,Delivered,DP180,319.0,1046.48,852.65,193.83
ORD100041,CUST1681,REST053,The Food Factory,2025-01-21,Chennai,Italian,4,1179.45,0,72.7,36,UPI,4.5,Delivered,DP204,0.0,1252.15,764.86,487.29
ORD100042,CUST1475,REST062,Curry Corner,2025-08-07,Chennai,Chinese,5,409.25,15,38.79,17,Cash,4.0,Cancelled,DP106,61.39,386.65,295.92,90.73
ORD100043,CUST1699,REST041,Spice Hub,2025-03-22,Ahmedabad,Biryani,2,392.4,0,35.58,22,Cash,5.0,Delivered,DP163,0.0,427.98,291.83,136.15
ORD100044,CUST1782,REST057,Curry Corner,2025-10-16,Bengaluru,Chinese,3,1039.27,0,16.53,59,UPI,5.0,Delivered,DP066,0.0,1055.8,744.4,311.4
ORD100045,CUST1189,REST060,Spice Hub,2025-01-31,Chennai,Italian,2,1227.86,10,44.46,33,UPI,5.0,Cancelled,DP154,122.79,1149.53,940.2,209.33
ORD100046,CUST1686,REST054,Taste of India,2025-08-22,Hyderabad,Desserts,5,1736.01,10,59.78,45,Wallet,4.0,Delivered,DP148,173.6,1622.19,1266.2,355.99
ORD100047,CUST1562,REST070,The Food Factory,2025-02-05,Pune,Desserts,4,828.84,20,38.61,46,Credit Card,4.0,Delivered,DP217,165.77,701.68,541.76,159.92
ORD100048,CUST1875,REST057,Urban Tadka,2025-05-12,Pune,Chinese,4,1405.1,5,74.54,29,Cash,5.0,Delivered,DP190,70.26,1409.38,972.12,437.26
ORD100049,CUST1566,REST010,Sweet Treats,2025-11-20,Ahmedabad,Desserts,1,315.75,0,50.0,69,Wallet,4.5,Delivered,DP213,0.0,365.75,210.29,155.46
ORD100050,CUST1243,REST040,Dosa Express,2025-12-12,Chennai,Indian,1,1614.54,25,41.89,53,Cash,4.5,Cancelled,DP129,403.64,1252.79,1090.87,161.92
ORD100051,CUST1831,REST007,Sweet Treats,2025-05-12,Hyderabad,Chinese,4,1183.62,5,94.82,45,UPI,4.0,Delivered,DP092,59.18,1219.26,894.83,324.43
ORD100052,CUST1504,REST038,The Food Factory,2025-01-09,Hyderabad,South Indian,4,1176.77,0,37.34,17,Wallet,5.0,Delivered,DP181,0.0,1214.11,728.65,485.46
ORD100053,CUST1130,REST085,Curry Corner,2025-01-30,Delhi,Indian,1,359.3,15,48.85,65,Wallet,4.5,Delivered,DP230,53.9,354.25,198.7,155.55
ORD100054,CUST1484,REST061,Sweet Treats,2025-04-25,Bengaluru,South Indian,1,186.5,20,47.49,72,Wallet,4.0,Cancelled,DP205,37.3,196.69,132.41,64.28
ORD100055,CUST1818,REST084,Pizza Point,2025-10-28,Kolkata,North Indian,2,1298.43,10,35.5,46,Credit Card,5.0,Cancelled,DP030,129.84,1204.09,768.19,435.9
ORD100056,CUST1646,REST003,Dragon Bowl,2025-01-04,Mumbai,North Indian,4,316.65,25,33.49,24,Wallet,4.0,Delivered,DP188,79.16,270.98,185.39,85.59
ORD100057,CUST1020,REST051,Sweet Treats,2025-11-21,Kolkata,Chinese,4,333.31,25,40.7,42,Cash,4.5,Delivered,DP010,83.33,290.68,259.41,31.27
ORD100058,CUST1840,REST086,Spice Hub,2025-08-25,Ahmedabad,Indian,5,435.0,15,88.46,41,Credit Card,4.0,Delivered,DP109,65.25,458.21,265.94,192.27
ORD100059,CUST1166,REST047,Pizza Point,2025-01-23,Delhi,Desserts,2,284.21,0,80.2,62,Cash,4.5,Cancelled,DP150,0.0,364.41,169.64,194.77
ORD100060,CUST1273,REST068,Biryani House,2025-01-16,Mumbai,Indian,3,1170.66,0,72.88,60,Wallet,3.0,Delivered,DP029,0.0,1243.54,695.29,548.25
ORD100061,CUST1387,REST092,Sweet Treats,2025-01-22,Kolkata,North Indian,3,828.97,0,53.85,54,Wallet,4.0,Delivered,DP069,0.0,882.82,534.55,348.27
ORD100062,CUST1600,REST076,Pizza Point,2025-03-13,Hyderabad,Chinese,3,567.04,5,58.16,57,Cash,4.5,Delivered,DP136,28.35,596.85,365.27,231.58
ORD100063,CUST1315,REST038,The Food Factory,2025-10-31,Pune,Fast Food,1,860.46,10,37.71,45,Debit Card,4.5,Delivered,DP181,86.05,812.12,598.43,213.69
ORD100064,CUST1013,REST036,Dragon Bowl,2025-08-18,Delhi,Biryani,3,1538.16,25,21.32,65,Wallet,5.0,Delivered,DP139,384.54,1174.94,882.65,292.29
ORD100065,CUST1241,REST041,Dosa Express,2025-04-17,Kolkata,Biryani,5,1677.49,10,43.14,48,Wallet,4.0,Delivered,DP154,167.75,1552.88,1167.79,385.09
ORD100066,CUST1776,REST069,Dragon Bowl,2025-07-27,Ahmedabad,Biryani,1,938.96,25,57.12,19,Credit Card,5.0,Delivered,DP147,234.74,761.34,614.39,146.95
ORD100067,CUST1345,REST013,Biryani House,2025-07-27,Chennai,Desserts,1,1072.14,15,19.87,25,Cash,4.0,Delivered,DP147,160.82,931.19,640.88,290.31
ORD100068,CUST1564,REST087,Urban Tadka,2025-09-20,Ahmedabad,Indian,3,552.1,0,22.5,21,Wallet,4.5,Delivered,DP158,0.0,574.6,402.48,172.12
ORD100069,CUST1897,REST058,Urban Tadka,2025-02-20,Ahmedabad,Desserts,1,982.85,20,37.36,22,Cash,3.5,Delivered,DP036,196.57,823.64,647.73,175.91
ORD100070,CUST1339,REST050,Taste of India,2025-03-06,Ahmedabad,North Indian,2,1376.84,0,46.2,31,Credit Card,4.0,Delivered,DP170,0.0,1423.04,984.34,438.7
ORD100071,CUST1091,REST030,Sweet Treats,2025-09-22,Chennai,Biryani,2,946.79,0,48.43,58,Cash,4.5,Delivered,DP184,0.0,995.22,721.2,274.02
ORD100072,CUST1366,REST062,Dosa Express,2025-12-04,Mumbai,North Indian,3,627.48,10,25.02,64,Cash,3.0,Delivered,DP009,62.75,589.75,396.12,193.63
ORD100073,CUST1454,REST025,Royal Kitchen,2025-10-28,Hyderabad,Indian,5,1097.82,20,34.19,75,Credit Card,5.0,Delivered,DP135,219.56,912.45,830.52,81.93
ORD100074,CUST1427,REST027,Food Junction,2025-06-24,Pune,North Indian,1,1710.38,5,37.24,53,Wallet,3.5,Delivered,DP018,85.52,1662.1,1019.52,642.58
ORD100075,CUST1508,REST051,Pizza Point,2025-06-01,Mumbai,Fast Food,4,1611.81,15,20.75,55,Cash,5.0,Delivered,DP137,241.77,1390.79,968.84,421.95
ORD100076,CUST1775,REST078,Biryani House,2025-09-23,Kolkata,Desserts,3,1412.33,0,42.72,65,Debit Card,4.5,Delivered,DP134,0.0,1455.05,992.37,462.68
ORD100077,CUST1034,REST057,The Food Factory,2025-11-25,Kolkata,Chinese,1,584.03,0,21.14,28,Wallet,4.5,Delivered,DP198,0.0,605.17,335.0,270.17
ORD100078,CUST1205,REST047,Sweet Treats,2025-10-31,Pune,North Indian,3,525.82,0,74.79,38,Credit Card,3.5,Delivered,DP045,0.0,600.61,344.2,256.41
ORD100079,CUST1080,REST100,The Food Factory,2025-06-12,Kolkata,North Indian,3,1528.74,5,47.81,44,UPI,4.0,Delivered,DP150,76.44,1500.11,915.99,584.12
ORD100080,CUST1561,REST039,Food Junction,2025-12-09,Bengaluru,Chinese,5,424.61,10,42.77,72,Debit Card,3.5,Delivered,DP209,42.46,424.92,289.29,135.63
ORD100081,CUST1871,REST016,Taste of India,2025-08-26,Pune,Indian,4,1137.43,10,25.75,65,Wallet,4.5,Delivered,DP079,113.74,1049.44,836.66,212.78
ORD100082,CUST1387,REST022,Royal Kitchen,2025-07-18,Chennai,Indian,1,857.4,0,34.25,66,Credit Card,4.5,Delivered,DP201,0.0,891.65,479.94,411.71
ORD100083,CUST1001,REST085,Food Junction,2025-01-16,Kolkata,Desserts,3,906.22,20,34.78,64,Debit Card,4.5,Delivered,DP198,181.24,759.76,584.57,175.19
ORD100084,CUST1389,REST054,Dragon Bowl,2025-11-05,Kolkata,North Indian,3,883.63,25,98.74,71,Wallet,5.0,Delivered,DP087,220.91,761.46,634.49,126.97
ORD100085,CUST1565,REST021,Dragon Bowl,2025-10-23,Delhi,Fast Food,1,1631.92,0,86.0,29,UPI,4.0,Delivered,DP209,0.0,1717.92,1026.02,691.9
ORD100086,CUST1105,REST072,Spice Hub,2025-12-22,Delhi,Biryani,3,266.32,10,16.3,67,Wallet,4.0,Delivered,DP224,26.63,255.99,149.03,106.96
ORD100087,CUST1771,REST016,Curry Corner,2025-10-03,Delhi,Fast Food,3,1435.27,0,67.43,67,UPI,4.0,Delivered,DP160,0.0,1502.7,984.62,518.08
ORD100088,CUST1821,REST059,Biryani House,2025-08-27,Pune,Chinese,3,1522.82,5,36.75,18,UPI,5.0,Delivered,DP229,76.14,1483.43,879.64,603.79
ORD100089,CUST1476,REST031,Curry Corner,2025-03-10,Chennai,Chinese,2,1704.03,10,23.87,27,Cash,3.5,Delivered,DP195,170.4,1557.5,1082.2,475.3
ORD100090,CUST1702,REST042,Food Junction,2025-10-28,Pune,South Indian,2,880.37,5,74.98,19,Credit Card,4.5,Delivered,DP121,44.02,911.33,684.77,226.56
ORD100091,CUST1401,REST074,Royal Kitchen,2025-01-06,Ahmedabad,Biryani,4,960.11,15,26.19,45,Cash,3.0,Delivered,DP144,144.02,842.28,615.95,226.33
ORD100092,CUST1729,REST032,Dragon Bowl,2025-08-08,Hyderabad,North Indian,5,1734.97,0,52.72,26,UPI,4.0,Delivered,DP130,0.0,1787.69,1290.57,497.12
ORD100093,CUST1555,REST059,Taste of India,2025-09-11,Chennai,Chinese,1,890.2,15,68.73,44,Credit Card,4.5,Delivered,DP244,133.53,825.4,665.65,159.75
ORD100094,CUST1161,REST034,Taste of India,2025-10-22,Chennai,South Indian,5,965.96,10,62.13,63,Credit Card,4.0,Delivered,DP195,96.6,931.49,589.67,341.82
ORD100095,CUST1201,REST009,Urban Tadka,2025-12-24,Ahmedabad,Indian,5,678.19,0,98.1,24,Credit Card,4.5,Delivered,DP041,0.0,776.29,465.89,310.4
ORD100096,CUST1269,REST081,Dragon Bowl,2025-04-17,Pune,Chinese,2,173.13,10,81.79,44,Debit Card,4.5,Delivered,DP179,17.31,237.61,132.95,104.66
ORD100097,CUST1862,REST011,Sweet Treats,2025-10-22,Pune,Italian,4,847.53,15,80.81,40,Wallet,4.0,Delivered,DP014,127.13,801.21,584.34,216.87
ORD100098,CUST1815,REST096,Royal Kitchen,2025-04-28,Delhi,Biryani,5,1220.55,5,45.23,58,UPI,4.0,Cancelled,DP206,61.03,1204.75,899.6,305.15
ORD100099,CUST1270,REST010,Urban Tadka,2025-06-17,Chennai,South Indian,5,1279.11,20,15.71,20,Credit Card,4.5,Delivered,DP222,255.82,1039.0,839.59,199.41
ORD100100,CUST1455,REST086,Biryani House,2025-09-08,Delhi,Biryani,3,130.93,20,77.42,41,Debit Card,4.5,Cancelled,DP177,26.19,182.16,93.67,88.49
ORD100101,CUST1461,REST017,Biryani House,2025-03-23,Hyderabad,Biryani,1,1465.77,10,99.98,34,Debit Card,3.0,Cancelled,DP232,146.58,1419.17,813.54,605.63
ORD100102,CUST1726,REST068,Biryani House,2025-02-23,Bengaluru,Italian,4,947.26,25,49.5,42,UPI,4.5,Delivered,DP177,236.82,759.94,692.56,67.38
ORD100103,CUST1251,REST048,The Food Factory,2025-08-28,Delhi,Fast Food,1,994.85,0,98.77,34,Cash,4.5,Delivered,DP027,0.0,1093.62,700.9,392.72
ORD100104,CUST1701,REST052,Urban Tadka,2025-01-12,Pune,Indian,2,1735.73,15,27.05,26,Debit Card,3.0,Delivered,DP081,260.36,1502.42,1097.91,404.51
ORD100105,CUST1295,REST025,The Food Factory,2025-07-28,Kolkata,Biryani,5,597.89,10,40.2,59,UPI,4.5,Delivered,DP167,59.79,578.3,386.18,192.12
ORD100106,CUST1724,REST021,Curry Corner,2025-06-14,Mumbai,Chinese,5,1399.58,15,29.51,35,Debit Card,4.5,Cancelled,DP073,209.94,1219.15,874.91,344.24
ORD100107,CUST1719,REST065,Dragon Bowl,2025-10-21,Bengaluru,Desserts,1,1085.62,15,55.39,44,UPI,4.0,Cancelled,DP164,162.84,978.17,728.0,250.17
ORD100108,CUST1748,REST063,Sweet Treats,2025-01-07,Hyderabad,Indian,2,1297.34,0,82.74,63,Credit Card,4.5,Delivered,DP010,0.0,1380.08,745.96,634.12
ORD100109,CUST1337,REST089,Food Junction,2025-03-19,Kolkata,Chinese,3,821.93,20,43.96,66,Cash,4.5,Delivered,DP093,164.39,701.5,611.79,89.71
ORD100110,CUST1878,REST051,Dragon Bowl,2025-03-06,Pune,Indian,3,589.07,25,92.03,24,Debit Card,5.0,Delivered,DP132,147.27,533.83,388.76,145.07
ORD100111,CUST1052,REST036,Royal Kitchen,2025-04-12,Bengaluru,North Indian,5,1037.49,20,61.31,65,Debit Card,4.5,Delivered,DP085,207.5,891.3,580.9,310.4
ORD100112,CUST1791,REST081,Pizza Point,2025-12-23,Ahmedabad,Indian,5,749.9,5,54.56,19,Debit Card,4.0,Delivered,DP101,37.49,766.97,507.82,259.15
ORD100113,CUST1216,REST088,Urban Tadka,2025-10-27,Pune,South Indian,4,494.49,25,81.9,72,Wallet,3.5,Delivered,DP002,123.62,452.77,377.8,74.97
ORD100114,CUST1763,REST066,Dragon Bowl,2025-10-14,Delhi,Chinese,1,1529.92,0,23.62,51,Wallet,5.0,Delivered,DP207,0.0,1553.54,872.23,681.31
ORD100115,CUST1187,REST015,Pizza Point,2025-06-20,Kolkata,Desserts,5,919.4,20,80.77,22,Credit Card,5.0,Delivered,DP156,183.88,816.29,531.72,284.57
ORD100116,CUST1379,REST096,Dragon Bowl,2025-03-18,Pune,Chinese,2,1543.49,15,35.65,44,Debit Card,3.5,Delivered,DP089,231.52,1347.62,986.37,361.25
ORD100117,CUST1492,REST039,Taste of India,2025-02-17,Kolkata,North Indian,1,916.37,0,38.87,31,Cash,3.0,Delivered,DP154,0.0,955.24,659.05,296.19
ORD100118,CUST1040,REST070,Urban Tadka,2025-09-12,Hyderabad,Indian,4,1055.42,0,65.95,17,Wallet,4.5,Cancelled,DP121,0.0,1121.37,727.25,394.12
ORD100119,CUST1156,REST001,Curry Corner,2025-03-23,Mumbai,Biryani,3,1792.07,0,91.66,35,UPI,4.5,Cancelled,DP201,0.0,1883.73,1174.4,709.33
ORD100120,CUST1014,REST023,Urban Tadka,2025-07-28,Delhi,Desserts,4,1718.53,0,64.16,30,UPI,3.5,Delivered,DP030,0.0,1782.69,1337.59,445.1
ORD100121,CUST1812,REST039,The Food Factory,2025-07-28,Delhi,Chinese,1,576.44,15,70.16,46,UPI,4.5,Delivered,DP009,86.47,560.13,341.67,218.46
ORD100122,CUST1064,REST057,Sweet Treats,2025-03-25,Kolkata,North Indian,3,1579.34,25,81.01,41,Credit Card,4.0,Cancelled,DP129,394.84,1265.51,1167.14,98.37
ORD100123,CUST1856,REST081,Food Junction,2025-01-10,Hyderabad,Desserts,2,775.88,10,37.04,65,Debit Card,4.0,Cancelled,DP056,77.59,735.33,448.83,286.5
ORD100124,CUST1838,REST034,Dosa Express,2025-01-29,Hyderabad,Italian,3,239.7,15,85.31,20,Debit Card,4.0,Cancelled,DP056,35.96,289.05,141.74,147.31
ORD100125,CUST1520,REST041,Food Junction,2025-10-31,Bengaluru,Italian,3,1087.31,20,50.53,56,Wallet,4.5,Cancelled,DP204,217.46,920.38,671.91,248.47
ORD100126,CUST1343,REST093,Dragon Bowl,2025-04-26,Mumbai,Indian,2,1761.45,10,29.93,30,UPI,5.0,Delivered,DP061,176.14,1615.24,1322.52,292.72
ORD100127,CUST1128,REST073,Royal Kitchen,2025-09-26,Pune,Fast Food,5,1756.85,0,44.76,59,Credit Card,4.5,Cancelled,DP045,0.0,1801.61,1145.76,655.85
ORD100128,CUST1647,REST013,Royal Kitchen,2025-02-16,Bengaluru,Indian,5,332.46,25,35.92,17,Cash,4.0,Delivered,DP244,83.12,285.26,213.12,72.14
ORD100129,CUST1471,REST070,Food Junction,2025-12-25,Pune,North Indian,3,1415.68,5,34.44,68,Debit Card,5.0,Delivered,DP141,70.78,1379.34,938.41,440.93
ORD100130,CUST1062,REST006,Taste of India,2025-04-01,Pune,Indian,3,1468.76,5,39.02,54,Debit Card,3.0,Delivered,DP142,73.44,1434.34,1020.95,413.39
ORD100131,CUST1138,REST084,Curry Corner,2025-02-22,Pune,Biryani,4,739.49,15,30.38,34,Credit Card,4.5,Delivered,DP138,110.92,658.95,478.75,180.2
ORD100132,CUST1498,REST052,Pizza Point,2025-08-06,Bengaluru,Biryani,5,1226.44,15,71.75,54,Wallet,4.5,Delivered,DP145,183.97,1114.22,946.05,168.17
ORD100133,CUST1592,REST003,Royal Kitchen,2025-12-14,Delhi,South Indian,2,940.11,0,64.3,21,Credit Card,4.0,Cancelled,DP145,0.0,1004.41,546.32,458.09
ORD100134,CUST1391,REST081,Dragon Bowl,2025-03-18,Hyderabad,North Indian,3,502.86,5,70.12,73,Wallet,3.5,Delivered,DP159,25.14,547.84,331.59,216.25
ORD100135,CUST1674,REST063,Curry Corner,2025-07-23,Delhi,Fast Food,3,1398.92,5,44.22,25,Debit Card,5.0,Delivered,DP174,69.95,1373.19,903.07,470.12
ORD100136,CUST1418,REST049,Dosa Express,2025-02-13,Mumbai,Desserts,4,561.42,15,80.43,43,Wallet,4.5,Cancelled,DP049,84.21,557.64,398.23,159.41
ORD100137,CUST1288,REST076,Taste of India,2025-06-05,Bengaluru,North Indian,4,691.95,20,26.02,66,Wallet,3.0,Delivered,DP243,138.39,579.58,533.85,45.73
ORD100138,CUST1378,REST047,Sweet Treats,2025-01-02,Ahmedabad,North Indian,4,439.23,5,63.55,17,Wallet,5.0,Delivered,DP090,21.96,480.82,270.71,210.11
ORD100139,CUST1772,REST055,Dragon Bowl,2025-12-23,Mumbai,Fast Food,1,1328.38,15,38.41,35,Wallet,4.0,Delivered,DP227,199.26,1167.53,1022.49,145.04
ORD100140,CUST1489,REST064,Food Junction,2025-11-09,Hyderabad,North Indian,2,890.66,0,59.85,67,UPI,4.0,Delivered,DP100,0.0,950.51,659.42,291.09
ORD100141,CUST1230,REST065,The Food Factory,2025-02-26,Hyderabad,Fast Food,1,864.87,5,42.51,46,UPI,4.5,Cancelled,DP203,43.24,864.14,636.9,227.24
ORD100142,CUST1040,REST081,Taste of India,2025-10-17,Chennai,Fast Food,3,1135.67,10,82.19,44,UPI,4.5,Delivered,DP208,113.57,1104.29,643.71,460.58
ORD100143,CUST1027,REST067,Royal Kitchen,2025-02-27,Mumbai,Fast Food,4,384.2,25,90.76,53,UPI,4.0,Delivered,DP093,96.05,378.91,294.43,84.48
ORD100144,CUST1134,REST090,Biryani House,2025-09-11,Ahmedabad,North Indian,4,1628.9,0,78.12,25,Credit Card,3.5,Delivered,DP237,0.0,1707.02,1210.2,496.82
ORD100145,CUST1200,REST015,Royal Kitchen,2025-06-29,Delhi,North Indian,4,901.38,25,29.92,31,Cash,4.5,Delivered,DP018,225.34,705.96,637.68,68.28
ORD100146,CUST1839,REST100,Urban Tadka,2025-06-06,Kolkata,Indian,5,735.77,15,38.36,39,Wallet,4.5,Cancelled,DP203,110.37,663.76,426.31,237.45
ORD100147,CUST1779,REST032,Curry Corner,2025-02-04,Ahmedabad,North Indian,2,332.84,5,93.15,64,Credit Card,5.0,Delivered,DP011,16.64,409.35,215.22,194.13
ORD100148,CUST1032,REST096,Taste of India,2025-03-16,Mumbai,Indian,1,402.16,5,52.16,39,UPI,4.5,Delivered,DP201,20.11,434.21,298.91,135.3
ORD100149,CUST1047,REST068,Biryani House,2025-10-16,Bengaluru,South Indian,2,1666.21,20,95.0,23,Wallet,4.5,Delivered,DP250,333.24,1427.97,1084.09,343.88
ORD100150,CUST1502,REST018,Royal Kitchen,2025-03-16,Hyderabad,Italian,4,887.12,15,48.36,59,Cash,3.0,Delivered,DP217,133.07,802.41,576.97,225.44
ORD100151,CUST1406,REST083,Pizza Point,2025-11-25,Hyderabad,Italian,3,1333.27,10,95.9,43,Wallet,5.0,Delivered,DP250,133.33,1295.84,816.13,479.71
ORD100152,CUST1573,REST043,Dosa Express,2025-03-19,Mumbai,South Indian,5,255.27,5,93.69,29,Debit Card,4.0,Delivered,DP183,12.76,336.2,143.4,192.8
ORD100153,CUST1727,REST035,Dosa Express,2025-09-12,Ahmedabad,South Indian,2,1201.02,0,71.14,33,Debit Card,4.5,Delivered,DP096,0.0,1272.16,802.27,469.89
ORD100154,CUST1804,REST078,Food Junction,2025-09-22,Mumbai,Chinese,3,1668.15,0,15.75,29,Credit Card,5.0,Delivered,DP226,0.0,1683.9,1214.63,469.27
ORD100155,CUST1098,REST058,Food Junction,2025-10-31,Pune,Indian,4,623.94,15,49.03,53,Cash,5.0,Delivered,DP131,93.59,579.38,364.13,215.25
ORD100156,CUST1683,REST033,Taste of India,2025-03-08,Mumbai,Fast Food,4,1092.96,5,92.45,49,Credit Card,4.5,Delivered,DP206,54.65,1130.76,825.81,304.95
ORD100157,CUST1871,REST014,Taste of India,2025-08-09,Pune,Desserts,4,1699.57,25,90.23,70,Wallet,4.5,Cancelled,DP240,424.89,1364.91,1151.82,213.09
ORD100158,CUST1725,REST034,Sweet Treats,2025-06-13,Ahmedabad,Chinese,4,1328.46,20,30.93,54,Cash,5.0,Delivered,DP104,265.69,1093.7,978.85,114.85
ORD100159,CUST1546,REST061,Urban Tadka,2025-08-08,Bengaluru,Biryani,5,224.71,20,48.93,27,Credit Card,5.0,Cancelled,DP217,44.94,228.7,158.07,70.63
ORD100160,CUST1738,REST004,Spice Hub,2025-06-21,Bengaluru,Indian,5,756.28,0,86.02,30,Wallet,4.5,Delivered,DP144,0.0,842.3,439.43,402.87
ORD100161,CUST1612,REST088,Pizza Point,2025-09-11,Delhi,North Indian,2,264.1,15,64.12,17,UPI,4.5,Delivered,DP228,39.62,288.6,200.32,88.28
ORD100162,CUST1461,REST059,Food Junction,2025-07-29,Mumbai,South Indian,4,1567.01,15,87.02,67,Wallet,3.5,Delivered,DP137,235.05,1418.98,1120.69,298.29
ORD100163,CUST1642,REST029,Spice Hub,2025-07-07,Ahmedabad,Italian,5,1164.39,15,85.26,45,Credit Card,4.0,Delivered,DP068,174.66,1074.99,649.94,425.05
ORD100164,CUST1768,REST083,Spice Hub,2025-07-10,Ahmedabad,Indian,3,1726.72,10,92.14,69,Cash,4.0,Delivered,DP173,172.67,1646.19,1180.06,466.13
ORD100165,CUST1004,REST006,Dragon Bowl,2025-08-03,Delhi,South Indian,5,153.19,0,24.96,15,Cash,4.0,Delivered,DP002,0.0,178.15,101.17,76.98
ORD100166,CUST1217,REST097,Urban Tadka,2025-03-27,Kolkata,Desserts,5,830.79,20,27.34,49,UPI,4.5,Delivered,DP119,166.16,691.97,621.1,70.87
ORD100167,CUST1502,REST049,The Food Factory,2025-04-16,Ahmedabad,Desserts,2,295.33,15,22.04,30,Credit Card,3.5,Delivered,DP089,44.3,273.07,170.77,102.3
ORD100168,CUST1766,REST040,The Food Factory,2025-11-28,Chennai,Indian,5,708.82,10,94.5,15,UPI,3.0,Cancelled,DP242,70.88,732.44,486.18,246.26
ORD100169,CUST1397,REST083,Food Junction,2025-10-23,Bengaluru,North Indian,3,391.97,15,55.39,64,Debit Card,4.0,Delivered,DP120,58.8,388.56,243.56,145.0
ORD100170,CUST1870,REST065,Royal Kitchen,2025-01-19,Hyderabad,Indian,4,672.37,15,20.47,28,Wallet,4.0,Delivered,DP022,100.86,591.98,407.79,184.19
ORD100171,CUST1794,REST069,Biryani House,2025-02-16,Pune,North Indian,1,1496.36,10,42.33,21,Debit Card,4.0,Delivered,DP121,149.64,1389.05,830.75,558.3
ORD100172,CUST1392,REST027,Royal Kitchen,2025-03-06,Chennai,Indian,2,389.97,0,44.87,37,Debit Card,5.0,Delivered,DP197,0.0,434.84,244.28,190.56
ORD100173,CUST1206,REST080,Urban Tadka,2025-05-26,Hyderabad,Biryani,3,915.76,0,83.81,49,UPI,4.5,Delivered,DP177,0.0,999.57,587.1,412.47
ORD100174,CUST1014,REST006,Urban Tadka,2025-10-13,Chennai,Italian,2,1668.26,20,77.52,43,UPI,4.0,Delivered,DP149,333.65,1412.13,1089.36,322.77
ORD100175,CUST1857,REST013,Curry Corner,2025-03-07,Delhi,Indian,4,1797.95,5,73.6,36,Wallet,3.5,Delivered,DP074,89.9,1781.65,1292.7,488.95
ORD100176,CUST1553,REST064,Spice Hub,2025-01-05,Delhi,South Indian,5,541.08,25,16.86,30,UPI,4.5,Cancelled,DP087,135.27,422.67,347.81,74.86
ORD100177,CUST1891,REST062,Curry Corner,2025-04-03,Pune,Biryani,5,1691.75,15,92.41,43,UPI,4.5,Delivered,DP219,253.76,1530.4,1006.43,523.97
ORD100178,CUST1460,REST099,Royal Kitchen,2025-12-19,Bengaluru,Desserts,3,559.13,0,33.32,20,UPI,4.5,Delivered,DP222,0.0,592.45,358.72,233.73
ORD100179,CUST1690,REST019,Royal Kitchen,2025-04-04,Kolkata,Chinese,4,814.73,20,68.47,32,UPI,4.0,Delivered,DP183,162.95,720.25,461.14,259.11
ORD100180,CUST1574,REST076,Spice Hub,2025-04-16,Ahmedabad,Indian,1,1594.91,5,20.25,43,UPI,3.0,Delivered,DP004,79.75,1535.41,1233.79,301.62
ORD100181,CUST1863,REST080,The Food Factory,2025-05-13,Pune,North Indian,1,1440.78,15,21.93,39,Debit Card,4.0,Delivered,DP058,216.12,1246.59,814.38,432.21
ORD100182,CUST1742,REST043,Food Junction,2025-12-07,Kolkata,Biryani,5,1560.58,25,15.81,59,Debit Card,4.0,Delivered,DP198,390.14,1186.25,930.78,255.47
ORD100183,CUST1240,REST074,Pizza Point,2025-11-10,Hyderabad,Fast Food,4,1464.43,5,63.1,70,Wallet,4.5,Cancelled,DP118,73.22,1454.31,949.61,504.7
ORD100184,CUST1563,REST089,The Food Factory,2025-03-20,Ahmedabad,Chinese,4,514.9,10,68.5,16,Cash,5.0,Delivered,DP187,51.49,531.91,393.74,138.17
ORD100185,CUST1095,REST020,Dragon Bowl,2025-07-31,Chennai,Italian,3,1058.78,25,19.29,58,Wallet,4.0,Delivered,DP026,264.7,813.37,625.85,187.52
ORD100186,CUST1899,REST095,Urban Tadka,2025-01-08,Pune,Indian,1,767.22,20,39.69,46,Credit Card,4.5,Delivered,DP202,153.44,653.47,492.52,160.95
ORD100187,CUST1733,REST068,Pizza Point,2025-06-08,Kolkata,Indian,3,892.31,0,87.37,50,Wallet,5.0,Delivered,DP113,0.0,979.68,693.81,285.87
ORD100188,CUST1484,REST044,Taste of India,2025-09-25,Mumbai,Biryani,2,378.65,0,23.61,46,Wallet,4.5,Delivered,DP197,0.0,402.26,260.69,141.57
ORD100189,CUST1406,REST023,Pizza Point,2025-05-29,Mumbai,Desserts,4,650.49,20,33.41,55,UPI,4.5,Cancelled,DP167,130.1,553.8,449.72,104.08
ORD100190,CUST1230,REST002,Pizza Point,2025-12-16,Bengaluru,Italian,1,1560.85,0,51.07,34,UPI,5.0,Delivered,DP229,0.0,1611.92,1208.18,403.74
ORD100191,CUST1748,REST022,The Food Factory,2025-04-01,Kolkata,Fast Food,3,1627.9,0,86.59,69,UPI,4.0,Cancelled,DP104,0.0,1714.49,1084.84,629.65
ORD100192,CUST1654,REST057,Urban Tadka,2025-08-24,Pune,Chinese,5,1145.06,5,36.66,51,Cash,3.0,Delivered,DP129,57.25,1124.47,630.46,494.01
ORD100193,CUST1170,REST072,Pizza Point,2025-10-16,Hyderabad,South Indian,2,957.09,10,99.76,56,UPI,5.0,Delivered,DP185,95.71,961.14,533.22,427.92
ORD100194,CUST1540,REST007,Dragon Bowl,2025-12-22,Mumbai,Italian,3,1317.57,5,45.2,52,Credit Card,4.5,Delivered,DP098,65.88,1296.89,931.16,365.73
ORD100195,CUST1035,REST078,The Food Factory,2025-06-17,Bengaluru,Indian,5,1142.87,15,47.85,47,Debit Card,4.5,Delivered,DP048,171.43,1019.29,684.18,335.11
ORD100196,CUST1524,REST056,The Food Factory,2025-07-12,Pune,Biryani,1,1772.57,0,25.38,66,Credit Card,5.0,Delivered,DP200,0.0,1797.95,1169.99,627.96
ORD100197,CUST1159,REST067,Pizza Point,2025-07-06,Bengaluru,Fast Food,1,439.35,5,72.82,19,Cash,4.0,Delivered,DP021,21.97,490.2,297.36,192.84
ORD100198,CUST1838,REST016,Spice Hub,2025-09-28,Hyderabad,Biryani,2,874.4,5,35.69,20,UPI,4.5,Delivered,DP159,43.72,866.37,615.13,251.24
ORD100199,CUST1698,REST083,Urban Tadka,2025-04-24,Mumbai,Chinese,5,1662.64,20,68.45,36,Wallet,4.5,Delivered,DP186,332.53,1398.56,946.48,452.08
ORD100200,CUST1242,REST051,Royal Kitchen,2025-01-11,Ahmedabad,North Indian,4,1656.76,25,33.97,35,Debit Card,4.0,Delivered,DP175,414.19,1276.54,1200.84,75.7
ORD100201,CUST1085,REST082,Royal Kitchen,2025-02-24,Mumbai,North Indian,1,952.18,0,47.97,33,Cash,3.5,Cancelled,DP023,0.0,1000.15,725.22,274.93
ORD100202,CUST1795,REST080,Dosa Express,2025-09-15,Mumbai,Italian,4,346.48,0,87.82,57,Credit Card,4.5,Delivered,DP203,0.0,434.3,210.94,223.36
ORD100203,CUST1577,REST072,Dragon Bowl,2025-03-06,Kolkata,Biryani,4,1489.13,0,77.81,29,UPI,3.5,Cancelled,DP208,0.0,1566.94,949.32,617.62
ORD100204,CUST1681,REST097,Royal Kitchen,2025-06-21,Delhi,South Indian,3,1103.08,0,28.14,48,Cash,4.0,Delivered,DP091,0.0,1131.22,795.41,335.81
ORD100205,CUST1556,REST012,Pizza Point,2025-09-29,Kolkata,South Indian,3,1418.92,0,66.66,61,Cash,3.5,Delivered,DP007,0.0,1485.58,861.49,624.09
ORD100206,CUST1573,REST053,Royal Kitchen,2025-05-30,Mumbai,North Indian,1,897.04,25,68.43,21,Wallet,4.5,Cancelled,DP128,224.26,741.21,605.25,135.96
ORD100207,CUST1645,REST075,Curry Corner,2025-12-28,Chennai,North Indian,4,462.52,5,22.7,31,Wallet,5.0,Delivered,DP049,23.13,462.09,324.59,137.5
ORD100208,CUST1795,REST005,Curry Corner,2025-05-26,Delhi,Biryani,3,160.3,15,54.59,58,Wallet,4.5,Delivered,DP216,24.04,190.85,120.58,70.27
ORD100209,CUST1027,REST027,Taste of India,2025-07-28,Ahmedabad,Desserts,5,1059.35,5,37.16,58,Credit Card,4.0,Delivered,DP224,52.97,1043.54,666.79,376.75
ORD100210,CUST1619,REST012,Urban Tadka,2025-10-13,Pune,Indian,5,390.56,25,54.71,19,Wallet,5.0,Delivered,DP099,97.64,347.63,259.06,88.57
ORD100211,CUST1555,REST017,Dragon Bowl,2025-01-10,Kolkata,Biryani,5,434.39,15,81.05,66,Cash,3.0,Delivered,DP031,65.16,450.28,257.36,192.92
ORD100212,CUST1339,REST006,The Food Factory,2025-08-15,Delhi,Fast Food,5,852.99,0,28.45,53,Cash,4.0,Delivered,DP125,0.0,881.44,529.49,351.95
ORD100213,CUST1797,REST097,Sweet Treats,2025-07-05,Delhi,Italian,4,862.69,20,25.48,16,Cash,4.0,Delivered,DP175,172.54,715.63,493.32,222.31
ORD100214,CUST1330,REST005,Food Junction,2025-03-03,Kolkata,Chinese,5,580.97,15,37.89,41,Debit Card,4.0,Delivered,DP093,87.15,531.71,345.94,185.77
ORD100215,CUST1639,REST057,Biryani House,2025-03-26,Kolkata,Desserts,4,341.63,0,95.94,59,Debit Card,4.0,Delivered,DP196,0.0,437.57,215.1,222.47
ORD100216,CUST1505,REST028,Sweet Treats,2025-05-14,Delhi,South Indian,1,1707.52,20,78.57,38,Credit Card,4.0,Delivered,DP035,341.5,1444.59,1105.76,338.83
ORD100217,CUST1347,REST078,Royal Kitchen,2025-11-19,Bengaluru,Desserts,1,341.16,25,16.65,55,Wallet,4.0,Cancelled,DP203,85.29,272.52,243.1,29.42
ORD100218,CUST1472,REST069,Dragon Bowl,2025-10-24,Ahmedabad,Biryani,5,709.3,0,49.09,75,Cash,4.5,Cancelled,DP034,0.0,758.39,464.91,293.48
ORD100219,CUST1230,REST059,Urban Tadka,2025-06-20,Chennai,Fast Food,5,632.18,25,36.88,61,Wallet,4.0,Delivered,DP231,158.04,511.02,354.83,156.19
ORD100220,CUST1189,REST033,Urban Tadka,2025-08-01,Hyderabad,Desserts,5,1575.45,10,69.24,42,Cash,4.5,Cancelled,DP186,157.54,1487.15,1140.34,346.81
ORD100221,CUST1224,REST062,Royal Kitchen,2025-01-18,Mumbai,North Indian,1,808.9,15,54.04,72,Debit Card,4.5,Delivered,DP015,121.34,741.6,544.02,197.58
ORD100222,CUST1384,REST050,Pizza Point,2025-11-10,Ahmedabad,South Indian,3,328.39,15,96.98,61,Cash,3.5,Cancelled,DP078,49.26,376.11,251.57,124.54
ORD100223,CUST1376,REST019,Pizza Point,2025-03-01,Kolkata,Desserts,1,137.24,25,33.61,15,Credit Card,5.0,Delivered,DP085,34.31,136.54,95.53,41.01
ORD100224,CUST1282,REST086,Sweet Treats,2025-03-29,Delhi,South Indian,5,1332.88,20,64.97,67,UPI,4.0,Cancelled,DP071,266.58,1131.27,896.77,234.5
ORD100225,CUST1632,REST069,The Food Factory,2025-01-27,Hyderabad,Chinese,3,1320.36,10,74.52,66,Cash,3.5,Delivered,DP081,132.04,1262.84,815.61,447.23
ORD100226,CUST1627,REST066,Taste of India,2025-03-09,Kolkata,South Indian,3,821.88,10,85.17,35,Credit Card,3.5,Delivered,DP170,82.19,824.86,496.73,328.13
ORD100227,CUST1744,REST094,Pizza Point,2025-10-05,Bengaluru,Desserts,2,332.2,0,49.59,71,Debit Card,4.5,Delivered,DP146,0.0,381.79,200.29,181.5
ORD100228,CUST1258,REST047,Biryani House,2025-02-09,Hyderabad,Fast Food,4,744.34,20,73.39,42,Debit Card,4.5,Delivered,DP206,148.87,668.86,479.09,189.77
ORD100229,CUST1358,REST039,Dragon Bowl,2025-04-19,Delhi,South Indian,5,1111.0,5,40.77,17,UPI,4.5,Delivered,DP038,55.55,1096.22,654.84,441.38
ORD100230,CUST1709,REST068,Biryani House,2025-03-15,Ahmedabad,South Indian,4,1302.62,10,52.02,44,Wallet,4.0,Delivered,DP064,130.26,1224.38,969.37,255.01
ORD100231,CUST1455,REST033,Taste of India,2025-03-07,Pune,Biryani,2,251.44,25,91.13,15,Wallet,4.0,Delivered,DP029,62.86,279.71,184.86,94.85
ORD100232,CUST1410,REST013,Spice Hub,2025-06-17,Ahmedabad,Biryani,4,1054.6,15,95.74,73,Cash,4.5,Cancelled,DP118,158.19,992.15,756.82,235.33
ORD100233,CUST1648,REST084,Spice Hub,2025-09-19,Ahmedabad,North Indian,5,583.89,10,76.1,65,Debit Card,5.0,Cancelled,DP115,58.39,601.6,327.69,273.91
ORD100234,CUST1317,REST054,Urban Tadka,2025-10-01,Chennai,Italian,2,1157.01,25,46.82,66,Credit Card,4.5,Delivered,DP010,289.25,914.58,655.49,259.09
ORD100235,CUST1676,REST007,Pizza Point,2025-12-03,Hyderabad,Indian,4,1208.88,0,84.7,59,UPI,4.0,Delivered,DP017,0.0,1293.58,841.84,451.74
ORD100236,CUST1224,REST079,Curry Corner,2025-12-24,Kolkata,Fast Food,1,1649.81,0,17.2,61,Wallet,3.0,Delivered,DP160,0.0,1667.01,1191.6,475.41
ORD100237,CUST1818,REST087,Sweet Treats,2025-08-25,Delhi,Indian,3,809.44,15,23.73,59,Cash,3.5,Cancelled,DP189,121.42,711.75,450.17,261.58
ORD100238,CUST1233,REST014,Dosa Express,2025-08-03,Kolkata,Indian,2,1023.15,15,71.22,32,Cash,4.5,Delivered,DP115,153.47,940.9,631.09,309.81
ORD100239,CUST1683,REST087,Taste of India,2025-10-13,Delhi,South Indian,1,570.6,15,39.76,63,Debit Card,3.5,Delivered,DP084,85.59,524.77,331.72,193.05
ORD100240,CUST1663,REST019,Urban Tadka,2025-05-29,Mumbai,Desserts,5,601.42,5,95.87,47,Credit Card,4.5,Delivered,DP081,30.07,667.22,362.77,304.45
ORD100241,CUST1826,REST054,Curry Corner,2025-11-14,Pune,North Indian,3,197.34,15,52.07,29,Credit Card,4.5,Delivered,DP174,29.6,219.81,132.07,87.74
ORD100242,CUST1373,REST093,Pizza Point,2025-04-17,Mumbai,Chinese,2,600.6,20,51.5,38,Wallet,4.0,Cancelled,DP071,120.12,531.98,345.42,186.56
ORD100243,CUST1671,REST020,Royal Kitchen,2025-05-21,Ahmedabad,Desserts,3,227.23,0,72.64,50,Cash,4.5,Delivered,DP115,0.0,299.87,136.99,162.88
ORD100244,CUST1607,REST029,Curry Corner,2025-03-17,Pune,Desserts,2,1739.38,0,80.24,74,Debit Card,4.5,Delivered,DP056,0.0,1819.62,1182.65,636.97
ORD100245,CUST1471,REST024,Curry Corner,2025-01-09,Chennai,Chinese,2,1168.76,10,55.42,48,Credit Card,4.0,Cancelled,DP061,116.88,1107.3,779.41,327.89
ORD100246,CUST1232,REST082,Royal Kitchen,2025-07-15,Mumbai,South Indian,4,410.89,15,33.19,40,Cash,5.0,Delivered,DP103,61.63,382.45,307.04,75.41
ORD100247,CUST1691,REST063,Taste of India,2025-10-22,Chennai,North Indian,3,316.17,5,80.73,65,Credit Card,4.5,Delivered,DP044,15.81,381.09,184.84,196.25
ORD100248,CUST1112,REST074,Urban Tadka,2025-10-07,Kolkata,Fast Food,3,741.81,20,42.23,54,UPI,4.0,Delivered,DP222,148.36,635.68,471.1,164.58
ORD100249,CUST1829,REST057,The Food Factory,2025-04-28,Ahmedabad,Indian,1,636.85,0,29.88,36,Credit Card,5.0,Cancelled,DP166,0.0,666.73,485.66,181.07
ORD100250,CUST1496,REST008,Biryani House,2025-10-17,Bengaluru,Italian,5,589.15,10,68.69,30,Credit Card,4.5,Delivered,DP104,58.92,598.92,431.87,167.05
ORD100251,CUST1441,REST090,Sweet Treats,2025-03-02,Bengaluru,North Indian,1,906.57,20,22.69,54,Cash,4.5,Delivered,DP233,181.31,747.95,623.17,124.78
ORD100252,CUST1563,REST062,Urban Tadka,2025-12-01,Pune,Indian,4,1653.63,25,97.56,56,Credit Card,4.5,Cancelled,DP178,413.41,1337.78,1201.97,135.81
ORD100253,CUST1267,REST029,Royal Kitchen,2025-11-02,Pune,Chinese,2,1074.32,5,68.75,30,Credit Card,4.0,Delivered,DP074,53.72,1089.35,701.67,387.68
ORD100254,CUST1509,REST074,Dosa Express,2025-02-20,Mumbai,Indian,4,995.67,15,98.8,19,UPI,4.0,Delivered,DP032,149.35,945.12,756.17,188.95
ORD100255,CUST1806,REST017,Curry Corner,2025-02-21,Bengaluru,Biryani,4,1475.0,5,43.81,65,Credit Card,4.5,Delivered,DP121,73.75,1445.06,1014.68,430.38
ORD100256,CUST1385,REST066,The Food Factory,2025-05-02,Hyderabad,Biryani,1,126.76,0,97.55,20,Credit Card,3.5,Delivered,DP090,0.0,224.31,90.0,134.31
ORD100257,CUST1386,REST006,Royal Kitchen,2025-06-16,Hyderabad,Italian,2,451.61,20,27.37,56,Cash,5.0,Delivered,DP053,90.32,388.66,316.11,72.55
ORD100258,CUST1112,REST058,Taste of India,2025-01-08,Kolkata,Fast Food,5,953.59,5,18.46,38,Debit Card,4.0,Delivered,DP176,47.68,924.37,672.03,252.34
ORD100259,CUST1612,REST069,Food Junction,2025-02-14,Hyderabad,Indian,4,1304.92,25,17.8,44,UPI,4.5,Delivered,DP209,326.23,996.49,910.11,86.38
ORD100260,CUST1624,REST028,Royal Kitchen,2025-12-10,Kolkata,Biryani,5,934.85,0,54.51,51,Credit Card,4.5,Delivered,DP001,0.0,989.36,530.03,459.33
ORD100261,CUST1080,REST062,Sweet Treats,2025-09-02,Bengaluru,Fast Food,2,395.04,0,22.06,46,Debit Card,4.5,Delivered,DP103,0.0,417.1,272.14,144.96
ORD100262,CUST1698,REST041,Sweet Treats,2025-10-11,Hyderabad,North Indian,2,1682.37,20,58.53,67,Cash,4.5,Delivered,DP118,336.47,1404.43,1228.44,175.99
ORD100263,CUST1112,REST069,Biryani House,2025-04-17,Chennai,North Indian,1,672.16,0,42.84,33,UPI,4.5,Delivered,DP218,0.0,715.0,369.75,345.25
ORD100264,CUST1001,REST082,Food Junction,2025-01-27,Delhi,Biryani,3,1444.2,20,43.53,65,Cash,4.0,Delivered,DP030,288.84,1198.89,1090.49,108.4
ORD100265,CUST1641,REST090,Royal Kitchen,2025-07-12,Pune,Fast Food,1,1617.57,5,69.03,59,Debit Card,3.0,Delivered,DP009,80.88,1605.72,1243.93,361.79
ORD100266,CUST1219,REST084,Dragon Bowl,2025-12-03,Ahmedabad,Fast Food,5,702.03,25,28.86,42,UPI,5.0,Delivered,DP108,175.51,555.38,406.81,148.57
ORD100267,CUST1565,REST041,Pizza Point,2025-12-23,Mumbai,Biryani,1,1540.12,15,80.16,61,Credit Card,5.0,Delivered,DP033,231.02,1389.26,1036.6,352.66
ORD100268,CUST1854,REST049,Food Junction,2025-03-03,Kolkata,South Indian,2,1314.1,0,64.47,22,Debit Card,3.5,Cancelled,DP026,0.0,1378.57,756.18,622.39
ORD100269,CUST1735,REST091,Curry Corner,2025-03-03,Chennai,Chinese,4,1639.19,0,92.77,57,Cash,4.0,Delivered,DP042,0.0,1731.96,1008.25,723.71
ORD100270,CUST1224,REST049,Curry Corner,2025-10-09,Hyderabad,Fast Food,3,542.2,5,46.01,15,UPI,4.0,Delivered,DP202,27.11,561.1,375.71,185.39
ORD100271,CUST1384,REST076,Curry Corner,2025-05-01,Ahmedabad,North Indian,2,1684.55,15,98.53,18,Debit Card,5.0,Delivered,DP042,252.68,1530.4,1043.84,486.56
ORD100272,CUST1402,REST071,Curry Corner,2025-10-07,Ahmedabad,South Indian,4,229.71,0,63.95,71,Debit Card,4.0,Delivered,DP096,0.0,293.66,145.65,148.01
ORD100273,CUST1637,REST003,Urban Tadka,2025-02-08,Delhi,Indian,5,1453.37,25,97.74,36,Cash,3.5,Delivered,DP039,363.34,1187.77,1048.77,139.0
ORD100274,CUST1129,REST010,Sweet Treats,2025-10-04,Mumbai,South Indian,5,851.92,0,17.3,36,Cash,3.5,Delivered,DP061,0.0,869.22,581.22,288.0
ORD100275,CUST1052,REST098,Food Junction,2025-04-04,Chennai,Biryani,5,418.86,5,76.88,44,Credit Card,4.5,Delivered,DP248,20.94,474.8,280.28,194.52
ORD100276,CUST1683,REST089,Sweet Treats,2025-04-25,Mumbai,South Indian,1,253.4,5,84.41,72,Credit Card,5.0,Delivered,DP047,12.67,325.14,158.26,166.88
ORD100277,CUST1729,REST035,Dosa Express,2025-06-25,Kolkata,Chinese,5,774.44,10,19.52,41,Debit Card,4.0,Delivered,DP170,77.44,716.52,551.37,165.15
ORD100278,CUST1671,REST080,Food Junction,2025-05-01,Kolkata,Biryani,5,774.06,10,64.21,41,Cash,3.5,Delivered,DP048,77.41,760.86,501.21,259.65
ORD100279,CUST1709,REST002,Urban Tadka,2025-01-13,Pune,Italian,1,506.33,10,83.17,27,Debit Card,4.5,Delivered,DP240,50.63,538.87,383.15,155.72
ORD100280,CUST1415,REST024,Dosa Express,2025-06-12,Bengaluru,Indian,4,482.07,20,62.69,53,Wallet,4.0,Delivered,DP180,96.41,448.35,331.84,116.51
ORD100281,CUST1246,REST074,Sweet Treats,2025-10-02,Kolkata,North Indian,2,791.18,15,20.42,41,Cash,3.0,Delivered,DP161,118.68,692.92,533.11,159.81
ORD100282,CUST1835,REST038,Dosa Express,2025-06-25,Hyderabad,Italian,3,808.99,5,73.94,53,Wallet,5.0,Delivered,DP155,40.45,842.48,594.38,248.1
ORD100283,CUST1438,REST022,Biryani House,2025-12-03,Ahmedabad,South Indian,5,863.17,10,20.15,52,Wallet,5.0,Cancelled,DP171,86.32,797.0,571.12,225.88
ORD100284,CUST1202,REST026,Royal Kitchen,2025-11-20,Chennai,Fast Food,5,1579.52,5,84.48,71,Cash,5.0,Delivered,DP157,78.98,1585.02,970.2,614.82
ORD100285,CUST1183,REST043,Dosa Express,2025-06-22,Chennai,South Indian,5,1146.91,0,18.66,22,Credit Card,4.0,Delivered,DP147,0.0,1165.57,671.71,493.86
ORD100286,CUST1122,REST055,Food Junction,2025-10-02,Delhi,Desserts,1,154.33,10,26.68,26,Debit Card,4.0,Cancelled,DP210,15.43,165.58,104.82,60.76
ORD100287,CUST1400,REST039,Curry Corner,2025-03-05,Ahmedabad,North Indian,1,992.09,5,38.38,38,UPI,4.5,Delivered,DP128,49.6,980.87,642.59,338.28
ORD100288,CUST1766,REST091,Curry Corner,2025-04-11,Delhi,North Indian,1,1400.92,15,68.84,32,UPI,3.5,Delivered,DP099,210.14,1259.62,898.55,361.07
ORD100289,CUST1293,REST029,Dragon Bowl,2025-11-18,Delhi,Desserts,3,214.78,20,97.99,69,Cash,4.0,Delivered,DP111,42.96,269.81,135.39,134.42
ORD100290,CUST1279,REST020,Pizza Point,2025-03-07,Ahmedabad,Fast Food,2,829.98,25,25.01,29,Credit Card,4.0,Cancelled,DP028,207.5,647.49,584.7,62.79
ORD100291,CUST1836,REST091,Sweet Treats,2025-11-27,Mumbai,Italian,5,878.03,15,27.13,74,Credit Card,5.0,Delivered,DP230,131.7,773.46,587.73,185.73
ORD100292,CUST1883,REST041,Biryani House,2025-02-14,Hyderabad,Italian,4,1722.75,15,46.35,30,Credit Card,4.5,Delivered,DP010,258.41,1510.69,1160.38,350.31
ORD100293,CUST1609,REST054,Food Junction,2025-03-28,Mumbai,Fast Food,5,919.15,25,86.08,47,UPI,3.5,Delivered,DP195,229.79,775.44,570.67,204.77
ORD100294,CUST1197,REST020,Food Junction,2025-03-08,Hyderabad,Chinese,5,1379.83,10,54.71,24,Wallet,3.5,Delivered,DP106,137.98,1296.56,953.66,342.9
ORD100295,CUST1510,REST019,Royal Kitchen,2025-09-16,Chennai,Desserts,5,628.88,15,42.34,61,UPI,5.0,Cancelled,DP221,94.33,576.89,404.25,172.64
ORD100296,CUST1751,REST084,Taste of India,2025-07-24,Kolkata,Indian,5,1429.24,20,62.7,38,Credit Card,5.0,Delivered,DP144,285.85,1206.09,1039.03,167.06
ORD100297,CUST1143,REST099,Dragon Bowl,2025-06-27,Kolkata,Biryani,2,662.07,0,37.14,59,UPI,4.5,Delivered,DP100,0.0,699.21,444.77,254.44
ORD100298,CUST1608,REST066,Spice Hub,2025-10-07,Mumbai,Desserts,4,842.44,20,49.1,33,UPI,3.5,Delivered,DP001,168.49,723.05,519.43,203.62
ORD100299,CUST1200,REST030,Sweet Treats,2025-12-10,Mumbai,Italian,1,925.53,0,43.27,41,Debit Card,4.5,Delivered,DP118,0.0,968.8,540.49,428.31
ORD100300,CUST1123,REST053,Food Junction,2025-01-17,Mumbai,Indian,4,1676.29,20,83.35,59,Cash,4.5,Delivered,DP082,335.26,1424.38,1191.82,232.56
ORD100301,CUST1186,REST034,The Food Factory,2025-10-23,Bengaluru,Biryani,5,209.8,5,93.56,55,Wallet,5.0,Delivered,DP132,10.49,292.87,133.3,159.57
ORD100302,CUST1325,REST022,Food Junction,2025-07-21,Pune,South Indian,4,450.74,0,79.56,45,Debit Card,3.5,Cancelled,DP197,0.0,530.3,254.7,275.6
ORD100303,CUST1463,REST067,Taste of India,2025-06-21,Ahmedabad,Biryani,5,1305.65,10,52.32,35,Cash,4.5,Cancelled,DP213,130.56,1227.41,992.86,234.55
ORD100304,CUST1348,REST006,Dosa Express,2025-09-19,Hyderabad,Italian,4,1090.33,5,57.87,30,Credit Card,3.5,Delivered,DP132,54.52,1093.68,696.64,397.04
ORD100305,CUST1770,REST079,Urban Tadka,2025-07-13,Kolkata,Chinese,3,542.57,25,25.63,37,Debit Card,4.0,Delivered,DP115,135.64,432.56,391.5,41.06
ORD100306,CUST1659,REST027,Dragon Bowl,2025-05-29,Hyderabad,Chinese,4,605.86,20,78.48,28,Cash,4.0,Delivered,DP148,121.17,563.17,397.17,166.0
ORD100307,CUST1763,REST010,Urban Tadka,2025-02-04,Mumbai,Indian,1,737.08,5,65.7,37,Debit Card,5.0,Delivered,DP063,36.85,765.93,556.43,209.5
ORD100308,CUST1402,REST073,Royal Kitchen,2025-01-29,Bengaluru,South Indian,1,876.58,15,91.71,55,UPI,4.0,Cancelled,DP211,131.49,836.8,487.98,348.82
ORD100309,CUST1345,REST097,The Food Factory,2025-09-20,Mumbai,Indian,4,1494.29,5,32.05,32,UPI,4.0,Cancelled,DP035,74.71,1451.63,911.01,540.62
ORD100310,CUST1510,REST096,The Food Factory,2025-08-09,Hyderabad,Fast Food,4,143.21,5,79.58,50,Debit Card,4.0,Delivered,DP116,7.16,215.63,96.74,118.89
ORD100311,CUST1146,REST048,Dragon Bowl,2025-02-22,Pune,Chinese,2,1628.67,20,73.2,26,Debit Card,5.0,Delivered,DP045,325.73,1376.14,1016.85,359.29
ORD100312,CUST1147,REST070,Dragon Bowl,2025-10-06,Kolkata,Indian,4,813.89,0,37.6,70,Wallet,4.5,Delivered,DP057,0.0,851.49,586.67,264.82
ORD100313,CUST1863,REST059,Pizza Point,2025-12-19,Pune,Fast Food,1,507.24,25,71.73,51,Credit Card,3.0,Cancelled,DP121,126.81,452.16,359.3,92.86
ORD100314,CUST1710,REST100,Royal Kitchen,2025-03-17,Ahmedabad,South Indian,3,974.13,20,93.57,25,UPI,3.0,Cancelled,DP152,194.83,872.87,541.49,331.38
ORD100315,CUST1819,REST059,Dragon Bowl,2025-06-25,Chennai,North Indian,1,1228.25,10,93.07,19,Debit Card,4.5,Delivered,DP020,122.82,1198.5,845.18,353.32
ORD100316,CUST1488,REST002,Urban Tadka,2025-01-10,Bengaluru,Biryani,2,195.18,25,76.17,65,Cash,4.0,Delivered,DP242,48.8,222.55,144.87,77.68
ORD100317,CUST1639,REST029,Dosa Express,2025-04-27,Pune,Indian,4,1322.51,0,19.09,35,Credit Card,4.0,Delivered,DP156,0.0,1341.6,823.39,518.21
ORD100318,CUST1550,REST068,Urban Tadka,2025-10-07,Bengaluru,Fast Food,3,1398.08,15,89.14,46,Cash,4.5,Delivered,DP249,209.71,1277.51,813.76,463.75
ORD100319,CUST1337,REST065,Spice Hub,2025-08-06,Mumbai,Chinese,1,399.19,0,70.91,43,Credit Card,3.5,Cancelled,DP166,0.0,470.1,287.34,182.76
ORD100320,CUST1871,REST083,Sweet Treats,2025-06-24,Chennai,Desserts,3,402.04,0,41.39,21,Cash,5.0,Delivered,DP152,0.0,443.43,304.38,139.05
ORD100321,CUST1640,REST026,Urban Tadka,2025-08-22,Hyderabad,Biryani,5,462.36,0,30.92,50,UPI,3.0,Cancelled,DP212,0.0,493.28,324.16,169.12
ORD100322,CUST1778,REST089,Royal Kitchen,2025-09-09,Pune,Indian,1,1458.34,25,24.88,54,Debit Card,3.5,Delivered,DP024,364.58,1118.64,1085.87,32.77
ORD100323,CUST1472,REST010,Curry Corner,2025-10-22,Pune,Chinese,5,576.97,0,19.27,41,Debit Card,4.0,Delivered,DP070,0.0,596.24,449.86,146.38
ORD100324,CUST1150,REST053,Pizza Point,2025-11-18,Delhi,North Indian,3,1457.17,15,79.1,20,Wallet,4.5,Cancelled,DP102,218.58,1317.69,968.81,348.88
ORD100325,CUST1414,REST079,Taste of India,2025-01-06,Kolkata,Biryani,4,1028.08,10,35.05,52,Debit Card,4.0,Cancelled,DP127,102.81,960.32,786.6,173.72
ORD100326,CUST1297,REST059,The Food Factory,2025-01-21,Hyderabad,Italian,4,1408.85,0,17.06,68,UPI,4.5,Delivered,DP118,0.0,1425.91,886.45,539.46
ORD100327,CUST1610,REST022,Royal Kitchen,2025-03-14,Pune,Chinese,4,1050.17,0,48.77,18,Credit Card,4.0,Delivered,DP025,0.0,1098.94,757.7,341.24
ORD100328,CUST1262,REST051,Spice Hub,2025-11-26,Pune,Italian,5,684.09,0,56.02,60,Credit Card,3.0,Delivered,DP224,0.0,740.11,518.09,222.02
ORD100329,CUST1763,REST048,The Food Factory,2025-02-05,Hyderabad,South Indian,4,1650.0,15,29.38,49,Debit Card,5.0,Delivered,DP209,247.5,1431.88,1105.17,326.71
ORD100330,CUST1143,REST021,Royal Kitchen,2025-08-21,Chennai,Indian,2,1321.7,0,18.74,24,Cash,5.0,Delivered,DP081,0.0,1340.44,917.38,423.06
ORD100331,CUST1345,REST022,Pizza Point,2025-08-04,Bengaluru,North Indian,1,933.21,0,31.08,68,Debit Card,4.5,Delivered,DP197,0.0,964.29,721.57,242.72
ORD100332,CUST1623,REST100,Food Junction,2025-07-25,Hyderabad,Fast Food,1,1190.88,5,72.72,52,Credit Card,5.0,Delivered,DP017,59.54,1204.06,723.78,480.28
ORD100333,CUST1571,REST098,Dragon Bowl,2025-02-13,Bengaluru,Indian,3,1154.62,5,21.99,64,Wallet,3.5,Delivered,DP058,57.73,1118.88,729.58,389.3
ORD100334,CUST1880,REST030,Spice Hub,2025-04-01,Chennai,Chinese,5,721.64,5,62.18,44,Credit Card,4.0,Delivered,DP201,36.08,747.74,525.08,222.66
ORD100335,CUST1001,REST025,Dragon Bowl,2025-11-12,Chennai,Italian,1,831.94,5,27.45,56,Cash,4.0,Delivered,DP148,41.6,817.79,522.81,294.98
ORD100336,CUST1896,REST028,Biryani House,2025-04-03,Ahmedabad,Desserts,5,654.67,0,31.63,23,Cash,5.0,Cancelled,DP002,0.0,686.3,435.47,250.83
ORD100337,CUST1303,REST065,Spice Hub,2025-12-05,Mumbai,Italian,3,1799.19,25,48.41,30,Wallet,4.5,Delivered,DP083,449.8,1397.8,1010.43,387.37
ORD100338,CUST1253,REST045,Pizza Point,2025-03-24,Delhi,Biryani,4,1094.51,5,23.57,66,Cash,3.0,Cancelled,DP009,54.73,1063.35,744.33,319.02
ORD100339,CUST1651,REST068,Taste of India,2025-11-29,Chennai,Indian,3,274.65,0,29.72,18,Debit Card,4.0,Delivered,DP191,0.0,304.37,190.65,113.72
ORD100340,CUST1452,REST007,Spice Hub,2025-10-09,Ahmedabad,Indian,2,992.1,25,44.66,40,Debit Card,3.0,Delivered,DP123,248.02,788.74,564.5,224.24
ORD100341,CUST1036,REST049,Pizza Point,2025-01-21,Ahmedabad,Chinese,4,203.94,10,43.02,43,Credit Card,4.0,Delivered,DP104,20.39,226.57,123.61,102.96
ORD100342,CUST1159,REST009,Dosa Express,2025-08-16,Ahmedabad,Desserts,4,604.94,5,78.69,42,UPI,4.0,Cancelled,DP083,30.25,653.38,392.99,260.39
ORD100343,CUST1008,REST036,Sweet Treats,2025-05-10,Chennai,Italian,4,869.21,15,21.36,25,Debit Card,4.0,Delivered,DP109,130.38,760.19,634.25,125.94
ORD100344,CUST1232,REST083,Urban Tadka,2025-06-24,Bengaluru,Chinese,3,1017.57,10,88.14,42,Debit Card,3.0,Delivered,DP120,101.76,1003.95,564.73,439.22
ORD100345,CUST1098,REST001,Dosa Express,2025-04-18,Chennai,Chinese,2,1759.98,20,84.38,58,Wallet,3.5,Cancelled,DP196,352.0,1492.36,1102.12,390.24
ORD100346,CUST1658,REST010,Pizza Point,2025-10-10,Hyderabad,South Indian,5,1770.13,20,80.11,46,Debit Card,4.5,Cancelled,DP134,354.03,1496.21,975.56,520.65
ORD100347,CUST1815,REST036,Curry Corner,2025-03-12,Mumbai,Italian,3,284.76,0,41.3,38,Credit Card,4.5,Delivered,DP228,0.0,326.06,190.76,135.3
ORD100348,CUST1207,REST073,Food Junction,2025-02-19,Mumbai,Chinese,1,1024.06,10,84.94,65,Wallet,4.0,Delivered,DP011,102.41,1006.59,680.71,325.88
ORD100349,CUST1130,REST046,Urban Tadka,2025-04-05,Hyderabad,Italian,1,1492.74,10,30.54,56,Debit Card,4.5,Delivered,DP149,149.27,1374.01,1080.35,293.66
ORD100350,CUST1403,REST032,Curry Corner,2025-10-06,Pune,Chinese,3,519.36,0,25.57,53,Credit Card,3.5,Delivered,DP106,0.0,544.93,286.12,258.81
ORD100351,CUST1151,REST032,Taste of India,2025-12-03,Chennai,Desserts,5,1380.95,20,18.82,21,Wallet,3.5,Delivered,DP191,276.19,1123.58,1000.5,123.08
ORD100352,CUST1053,REST006,The Food Factory,2025-05-12,Kolkata,Fast Food,1,1596.08,5,94.84,32,UPI,5.0,Delivered,DP240,79.8,1611.12,1205.01,406.11
ORD100353,CUST1119,REST048,Biryani House,2025-10-03,Delhi,Desserts,5,1232.98,0,41.18,17,Credit Card,4.0,Cancelled,DP217,0.0,1274.16,768.15,506.01
ORD100354,CUST1672,REST038,Urban Tadka,2025-01-13,Ahmedabad,Desserts,4,670.54,15,93.0,58,Debit Card,4.0,Delivered,DP128,100.58,662.96,420.26,242.7
ORD100355,CUST1627,REST017,Dosa Express,2025-01-03,Chennai,Chinese,3,1670.86,0,38.17,60,Wallet,5.0,Cancelled,DP030,0.0,1709.03,919.38,789.65
ORD100356,CUST1586,REST074,Food Junction,2025-08-12,Mumbai,Desserts,4,1604.31,0,92.14,34,UPI,4.0,Cancelled,DP082,0.0,1696.45,1040.71,655.74
ORD100357,CUST1624,REST027,Royal Kitchen,2025-06-24,Delhi,Desserts,1,1322.59,20,91.83,48,Credit Card,3.0,Cancelled,DP217,264.52,1149.9,913.9,236.0
ORD100358,CUST1419,REST054,Curry Corner,2025-03-31,Kolkata,Desserts,5,730.96,0,93.51,44,UPI,5.0,Delivered,DP115,0.0,824.47,422.66,401.81
ORD100359,CUST1421,REST050,Pizza Point,2025-08-29,Pune,Chinese,4,1450.39,20,57.17,23,Credit Card,3.0,Delivered,DP149,290.08,1217.48,1016.94,200.54
ORD100360,CUST1103,REST035,Urban Tadka,2025-02-04,Bengaluru,North Indian,1,651.06,20,88.61,24,Debit Card,4.5,Delivered,DP151,130.21,609.46,412.85,196.61
ORD100361,CUST1851,REST085,The Food Factory,2025-01-14,Bengaluru,Fast Food,2,544.96,10,95.82,73,Credit Card,4.0,Cancelled,DP061,54.5,586.28,384.08,202.2
ORD100362,CUST1253,REST025,Dragon Bowl,2025-07-14,Kolkata,Indian,4,985.22,5,42.59,20,Debit Card,4.0,Delivered,DP158,49.26,978.55,598.77,379.78
ORD100363,CUST1226,REST028,Pizza Point,2025-11-02,Chennai,Italian,2,1795.19,5,50.6,31,Credit Card,4.5,Cancelled,DP236,89.76,1756.03,1307.2,448.83
ORD100364,CUST1111,REST015,Curry Corner,2025-11-30,Chennai,North Indian,2,1471.26,20,76.14,29,Wallet,4.0,Delivered,DP174,294.25,1253.15,994.92,258.23
ORD100365,CUST1509,REST004,Dragon Bowl,2025-08-01,Delhi,Biryani,1,1346.05,20,40.53,47,Credit Card,4.5,Delivered,DP188,269.21,1117.37,905.4,211.97
ORD100366,CUST1472,REST093,Food Junction,2025-01-03,Delhi,Fast Food,3,879.38,0,79.07,70,Credit Card,5.0,Delivered,DP018,0.0,958.45,582.39,376.06
ORD100367,CUST1098,REST073,Spice Hub,2025-06-28,Pune,North Indian,5,644.08,15,21.28,73,Cash,3.5,Delivered,DP062,96.61,568.75,478.97,89.78
ORD100368,CUST1152,REST027,The Food Factory,2025-02-09,Chennai,Desserts,1,1557.91,0,59.5,68,Cash,5.0,Delivered,DP244,0.0,1617.41,1055.45,561.96
ORD100369,CUST1860,REST026,Pizza Point,2025-06-13,Mumbai,Indian,4,1073.79,20,25.4,27,Credit Card,3.5,Delivered,DP225,214.76,884.43,630.0,254.43
ORD100370,CUST1895,REST019,The Food Factory,2025-11-03,Bengaluru,Chinese,5,1486.27,20,39.93,56,Cash,3.5,Delivered,DP173,297.25,1228.95,1031.38,197.57
ORD100371,CUST1877,REST092,Taste of India,2025-08-23,Pune,South Indian,3,939.43,0,36.98,58,Debit Card,5.0,Delivered,DP061,0.0,976.41,627.76,348.65
ORD100372,CUST1337,REST017,Dragon Bowl,2025-09-14,Ahmedabad,Indian,1,1386.65,0,86.31,69,Cash,4.5,Delivered,DP059,0.0,1472.96,784.64,688.32
ORD100373,CUST1705,REST043,Royal Kitchen,2025-12-26,Delhi,Fast Food,3,1577.8,15,31.45,36,Credit Card,3.5,Delivered,DP163,236.67,1372.58,1078.66,293.92
ORD100374,CUST1821,REST041,Pizza Point,2025-04-26,Ahmedabad,South Indian,4,777.54,15,83.72,30,UPI,4.5,Delivered,DP110,116.63,744.63,441.84,302.79
ORD100375,CUST1162,REST042,Urban Tadka,2025-02-21,Mumbai,Chinese,1,142.8,0,82.49,48,UPI,4.0,Delivered,DP150,0.0,225.29,102.35,122.94
ORD100376,CUST1719,REST050,Royal Kitchen,2025-05-22,Chennai,Indian,4,548.28,20,57.41,17,Credit Card,4.0,Delivered,DP114,109.66,496.03,384.12,111.91
ORD100377,CUST1680,REST084,Spice Hub,2025-03-27,Hyderabad,Biryani,5,1657.06,20,34.88,22,Credit Card,4.5,Cancelled,DP152,331.41,1360.53,1099.37,261.16
ORD100378,CUST1160,REST040,Spice Hub,2025-02-15,Delhi,Italian,5,1275.07,0,34.29,34,UPI,5.0,Delivered,DP215,0.0,1309.36,920.88,388.48
ORD100379,CUST1579,REST039,Biryani House,2025-11-28,Pune,Italian,3,1358.53,20,54.52,75,Wallet,3.0,Delivered,DP051,271.71,1141.34,834.91,306.43
ORD100380,CUST1800,REST023,The Food Factory,2025-08-26,Hyderabad,Fast Food,3,666.48,15,15.75,61,Cash,4.0,Delivered,DP065,99.97,582.26,435.0,147.26
ORD100381,CUST1397,REST096,Dosa Express,2025-01-10,Mumbai,North Indian,5,1298.14,0,60.16,38,Wallet,3.5,Delivered,DP143,0.0,1358.3,718.54,639.76
ORD100382,CUST1276,REST052,Spice Hub,2025-06-01,Ahmedabad,Chinese,2,1205.75,15,95.99,65,Debit Card,3.5,Delivered,DP112,180.86,1120.88,937.24,183.64
ORD100383,CUST1815,REST047,Royal Kitchen,2025-03-02,Kolkata,Chinese,5,419.67,20,28.15,32,UPI,5.0,Delivered,DP156,83.93,363.89,236.25,127.64
ORD100384,CUST1503,REST063,Spice Hub,2025-01-18,Bengaluru,Italian,1,1747.4,20,63.73,37,UPI,5.0,Delivered,DP042,349.48,1461.65,1003.05,458.6
ORD100385,CUST1895,REST097,Taste of India,2025-03-27,Kolkata,Indian,4,714.76,10,96.75,15,Wallet,4.5,Delivered,DP148,71.48,740.03,474.47,265.56
ORD100386,CUST1391,REST069,Sweet Treats,2025-05-17,Kolkata,Chinese,5,673.2,0,88.14,73,Debit Card,4.5,Delivered,DP228,0.0,761.34,428.46,332.88
ORD100387,CUST1134,REST043,Taste of India,2025-08-18,Kolkata,Biryani,5,740.19,0,87.28,65,Wallet,5.0,Delivered,DP043,0.0,827.47,497.73,329.74
ORD100388,CUST1194,REST048,Taste of India,2025-05-08,Mumbai,Biryani,4,274.09,25,84.86,16,Debit Card,3.0,Delivered,DP208,68.52,290.43,203.39,87.04
ORD100389,CUST1400,REST034,Sweet Treats,2025-04-14,Bengaluru,Chinese,4,1169.94,15,41.27,19,Credit Card,3.5,Delivered,DP197,175.49,1035.72,686.15,349.57
ORD100390,CUST1639,REST040,The Food Factory,2025-07-05,Mumbai,Chinese,1,520.89,0,90.7,32,Credit Card,4.0,Delivered,DP243,0.0,611.59,363.11,248.48
ORD100391,CUST1032,REST075,Pizza Point,2025-06-27,Kolkata,Italian,4,1469.57,0,95.01,30,UPI,5.0,Delivered,DP191,0.0,1564.58,814.36,750.22
ORD100392,CUST1687,REST061,Food Junction,2025-12-23,Delhi,Fast Food,3,782.18,20,57.14,24,Credit Card,4.0,Delivered,DP171,156.44,682.88,572.33,110.55
ORD100393,CUST1459,REST050,Dosa Express,2025-01-06,Kolkata,Italian,5,890.38,5,45.14,67,Wallet,4.5,Delivered,DP242,44.52,891.0,656.74,234.26
ORD100394,CUST1882,REST067,Spice Hub,2025-12-07,Delhi,Fast Food,4,1205.99,0,50.21,43,Debit Card,4.0,Delivered,DP207,0.0,1256.2,768.53,487.67
ORD100395,CUST1469,REST062,Biryani House,2025-11-03,Pune,Desserts,1,1399.94,15,43.41,49,UPI,4.5,Delivered,DP002,209.99,1233.36,825.78,407.58
ORD100396,CUST1374,REST058,Dosa Express,2025-02-05,Kolkata,Biryani,4,508.27,20,33.06,39,Credit Card,5.0,Delivered,DP216,101.65,439.68,374.36,65.32
ORD100397,CUST1021,REST033,Pizza Point,2025-11-23,Hyderabad,Fast Food,5,1743.37,20,67.57,56,UPI,4.0,Delivered,DP205,348.67,1462.27,1323.42,138.85
ORD100398,CUST1749,REST075,Sweet Treats,2025-12-22,Mumbai,Italian,2,1165.5,5,62.82,71,UPI,4.5,Delivered,DP151,58.28,1170.04,661.21,508.83
ORD100399,CUST1669,REST016,Dosa Express,2025-10-08,Kolkata,Chinese,4,129.47,15,54.32,38,Debit Card,4.0,Delivered,DP140,19.42,164.37,88.47,75.9
ORD100400,CUST1037,REST082,Spice Hub,2025-10-27,Mumbai,Fast Food,3,818.25,25,23.15,27,Wallet,4.5,Delivered,DP174,204.56,636.84,626.6,10.24
ORD100401,CUST1229,REST094,Dosa Express,2025-01-14,Ahmedabad,Italian,5,853.85,0,82.74,35,Wallet,4.0,Delivered,DP126,0.0,936.59,596.04,340.55
ORD100402,CUST1364,REST048,Food Junction,2025-08-25,Kolkata,Biryani,1,1479.4,20,29.87,56,Cash,4.0,Cancelled,DP161,295.88,1213.39,1092.79,120.6
ORD100403,CUST1562,REST010,Dragon Bowl,2025-10-12,Hyderabad,South Indian,5,632.63,25,24.74,57,Wallet,4.0,Delivered,DP044,158.16,499.21,381.39,117.82
ORD100404,CUST1437,REST082,Royal Kitchen,2025-11-26,Kolkata,Desserts,2,676.46,10,67.96,53,Credit Card,3.5,Delivered,DP237,67.65,676.77,387.97,288.8
ORD100405,CUST1775,REST038,Sweet Treats,2025-02-19,Chennai,Fast Food,1,238.43,20,48.88,48,Cash,5.0,Delivered,DP153,47.69,239.62,151.77,87.85
ORD100406,CUST1282,REST019,Dosa Express,2025-09-18,Pune,Biryani,2,596.36,10,20.08,33,Cash,5.0,Delivered,DP035,59.64,556.8,382.19,174.61
ORD100407,CUST1026,REST036,Spice Hub,2025-04-20,Ahmedabad,Biryani,2,1324.5,10,45.22,42,Cash,4.0,Cancelled,DP163,132.45,1237.27,967.98,269.29
ORD100408,CUST1225,REST059,Spice Hub,2025-07-16,Mumbai,Indian,3,1186.39,0,80.6,41,Cash,4.0,Cancelled,DP065,0.0,1266.99,763.38,503.61
ORD100409,CUST1276,REST063,Dosa Express,2025-09-09,Ahmedabad,South Indian,4,256.74,0,67.3,64,Wallet,4.5,Delivered,DP171,0.0,324.04,155.18,168.86
ORD100410,CUST1797,REST077,Dragon Bowl,2025-03-29,Pune,Fast Food,3,312.69,5,45.84,40,Cash,4.0,Cancelled,DP196,15.63,342.9,235.72,107.18
ORD100411,CUST1608,REST046,The Food Factory,2025-11-09,Mumbai,Italian,3,753.24,20,31.3,25,Credit Card,4.0,Delivered,DP250,150.65,633.89,549.87,84.02
ORD100412,CUST1283,REST003,Biryani House,2025-01-26,Mumbai,Fast Food,3,1369.51,0,68.7,63,Credit Card,3.0,Delivered,DP190,0.0,1438.21,963.42,474.79
ORD100413,CUST1878,REST074,Curry Corner,2025-09-19,Chennai,Fast Food,1,1519.3,0,90.44,49,UPI,5.0,Delivered,DP159,0.0,1609.74,907.99,701.75
ORD100414,CUST1480,REST065,Taste of India,2025-05-24,Kolkata,South Indian,4,144.57,5,69.93,34,Credit Card,4.5,Cancelled,DP156,7.23,207.27,86.32,120.95
ORD100415,CUST1452,REST091,Sweet Treats,2025-03-01,Delhi,North Indian,4,672.74,5,84.1,26,UPI,5.0,Cancelled,DP139,33.64,723.2,446.03,277.17
ORD100416,CUST1828,REST008,Curry Corner,2025-12-22,Pune,Biryani,1,832.76,20,59.33,71,Credit Card,4.0,Delivered,DP032,166.55,725.54,559.71,165.83
ORD100417,CUST1815,REST051,Pizza Point,2025-09-25,Hyderabad,Biryani,3,1650.7,25,76.03,42,Cash,4.5,Cancelled,DP066,412.68,1314.05,1005.11,308.94
ORD100418,CUST1658,REST081,Pizza Point,2025-03-16,Pune,Biryani,3,962.36,15,91.18,16,Debit Card,4.5,Cancelled,DP060,144.35,909.19,556.61,352.58
ORD100419,CUST1515,REST073,Spice Hub,2025-01-03,Kolkata,Biryani,2,573.1,0,80.72,71,Cash,4.0,Delivered,DP179,0.0,653.82,363.08,290.74
ORD100420,CUST1546,REST006,Pizza Point,2025-03-04,Chennai,South Indian,2,775.28,20,92.34,15,Wallet,5.0,Delivered,DP236,155.06,712.56,502.92,209.64
ORD100421,CUST1191,REST089,The Food Factory,2025-08-24,Bengaluru,Italian,5,853.21,0,51.65,23,UPI,5.0,Delivered,DP187,0.0,904.86,479.58,425.28
ORD100422,CUST1048,REST039,Biryani House,2025-08-17,Ahmedabad,Chinese,2,1245.59,15,91.86,36,Debit Card,5.0,Cancelled,DP205,186.84,1150.61,846.84,303.77
ORD100423,CUST1511,REST060,Royal Kitchen,2025-10-02,Bengaluru,Indian,4,189.03,10,67.83,70,Credit Card,4.5,Delivered,DP145,18.9,237.96,104.05,133.91
ORD100424,CUST1016,REST028,Pizza Point,2025-01-18,Chennai,North Indian,1,774.28,25,88.95,65,Cash,4.5,Delivered,DP115,193.57,669.66,452.78,216.88
ORD100425,CUST1171,REST097,Food Junction,2025-03-21,Ahmedabad,North Indian,3,1206.21,20,18.35,54,UPI,4.5,Delivered,DP068,241.24,983.32,704.19,279.13
ORD100426,CUST1219,REST054,Biryani House,2025-08-03,Kolkata,Desserts,5,595.98,0,70.92,41,UPI,5.0,Delivered,DP223,0.0,666.9,422.04,244.86
ORD100427,CUST1157,REST037,The Food Factory,2025-06-20,Chennai,Biryani,2,1114.14,5,87.08,23,Credit Card,4.5,Cancelled,DP166,55.71,1145.51,737.29,408.22
ORD100428,CUST1476,REST009,Dragon Bowl,2025-11-25,Delhi,Desserts,5,720.23,20,29.81,21,UPI,3.5,Delivered,DP064,144.05,605.99,534.62,71.37
ORD100429,CUST1045,REST082,Curry Corner,2025-09-12,Pune,Biryani,1,1394.65,5,71.25,50,Credit Card,4.5,Delivered,DP131,69.73,1396.17,852.01,544.16
ORD100430,CUST1372,REST056,Biryani House,2025-05-06,Kolkata,Indian,1,221.8,10,85.12,68,Credit Card,5.0,Delivered,DP235,22.18,284.74,132.73,152.01
ORD100431,CUST1517,REST059,Biryani House,2025-09-12,Ahmedabad,Biryani,5,1662.18,5,39.48,62,Cash,4.0,Delivered,DP054,83.11,1618.55,1221.15,397.4
ORD100432,CUST1098,REST085,Curry Corner,2025-03-13,Pune,Chinese,5,408.31,10,49.45,52,UPI,4.5,Delivered,DP076,40.83,416.93,266.29,150.64
ORD100433,CUST1891,REST002,The Food Factory,2025-02-07,Bengaluru,North Indian,5,386.36,25,63.41,64,Wallet,4.0,Delivered,DP172,96.59,353.18,236.87,116.31
ORD100434,CUST1744,REST061,Dragon Bowl,2025-11-20,Kolkata,Fast Food,3,1532.28,15,59.13,16,Wallet,5.0,Delivered,DP210,229.84,1361.57,990.16,371.41
ORD100435,CUST1036,REST058,Pizza Point,2025-07-23,Hyderabad,Indian,4,1580.4,10,18.33,57,Cash,4.5,Delivered,DP127,158.04,1440.69,1023.8,416.89
ORD100436,CUST1279,REST060,Spice Hub,2025-06-21,Pune,North Indian,2,276.2,0,23.39,19,Cash,4.5,Delivered,DP158,0.0,299.59,188.25,111.34
ORD100437,CUST1348,REST040,Sweet Treats,2025-08-11,Mumbai,Italian,2,1646.65,20,23.54,31,Credit Card,4.5,Delivered,DP110,329.33,1340.86,919.92,420.94
ORD100438,CUST1496,REST036,Dragon Bowl,2025-08-05,Ahmedabad,North Indian,2,579.14,10,37.29,51,Wallet,5.0,Delivered,DP203,57.91,558.52,351.55,206.97
ORD100439,CUST1301,REST037,Curry Corner,2025-09-02,Mumbai,Indian,5,1159.28,20,35.9,72,UPI,5.0,Delivered,DP088,231.86,963.32,762.09,201.23
ORD100440,CUST1180,REST079,Royal Kitchen,2025-12-02,Delhi,Chinese,5,235.24,15,78.09,49,Wallet,5.0,Delivered,DP213,35.29,278.04,158.72,119.32
ORD100441,CUST1606,REST092,Curry Corner,2025-07-10,Ahmedabad,South Indian,5,759.51,25,63.68,65,Cash,3.0,Delivered,DP113,189.88,633.31,445.46,187.85
ORD100442,CUST1098,REST018,Dragon Bowl,2025-10-25,Kolkata,Italian,3,877.22,10,79.94,22,Cash,3.5,Delivered,DP054,87.72,869.44,521.54,347.9
ORD100443,CUST1699,REST098,Curry Corner,2025-11-16,Ahmedabad,Fast Food,3,1127.71,15,20.94,57,Credit Card,5.0,Cancelled,DP048,169.16,979.49,808.96,170.53
ORD100444,CUST1115,REST063,Curry Corner,2025-07-01,Delhi,Biryani,3,1002.46,0,56.24,17,UPI,5.0,Delivered,DP035,0.0,1058.7,732.48,326.22
ORD100445,CUST1190,REST022,Sweet Treats,2025-11-30,Ahmedabad,Indian,3,895.31,25,42.52,17,Cash,4.0,Delivered,DP068,223.83,714.0,507.89,206.11
ORD100446,CUST1252,REST011,Sweet Treats,2025-07-24,Kolkata,Italian,1,1732.2,0,87.24,15,UPI,3.0,Delivered,DP026,0.0,1819.44,1347.16,472.28
ORD100447,CUST1160,REST058,Pizza Point,2025-12-27,Bengaluru,Indian,3,430.84,15,75.16,38,Wallet,4.0,Delivered,DP072,64.63,441.37,279.88,161.49
ORD100448,CUST1255,REST057,Dosa Express,2025-07-18,Hyderabad,Fast Food,3,385.43,0,88.89,59,Credit Card,4.0,Delivered,DP088,0.0,474.32,263.91,210.41
ORD100449,CUST1322,REST077,Dosa Express,2025-11-28,Hyderabad,Indian,3,1318.54,15,18.95,44,Wallet,4.5,Delivered,DP107,197.78,1139.71,905.23,234.48
ORD100450,CUST1127,REST004,Urban Tadka,2025-06-14,Chennai,Desserts,2,245.25,25,76.27,56,Cash,3.0,Delivered,DP237,61.31,260.21,154.41,105.8
ORD100451,CUST1017,REST086,Curry Corner,2025-08-30,Delhi,North Indian,2,931.26,10,60.9,40,Cash,4.0,Delivered,DP056,93.13,899.03,628.88,270.15
ORD100452,CUST1792,REST007,Curry Corner,2025-05-10,Kolkata,North Indian,2,933.21,0,85.13,52,UPI,5.0,Delivered,DP204,0.0,1018.34,638.49,379.85
ORD100453,CUST1734,REST061,Biryani House,2025-08-15,Pune,Italian,4,640.84,25,58.11,57,Cash,3.5,Delivered,DP069,160.21,538.74,464.59,74.15
ORD100454,CUST1565,REST054,Dosa Express,2025-05-02,Mumbai,Chinese,1,1683.15,15,60.92,54,UPI,4.5,Cancelled,DP080,252.47,1491.6,1181.93,309.67
ORD100455,CUST1569,REST088,Pizza Point,2025-02-13,Pune,South Indian,5,594.67,20,19.4,65,Debit Card,4.0,Delivered,DP192,118.93,495.14,388.16,106.98
ORD100456,CUST1322,REST068,Royal Kitchen,2025-07-15,Mumbai,Italian,3,604.58,15,71.82,57,Cash,4.5,Cancelled,DP096,90.69,585.71,359.12,226.59
ORD100457,CUST1871,REST092,Spice Hub,2025-12-24,Bengaluru,Indian,2,513.62,0,38.22,52,Wallet,3.0,Delivered,DP157,0.0,551.84,285.46,266.38
ORD100458,CUST1685,REST079,Urban Tadka,2025-07-23,Mumbai,Fast Food,1,364.92,20,16.67,58,Wallet,4.0,Delivered,DP126,72.98,308.61,255.42,53.19
ORD100459,CUST1791,REST001,Urban Tadka,2025-11-14,Pune,North Indian,3,731.54,25,20.65,64,UPI,4.0,Delivered,DP225,182.88,569.31,482.72,86.59
ORD100460,CUST1625,REST055,Royal Kitchen,2025-09-14,Ahmedabad,Biryani,4,1263.89,15,96.37,17,Debit Card,5.0,Delivered,DP105,189.58,1170.68,975.81,194.87
ORD100461,CUST1287,REST003,Royal Kitchen,2025-01-17,Pune,Biryani,5,1366.83,0,44.42,27,Cash,4.5,Cancelled,DP206,0.0,1411.25,782.66,628.59
ORD100462,CUST1853,REST078,Dragon Bowl,2025-09-29,Hyderabad,Fast Food,3,1486.54,0,88.79,50,Credit Card,3.0,Delivered,DP059,0.0,1575.33,842.43,732.9
ORD100463,CUST1662,REST038,Pizza Point,2025-01-09,Kolkata,Indian,5,451.87,5,96.57,55,Credit Card,5.0,Delivered,DP025,22.59,525.85,267.37,258.48
ORD100464,CUST1638,REST001,Spice Hub,2025-09-06,Hyderabad,South Indian,3,179.86,0,95.18,62,Wallet,3.0,Delivered,DP200,0.0,275.04,114.51,160.53
ORD100465,CUST1154,REST038,Biryani House,2025-07-20,Delhi,Desserts,4,1757.47,0,89.95,26,Cash,5.0,Delivered,DP027,0.0,1847.42,1037.42,810.0
ORD100466,CUST1489,REST085,Sweet Treats,2025-02-28,Ahmedabad,Fast Food,1,144.08,10,91.06,34,Credit Card,4.0,Delivered,DP099,14.41,220.73,94.62,126.11
ORD100467,CUST1385,REST029,Royal Kitchen,2025-05-20,Pune,Indian,5,1733.94,10,39.57,53,UPI,4.5,Delivered,DP022,173.39,1600.12,1089.14,510.98
ORD100468,CUST1784,REST005,Taste of India,2025-04-29,Ahmedabad,Italian,5,1512.41,5,27.87,58,Cash,3.0,Delivered,DP199,75.62,1464.66,1179.5,285.16
ORD100469,CUST1103,REST074,Dosa Express,2025-02-10,Ahmedabad,South Indian,1,1652.29,0,69.34,22,Wallet,4.5,Delivered,DP228,0.0,1721.63,1276.13,445.5
ORD100470,CUST1392,REST092,Curry Corner,2025-11-18,Kolkata,Desserts,5,770.47,20,56.49,67,Debit Card,4.5,Cancelled,DP047,154.09,672.87,488.41,184.46
ORD100471,CUST1810,REST021,Pizza Point,2025-11-27,Bengaluru,Desserts,2,451.3,15,23.39,61,UPI,4.0,Delivered,DP204,67.69,407.0,330.43,76.57
ORD100472,CUST1245,REST071,Dragon Bowl,2025-09-24,Mumbai,Chinese,1,1138.86,0,72.59,16,UPI,3.0,Delivered,DP122,0.0,1211.45,689.67,521.78
ORD100473,CUST1175,REST067,Dosa Express,2025-01-08,Delhi,Indian,4,1365.3,20,62.84,25,Cash,5.0,Delivered,DP055,273.06,1155.08,769.05,386.03
ORD100474,CUST1038,REST047,Curry Corner,2025-07-02,Chennai,Desserts,3,339.85,25,88.36,70,Debit Card,5.0,Delivered,DP009,84.96,343.25,190.08,153.17
ORD100475,CUST1476,REST084,Taste of India,2025-05-14,Ahmedabad,Biryani,3,1460.0,0,66.78,35,UPI,4.5,Delivered,DP054,0.0,1526.78,812.8,713.98
ORD100476,CUST1681,REST083,Taste of India,2025-06-30,Chennai,Biryani,1,470.44,5,63.79,51,Debit Card,4.5,Delivered,DP114,23.52,510.71,338.37,172.34
ORD100477,CUST1758,REST035,Sweet Treats,2025-12-21,Kolkata,North Indian,2,946.02,5,52.46,69,Wallet,4.5,Cancelled,DP064,47.3,951.18,594.77,356.41
ORD100478,CUST1537,REST068,Dragon Bowl,2025-03-13,Mumbai,South Indian,4,1558.89,25,54.34,20,UPI,3.5,Delivered,DP118,389.72,1223.51,1152.77,70.74
ORD100479,CUST1866,REST069,The Food Factory,2025-04-23,Mumbai,Desserts,3,444.95,5,96.12,33,Credit Card,5.0,Delivered,DP109,22.25,518.82,334.15,184.67
ORD100480,CUST1817,REST001,Taste of India,2025-04-17,Kolkata,Chinese,3,526.37,25,26.77,44,Wallet,4.0,Delivered,DP099,131.59,421.55,326.49,95.06
ORD100481,CUST1407,REST068,Royal Kitchen,2025-10-17,Mumbai,Indian,2,225.46,20,52.93,60,Wallet,4.5,Cancelled,DP167,45.09,233.3,139.0,94.3
ORD100482,CUST1524,REST012,Dragon Bowl,2025-11-09,Hyderabad,Chinese,5,366.31,20,70.75,53,UPI,4.5,Delivered,DP083,73.26,363.8,227.41,136.39
ORD100483,CUST1827,REST060,Dosa Express,2025-04-27,Mumbai,North Indian,1,366.16,5,51.81,58,Credit Card,4.5,Delivered,DP220,18.31,399.66,241.43,158.23
ORD100484,CUST1505,REST027,Food Junction,2025-04-30,Chennai,Italian,2,461.76,20,39.07,63,Debit Card,5.0,Delivered,DP221,92.35,408.48,255.66,152.82
ORD100485,CUST1824,REST056,Food Junction,2025-05-27,Mumbai,Chinese,2,600.82,5,39.43,50,Credit Card,4.0,Delivered,DP008,30.04,610.21,331.95,278.26
ORD100486,CUST1035,REST023,Curry Corner,2025-11-23,Pune,Italian,2,1489.17,20,34.86,34,Wallet,4.5,Cancelled,DP107,297.83,1226.2,1070.95,155.25
ORD100487,CUST1684,REST025,Curry Corner,2025-07-29,Kolkata,Biryani,2,1658.48,5,44.23,68,UPI,4.5,Cancelled,DP155,82.92,1619.79,1220.46,399.33
ORD100488,CUST1019,REST021,The Food Factory,2025-10-23,Bengaluru,Italian,5,802.55,15,89.09,68,Credit Card,3.0,Delivered,DP197,120.38,771.26,479.08,292.18
ORD100489,CUST1320,REST061,Food Junction,2025-04-13,Chennai,Indian,4,335.39,15,57.94,24,Credit Card,4.0,Cancelled,DP112,50.31,343.02,230.28,112.74
ORD100490,CUST1775,REST063,Curry Corner,2025-05-04,Bengaluru,South Indian,2,496.0,25,35.42,38,Wallet,5.0,Delivered,DP221,124.0,407.42,297.44,109.98
ORD100491,CUST1511,REST052,Taste of India,2025-09-02,Chennai,South Indian,2,1356.83,0,47.68,74,Debit Card,4.0,Cancelled,DP227,0.0,1404.51,975.38,429.13
ORD100492,CUST1399,REST088,Curry Corner,2025-12-22,Ahmedabad,Indian,1,1258.07,25,24.0,47,Credit Card,4.5,Delivered,DP161,314.52,967.55,813.62,153.93
ORD100493,CUST1653,REST025,Urban Tadka,2025-07-28,Delhi,Indian,3,1744.91,0,91.84,43,Credit Card,4.5,Delivered,DP224,0.0,1836.75,1289.9,546.85
ORD100494,CUST1882,REST055,The Food Factory,2025-11-10,Pune,Indian,5,144.34,25,49.7,69,Cash,4.5,Delivered,DP213,36.08,157.96,110.88,47.08
ORD100495,CUST1470,REST046,Pizza Point,2025-04-19,Chennai,Fast Food,2,1381.27,5,98.33,44,Wallet,5.0,Delivered,DP138,69.06,1410.54,936.16,474.38
ORD100496,CUST1142,REST032,Spice Hub,2025-12-14,Ahmedabad,Desserts,4,969.73,0,44.54,50,Cash,3.5,Delivered,DP106,0.0,1014.27,734.23,280.04
ORD100497,CUST1091,REST055,Biryani House,2025-02-19,Pune,North Indian,4,1636.52,20,86.09,59,Wallet,4.5,Delivered,DP144,327.3,1395.31,912.81,482.5
ORD100498,CUST1353,REST096,Dragon Bowl,2025-04-15,Chennai,Italian,4,1087.96,5,36.79,20,Wallet,4.0,Delivered,DP011,54.4,1070.35,714.16,356.19
ORD100499,CUST1833,REST005,Spice Hub,2025-01-27,Bengaluru,Desserts,1,870.4,15,21.47,72,Cash,4.0,Cancelled,DP019,130.56,761.31,579.52,181.79
ORD100500,CUST1799,REST036,Spice Hub,2025-10-15,Bengaluru,Indian,4,1238.63,10,17.7,61,Debit Card,5.0,Delivered,DP192,123.86,1132.47,799.71,332.76
ORD100501,CUST1726,REST049,Sweet Treats,2025-09-14,Kolkata,South Indian,1,1520.32,15,66.52,28,Debit Card,3.0,Delivered,DP052,228.05,1358.79,946.27,412.52
ORD100502,CUST1853,REST058,Royal Kitchen,2025-09-30,Chennai,Chinese,5,594.6,0,41.48,71,Wallet,3.5,Delivered,DP205,0.0,636.08,425.9,210.18
ORD100503,CUST1050,REST039,Dragon Bowl,2025-05-17,Chennai,Chinese,4,300.65,15,52.7,17,Cash,4.5,Delivered,DP143,45.1,308.25,203.58,104.67
ORD100504,CUST1664,REST080,Pizza Point,2025-12-06,Hyderabad,Fast Food,3,847.47,0,84.58,38,Credit Card,4.0,Delivered,DP042,0.0,932.05,482.17,449.88
ORD100505,CUST1697,REST097,Curry Corner,2025-10-28,Pune,Desserts,2,480.39,0,36.09,33,Wallet,4.5,Cancelled,DP100,0.0,516.48,369.26,147.22
ORD100506,CUST1574,REST085,Royal Kitchen,2025-11-18,Pune,Desserts,5,841.63,15,41.24,52,Wallet,5.0,Delivered,DP096,126.24,756.63,634.7,121.93
ORD100507,CUST1189,REST061,Sweet Treats,2025-02-01,Pune,Desserts,3,1784.96,10,86.85,48,UPI,4.0,Delivered,DP083,178.5,1693.31,1126.84,566.47
ORD100508,CUST1124,REST009,Spice Hub,2025-02-14,Pune,Italian,5,1084.53,20,56.88,23,Debit Card,3.5,Delivered,DP079,216.91,924.5,657.9,266.6
ORD100509,CUST1149,REST006,Dragon Bowl,2025-09-22,Delhi,Italian,4,1285.25,15,85.35,44,Cash,3.5,Delivered,DP166,192.79,1177.81,892.67,285.14
ORD100510,CUST1313,REST035,Urban Tadka,2025-01-30,Delhi,North Indian,5,1258.92,20,46.83,46,Credit Card,4.0,Delivered,DP128,251.78,1053.97,704.95,349.02
ORD100511,CUST1569,REST039,Biryani House,2025-03-25,Ahmedabad,Italian,5,1498.78,15,48.86,27,Credit Card,4.0,Delivered,DP086,224.82,1322.82,995.31,327.51
ORD100512,CUST1341,REST022,Spice Hub,2025-06-15,Mumbai,South Indian,5,1706.14,15,29.21,32,Wallet,5.0,Cancelled,DP049,255.92,1479.43,1202.32,277.11
ORD100513,CUST1304,REST041,Food Junction,2025-11-12,Chennai,South Indian,1,1226.81,20,92.89,58,Credit Card,4.5,Delivered,DP077,245.36,1074.34,789.5,284.84
ORD100514,CUST1691,REST005,Pizza Point,2025-01-01,Chennai,Desserts,3,919.84,20,91.23,67,Credit Card,3.0,Delivered,DP084,183.97,827.1,711.61,115.49
ORD100515,CUST1681,REST042,Pizza Point,2025-09-06,Chennai,North Indian,4,653.96,5,98.66,36,Wallet,5.0,Delivered,DP049,32.7,719.92,467.8,252.12
ORD100516,CUST1837,REST087,Pizza Point,2025-09-18,Chennai,Desserts,2,725.26,15,49.21,18,Debit Card,3.0,Delivered,DP079,108.79,665.68,554.7,110.98
ORD100517,CUST1782,REST081,The Food Factory,2025-03-04,Pune,Fast Food,4,681.93,15,84.58,74,UPI,4.5,Delivered,DP199,102.29,664.22,517.46,146.76
ORD100518,CUST1053,REST076,The Food Factory,2025-06-13,Pune,Italian,4,665.1,10,50.27,37,Debit Card,3.5,Delivered,DP183,66.51,648.86,385.95,262.91
ORD100519,CUST1443,REST087,Taste of India,2025-11-17,Delhi,Italian,1,1286.97,20,53.62,75,Debit Card,3.0,Delivered,DP150,257.39,1083.2,905.75,177.45
ORD100520,CUST1612,REST080,Dosa Express,2025-11-30,Bengaluru,Desserts,1,1107.35,20,85.55,21,UPI,4.5,Delivered,DP171,221.47,971.43,761.01,210.42
ORD100521,CUST1263,REST067,Biryani House,2025-07-20,Hyderabad,Desserts,5,459.35,0,30.08,58,Wallet,4.0,Delivered,DP050,0.0,489.43,258.44,230.99
ORD100522,CUST1052,REST030,Sweet Treats,2025-08-10,Pune,Indian,4,1748.97,0,33.73,69,Debit Card,4.5,Cancelled,DP084,0.0,1782.7,1089.81,692.89
ORD100523,CUST1571,REST057,Royal Kitchen,2025-06-01,Pune,Desserts,3,838.58,20,41.75,25,Cash,4.0,Delivered,DP124,167.72,712.61,564.32,148.29
ORD100524,CUST1619,REST086,Royal Kitchen,2025-05-12,Kolkata,Italian,1,1071.03,10,82.0,53,Cash,3.0,Delivered,DP019,107.1,1045.93,724.1,321.83
ORD100525,CUST1004,REST073,Royal Kitchen,2025-04-24,Pune,South Indian,1,1300.37,0,46.68,75,UPI,4.5,Delivered,DP091,0.0,1347.05,958.68,388.37
ORD100526,CUST1102,REST029,Curry Corner,2025-08-05,Bengaluru,Indian,3,1150.98,15,45.44,72,Cash,5.0,Delivered,DP072,172.65,1023.77,788.6,235.17
ORD100527,CUST1195,REST037,Spice Hub,2025-07-15,Bengaluru,Indian,1,642.57,0,99.9,73,Wallet,3.0,Cancelled,DP146,0.0,742.47,422.36,320.11
ORD100528,CUST1773,REST087,Dosa Express,2025-10-08,Delhi,Italian,3,1460.15,10,47.62,56,Credit Card,4.0,Cancelled,DP010,146.01,1361.76,1055.62,306.14
ORD100529,CUST1876,REST013,Curry Corner,2025-07-21,Pune,Chinese,2,305.06,0,36.06,55,Wallet,4.5,Delivered,DP050,0.0,341.12,207.84,133.28
ORD100530,CUST1883,REST032,Sweet Treats,2025-05-15,Ahmedabad,Biryani,3,1075.91,0,67.97,48,UPI,4.5,Delivered,DP049,0.0,1143.88,810.44,333.44
ORD100531,CUST1349,REST046,Royal Kitchen,2025-08-22,Kolkata,Desserts,2,579.17,5,83.16,19,Credit Card,4.5,Delivered,DP169,28.96,633.37,439.16,194.21
ORD100532,CUST1046,REST023,Dosa Express,2025-05-21,Hyderabad,South Indian,5,1154.48,0,20.92,56,Cash,4.5,Delivered,DP099,0.0,1175.4,795.45,379.95
ORD100533,CUST1866,REST045,Curry Corner,2025-07-15,Chennai,Chinese,5,486.23,5,67.61,39,Debit Card,5.0,Delivered,DP143,24.31,529.53,330.54,198.99
ORD100534,CUST1822,REST017,Urban Tadka,2025-02-12,Pune,Italian,1,1417.3,0,18.04,42,Cash,4.0,Delivered,DP120,0.0,1435.34,1008.12,427.22
ORD100535,CUST1819,REST085,The Food Factory,2025-02-26,Delhi,Desserts,3,502.26,10,59.74,75,Wallet,4.5,Cancelled,DP023,50.23,511.77,360.05,151.72
ORD100536,CUST1655,REST066,Sweet Treats,2025-05-22,Delhi,Italian,1,1615.86,5,36.84,28,Wallet,4.5,Delivered,DP076,80.79,1571.91,1158.97,412.94
ORD100537,CUST1268,REST006,Royal Kitchen,2025-07-29,Ahmedabad,Desserts,3,1567.41,0,41.06,41,UPI,4.5,Delivered,DP113,0.0,1608.47,1085.84,522.63
ORD100538,CUST1369,REST018,Dragon Bowl,2025-03-13,Hyderabad,Desserts,1,728.82,10,54.7,30,Debit Card,4.0,Delivered,DP027,72.88,710.64,528.72,181.92
ORD100539,CUST1635,REST094,Biryani House,2025-08-12,Kolkata,Chinese,5,768.18,25,93.8,41,Debit Card,4.5,Delivered,DP006,192.04,669.94,447.96,221.98
ORD100540,CUST1105,REST022,Food Junction,2025-01-27,Mumbai,Italian,5,1298.53,25,75.41,16,Credit Card,4.5,Delivered,DP024,324.63,1049.31,959.53,89.78
ORD100541,CUST1669,REST033,Urban Tadka,2025-05-08,Delhi,South Indian,1,271.83,20,94.63,33,Credit Card,4.5,Delivered,DP086,54.37,312.09,168.92,143.17
ORD100542,CUST1658,REST030,The Food Factory,2025-04-16,Bengaluru,North Indian,3,255.94,25,71.1,37,Wallet,4.0,Delivered,DP137,63.98,263.06,192.9,70.16
ORD100543,CUST1656,REST081,Pizza Point,2025-06-14,Bengaluru,Desserts,4,349.02,0,15.6,55,UPI,4.5,Delivered,DP202,0.0,364.62,202.54,162.08
ORD100544,CUST1119,REST032,The Food Factory,2025-08-03,Chennai,Indian,3,1064.96,15,37.57,28,Wallet,5.0,Delivered,DP190,159.74,942.79,586.61,356.18
ORD100545,CUST1830,REST042,Dosa Express,2025-03-12,Delhi,Fast Food,1,370.32,10,91.99,61,Debit Card,5.0,Delivered,DP067,37.03,425.28,205.01,220.27
ORD100546,CUST1786,REST078,Taste of India,2025-07-23,Kolkata,Italian,3,586.4,10,69.69,65,Debit Card,4.5,Delivered,DP070,58.64,597.45,350.86,246.59
ORD100547,CUST1603,REST010,Urban Tadka,2025-06-02,Chennai,Italian,2,1206.81,0,98.44,40,Wallet,4.5,Delivered,DP218,0.0,1305.25,695.33,609.92
ORD100548,CUST1057,REST036,Pizza Point,2025-03-08,Delhi,Chinese,3,146.25,5,28.26,22,Debit Card,3.5,Delivered,DP237,7.31,167.2,99.07,68.13
ORD100549,CUST1345,REST034,Dosa Express,2025-03-31,Hyderabad,Desserts,5,422.8,0,40.22,41,Credit Card,4.0,Delivered,DP078,0.0,463.02,276.15,186.87
ORD100550,CUST1740,REST073,Sweet Treats,2025-09-17,Pune,Indian,5,1682.28,5,45.8,61,Debit Card,3.5,Delivered,DP228,84.11,1643.97,1159.75,484.22
ORD100551,CUST1473,REST028,Biryani House,2025-12-28,Kolkata,Chinese,2,1234.81,10,42.76,54,Credit Card,5.0,Delivered,DP042,123.48,1154.09,733.86,420.23
ORD100552,CUST1116,REST011,The Food Factory,2025-08-16,Delhi,North Indian,3,633.33,20,36.42,42,Cash,4.0,Delivered,DP060,126.67,543.08,458.14,84.94
ORD100553,CUST1829,REST078,Dragon Bowl,2025-03-20,Kolkata,Desserts,4,196.11,25,52.69,18,UPI,4.5,Delivered,DP083,49.03,199.77,135.4,64.37
ORD100554,CUST1790,REST039,Sweet Treats,2025-04-06,Mumbai,South Indian,3,1104.56,0,69.6,73,UPI,5.0,Cancelled,DP176,0.0,1174.16,663.7,510.46
ORD100555,CUST1126,REST047,Pizza Point,2025-12-15,Kolkata,Chinese,5,494.42,25,41.46,75,Debit Card,5.0,Delivered,DP184,123.6,412.28,317.3,94.98
ORD100556,CUST1392,REST019,Dosa Express,2025-11-26,Kolkata,Italian,5,1733.09,25,21.77,52,UPI,4.5,Cancelled,DP231,433.27,1321.59,1239.48,82.11
ORD100557,CUST1640,REST015,Royal Kitchen,2025-09-03,Bengaluru,Desserts,1,1274.09,15,75.23,25,Cash,4.5,Cancelled,DP087,191.11,1158.21,900.13,258.08
ORD100558,CUST1057,REST028,Taste of India,2025-09-29,Hyderabad,Indian,5,1756.53,25,54.02,58,Debit Card,4.5,Delivered,DP133,439.13,1371.42,1193.28,178.14
ORD100559,CUST1633,REST024,Royal Kitchen,2025-06-06,Pune,South Indian,1,1546.15,15,62.3,38,Credit Card,4.0,Delivered,DP108,231.92,1376.53,1198.54,177.99
ORD100560,CUST1512,REST072,The Food Factory,2025-04-26,Pune,Italian,5,931.49,0,53.71,42,Cash,3.5,Delivered,DP207,0.0,985.2,540.56,444.64
ORD100561,CUST1750,REST009,Dragon Bowl,2025-01-18,Bengaluru,South Indian,5,1244.87,10,90.68,55,Cash,3.5,Delivered,DP222,124.49,1211.06,824.48,386.58
ORD100562,CUST1801,REST047,Biryani House,2025-06-21,Kolkata,Italian,4,1484.34,20,62.49,32,UPI,3.5,Delivered,DP225,296.87,1249.96,1029.43,220.53
ORD100563,CUST1095,REST033,Taste of India,2025-01-16,Pune,Italian,1,1091.34,0,93.48,63,Credit Card,5.0,Delivered,DP182,0.0,1184.82,849.75,335.07
ORD100564,CUST1637,REST062,Curry Corner,2025-08-28,Chennai,Italian,1,223.3,25,58.4,35,Wallet,3.5,Delivered,DP166,55.82,225.88,150.68,75.2
ORD100565,CUST1117,REST097,Dosa Express,2025-02-25,Hyderabad,Desserts,5,910.35,20,39.87,40,Cash,4.5,Delivered,DP147,182.07,768.15,593.32,174.83
ORD100566,CUST1559,REST019,Sweet Treats,2025-03-20,Mumbai,Fast Food,1,339.36,25,45.21,17,UPI,3.5,Cancelled,DP197,84.84,299.73,258.64,41.09
ORD100567,CUST1600,REST067,Dragon Bowl,2025-04-13,Bengaluru,Biryani,5,1320.94,25,59.38,73,Cash,5.0,Delivered,DP201,330.24,1050.08,880.36,169.72
ORD100568,CUST1487,REST074,The Food Factory,2025-10-11,Delhi,Indian,5,1263.46,5,60.05,27,Credit Card,4.0,Delivered,DP071,63.17,1260.34,967.84,292.5
ORD100569,CUST1236,REST040,The Food Factory,2025-07-12,Delhi,North Indian,3,1788.09,20,73.42,52,Credit Card,4.0,Cancelled,DP024,357.62,1503.89,1292.06,211.83
ORD100570,CUST1884,REST047,Pizza Point,2025-01-05,Delhi,Fast Food,1,1176.4,20,34.08,42,Debit Card,4.0,Delivered,DP105,235.28,975.2,692.45,282.75
ORD100571,CUST1896,REST065,Dragon Bowl,2025-04-16,Ahmedabad,Biryani,2,1464.23,5,71.0,28,Wallet,5.0,Delivered,DP246,73.21,1462.02,861.72,600.3
ORD100572,CUST1271,REST029,Biryani House,2025-10-05,Hyderabad,South Indian,1,570.72,0,81.18,73,Wallet,4.0,Delivered,DP080,0.0,651.9,355.64,296.26
ORD100573,CUST1188,REST050,Food Junction,2025-04-10,Mumbai,Biryani,1,691.24,0,72.51,15,UPI,5.0,Delivered,DP229,0.0,763.75,390.94,372.81
ORD100574,CUST1703,REST098,Curry Corner,2025-08-26,Pune,Desserts,4,1660.6,15,55.96,42,Wallet,4.5,Cancelled,DP138,249.09,1467.47,1120.55,346.92
ORD100575,CUST1446,REST013,Taste of India,2025-09-26,Mumbai,Desserts,2,1388.72,25,99.29,73,Credit Card,4.0,Delivered,DP213,347.18,1140.83,1038.4,102.43
ORD100576,CUST1580,REST001,Urban Tadka,2025-11-17,Mumbai,Desserts,2,1220.85,0,49.41,50,Wallet,3.0,Delivered,DP149,0.0,1270.26,783.79,486.47
ORD100577,CUST1789,REST034,Urban Tadka,2025-03-27,Bengaluru,Biryani,4,546.77,0,24.06,68,UPI,4.5,Delivered,DP239,0.0,570.83,382.25,188.58
ORD100578,CUST1860,REST093,Dragon Bowl,2025-11-16,Hyderabad,Fast Food,4,1293.61,15,84.83,64,Cash,4.0,Cancelled,DP143,194.04,1184.4,1003.51,180.89
ORD100579,CUST1246,REST048,The Food Factory,2025-02-01,Delhi,Indian,1,1609.76,10,33.04,25,Wallet,5.0,Delivered,DP064,160.98,1481.82,957.1,524.72
ORD100580,CUST1075,REST077,Pizza Point,2025-12-02,Bengaluru,Chinese,3,507.74,15,75.63,57,Wallet,3.5,Delivered,DP141,76.16,507.21,321.07,186.14
ORD100581,CUST1153,REST048,Spice Hub,2025-02-20,Pune,Biryani,4,1306.29,25,30.21,54,Credit Card,4.5,Cancelled,DP244,326.57,1009.93,725.97,283.96
ORD100582,CUST1655,REST049,Dragon Bowl,2025-03-20,Mumbai,Desserts,2,781.41,20,16.43,18,Credit Card,4.5,Delivered,DP242,156.28,641.56,471.45,170.11
ORD100583,CUST1434,REST064,The Food Factory,2025-07-05,Kolkata,Chinese,2,319.53,20,28.58,48,Cash,4.5,Delivered,DP247,63.91,284.2,233.02,51.18
ORD100584,CUST1085,REST061,Royal Kitchen,2025-06-23,Delhi,Chinese,1,1402.61,15,47.04,15,Debit Card,4.0,Delivered,DP071,210.39,1239.26,983.25,256.01
ORD100585,CUST1696,REST029,Urban Tadka,2025-04-16,Ahmedabad,Italian,3,400.79,5,24.06,70,Wallet,5.0,Delivered,DP168,20.04,404.81,292.69,112.12
ORD100586,CUST1284,REST039,Urban Tadka,2025-03-04,Hyderabad,Chinese,5,544.87,25,31.8,24,Credit Card,4.5,Delivered,DP136,136.22,440.45,352.98,87.47
ORD100587,CUST1219,REST088,Curry Corner,2025-03-17,Chennai,South Indian,4,1435.34,0,79.99,31,Debit Card,4.5,Delivered,DP235,0.0,1515.33,1032.29,483.04
ORD100588,CUST1068,REST026,Sweet Treats,2025-11-12,Ahmedabad,South Indian,4,1366.78,20,80.44,21,Wallet,4.5,Cancelled,DP248,273.36,1173.86,940.21,233.65
ORD100589,CUST1046,REST017,Spice Hub,2025-11-17,Mumbai,Italian,1,547.03,20,84.49,53,Wallet,4.5,Delivered,DP105,109.41,522.11,342.19,179.92
ORD100590,CUST1093,REST071,The Food Factory,2025-03-22,Mumbai,Indian,3,1700.82,0,86.5,27,Debit Card,5.0,Delivered,DP166,0.0,1787.32,1096.78,690.54
ORD100591,CUST1749,REST013,Curry Corner,2025-12-27,Mumbai,North Indian,2,481.68,25,50.74,36,Credit Card,5.0,Delivered,DP052,120.42,412.0,324.9,87.1
ORD100592,CUST1452,REST069,Pizza Point,2025-05-08,Mumbai,Indian,2,1789.29,0,88.74,70,Cash,4.0,Delivered,DP002,0.0,1878.03,1377.72,500.31
ORD100593,CUST1203,REST026,Curry Corner,2025-07-02,Delhi,South Indian,5,1359.67,25,59.7,72,Wallet,4.0,Cancelled,DP229,339.92,1079.45,1039.08,40.37
ORD100594,CUST1217,REST049,The Food Factory,2025-08-31,Hyderabad,North Indian,2,779.41,20,55.0,15,UPI,5.0,Delivered,DP150,155.88,678.53,605.52,73.01
ORD100595,CUST1473,REST067,Dosa Express,2025-07-04,Ahmedabad,Italian,4,338.99,5,76.08,42,UPI,4.0,Delivered,DP119,16.95,398.12,187.72,210.4
ORD100596,CUST1431,REST007,Food Junction,2025-08-08,Bengaluru,Indian,5,658.46,20,33.17,47,UPI,5.0,Delivered,DP118,131.69,559.94,470.77,89.17
ORD100597,CUST1340,REST058,Dragon Bowl,2025-03-12,Delhi,North Indian,3,445.48,0,82.11,27,Cash,4.5,Delivered,DP004,0.0,527.59,336.68,190.91
ORD100598,CUST1550,REST049,The Food Factory,2025-12-08,Hyderabad,North Indian,5,1164.69,0,51.5,15,Wallet,3.0,Cancelled,DP052,0.0,1216.19,838.62,377.57
ORD100599,CUST1611,REST053,Biryani House,2025-06-03,Ahmedabad,Biryani,3,719.52,0,25.82,52,Credit Card,4.0,Delivered,DP111,0.0,745.34,464.65,280.69
ORD100600,CUST1288,REST065,Urban Tadka,2025-09-02,Bengaluru,Indian,2,615.61,25,25.14,69,Credit Card,4.0,Delivered,DP007,153.9,486.85,441.21,45.64
ORD100601,CUST1253,REST062,Spice Hub,2025-05-20,Mumbai,Italian,1,1391.98,25,29.02,72,Cash,5.0,Delivered,DP001,348.0,1073.0,907.78,165.22
ORD100602,CUST1733,REST017,Royal Kitchen,2025-03-12,Hyderabad,North Indian,5,507.41,5,90.7,39,Wallet,4.0,Delivered,DP083,25.37,572.74,362.43,210.31
ORD100603,CUST1356,REST043,Royal Kitchen,2025-02-15,Mumbai,South Indian,5,1105.97,0,99.23,56,Debit Card,4.0,Cancelled,DP186,0.0,1205.2,806.78,398.42
ORD100604,CUST1022,REST025,Spice Hub,2025-02-16,Kolkata,Desserts,4,446.92,0,45.34,35,Debit Card,5.0,Delivered,DP190,0.0,492.26,332.48,159.78
ORD100605,CUST1761,REST003,Dragon Bowl,2025-03-20,Hyderabad,Biryani,4,1320.86,5,39.83,47,Wallet,3.0,Delivered,DP094,66.04,1294.65,947.65,347.0
ORD100606,CUST1521,REST079,Sweet Treats,2025-05-29,Pune,Chinese,3,1170.2,5,33.6,71,Wallet,4.5,Delivered,DP114,58.51,1145.29,686.68,458.61
ORD100607,CUST1757,REST029,Food Junction,2025-05-10,Chennai,Chinese,1,1460.9,15,85.02,51,Credit Card,4.5,Delivered,DP194,219.14,1326.78,1118.09,208.69
ORD100608,CUST1836,REST032,Biryani House,2025-05-07,Mumbai,Chinese,4,235.08,20,32.78,68,Cash,3.0,Delivered,DP055,47.02,220.84,140.83,80.01
ORD100609,CUST1099,REST026,Urban Tadka,2025-12-31,Mumbai,South Indian,4,472.98,25,93.55,71,Cash,3.5,Delivered,DP117,118.24,448.29,299.04,149.25
ORD100610,CUST1801,REST016,Royal Kitchen,2025-04-29,Mumbai,Desserts,2,379.49,0,71.72,48,Credit Card,4.0,Delivered,DP013,0.0,451.21,246.17,205.04
ORD100611,CUST1179,REST025,Dragon Bowl,2025-12-23,Pune,North Indian,2,440.14,0,91.26,17,UPI,3.5,Delivered,DP028,0.0,531.4,314.2,217.2
ORD100612,CUST1222,REST054,Dragon Bowl,2025-09-19,Delhi,Italian,4,293.06,20,62.09,44,Debit Card,4.0,Delivered,DP014,58.61,296.54,208.45,88.09
ORD100613,CUST1761,REST028,Dragon Bowl,2025-09-01,Bengaluru,Chinese,3,1064.3,25,73.71,69,Wallet,4.5,Delivered,DP131,266.08,871.93,820.78,51.15
ORD100614,CUST1658,REST073,Spice Hub,2025-04-13,Mumbai,Indian,1,1116.96,25,67.65,17,Debit Card,4.5,Cancelled,DP016,279.24,905.37,662.76,242.61
ORD100615,CUST1441,REST056,Biryani House,2025-02-06,Mumbai,Chinese,4,1537.06,0,85.65,32,Debit Card,4.5,Delivered,DP089,0.0,1622.71,1004.73,617.98
ORD100616,CUST1607,REST065,Curry Corner,2025-05-22,Ahmedabad,North Indian,3,821.8,15,86.05,37,Cash,4.0,Delivered,DP174,123.27,784.58,490.5,294.08
ORD100617,CUST1768,REST093,Sweet Treats,2025-02-06,Ahmedabad,Fast Food,3,1014.41,0,65.13,22,Credit Card,3.5,Delivered,DP111,0.0,1079.54,714.84,364.7
ORD100618,CUST1324,REST086,Dragon Bowl,2025-01-08,Delhi,South Indian,4,1785.39,5,68.76,23,UPI,4.0,Delivered,DP121,89.27,1764.88,1069.44,695.44
ORD100619,CUST1515,REST080,The Food Factory,2025-08-19,Delhi,Fast Food,3,1013.5,0,93.36,16,UPI,4.0,Delivered,DP131,0.0,1106.86,759.74,347.12
ORD100620,CUST1015,REST041,The Food Factory,2025-11-29,Chennai,Chinese,5,1083.61,15,94.04,75,Credit Card,5.0,Delivered,DP098,162.54,1015.11,840.91,174.2
ORD100621,CUST1791,REST051,Dragon Bowl,2025-10-23,Hyderabad,Desserts,3,1793.14,20,71.46,16,Debit Card,4.0,Delivered,DP131,358.63,1505.97,1116.9,389.07
ORD100622,CUST1335,REST071,Dosa Express,2025-04-17,Mumbai,North Indian,4,1790.14,10,15.66,41,Credit Card,4.0,Delivered,DP169,179.01,1626.79,1289.0,337.79
ORD100623,CUST1758,REST078,Urban Tadka,2025-12-14,Hyderabad,Chinese,3,832.37,20,23.87,62,Credit Card,4.5,Delivered,DP157,166.47,689.77,559.81,129.96
ORD100624,CUST1257,REST029,Biryani House,2025-01-18,Kolkata,Fast Food,4,1186.71,5,87.93,53,Wallet,4.5,Delivered,DP168,59.34,1215.3,750.75,464.55
ORD100625,CUST1496,REST083,Taste of India,2025-11-09,Delhi,North Indian,2,927.75,0,22.2,50,Wallet,5.0,Delivered,DP019,0.0,949.95,551.07,398.88
ORD100626,CUST1895,REST019,Spice Hub,2025-03-24,Delhi,South Indian,4,1330.8,20,33.15,19,Debit Card,3.5,Cancelled,DP148,266.16,1097.79,952.08,145.71
ORD100627,CUST1159,REST066,Pizza Point,2025-10-15,Chennai,South Indian,3,1696.49,5,34.6,15,Cash,3.0,Delivered,DP021,84.82,1646.27,995.01,651.26
ORD100628,CUST1474,REST041,Pizza Point,2025-07-13,Bengaluru,Chinese,4,640.23,25,66.02,36,UPI,4.0,Delivered,DP148,160.06,546.19,393.45,152.74
ORD100629,CUST1851,REST045,The Food Factory,2025-08-03,Pune,South Indian,1,1495.71,0,64.01,24,Wallet,3.5,Delivered,DP092,0.0,1559.72,1139.0,420.72
ORD100630,CUST1663,REST015,Royal Kitchen,2025-10-08,Pune,Biryani,4,1220.15,5,39.6,59,Debit Card,4.5,Cancelled,DP047,61.01,1198.74,813.75,384.99
ORD100631,CUST1689,REST003,Taste of India,2025-08-08,Pune,North Indian,4,590.71,0,32.65,38,Credit Card,5.0,Delivered,DP091,0.0,623.36,440.93,182.43
ORD100632,CUST1674,REST011,Pizza Point,2025-10-16,Delhi,Desserts,1,1459.46,0,79.99,73,Wallet,4.5,Delivered,DP044,0.0,1539.45,1060.35,479.1
ORD100633,CUST1379,REST053,Food Junction,2025-12-10,Mumbai,North Indian,1,837.58,0,94.51,29,Credit Card,3.5,Cancelled,DP238,0.0,932.09,533.15,398.94
ORD100634,CUST1544,REST046,Food Junction,2025-07-13,Ahmedabad,South Indian,1,322.27,0,19.49,47,Credit Card,3.5,Delivered,DP114,0.0,341.76,193.41,148.35
ORD100635,CUST1690,REST030,Urban Tadka,2025-06-07,Chennai,North Indian,5,1788.94,10,26.32,64,Wallet,5.0,Cancelled,DP089,178.89,1636.37,1025.03,611.34
ORD100636,CUST1426,REST057,Taste of India,2025-04-14,Bengaluru,Fast Food,4,835.09,10,69.58,37,Debit Card,4.5,Cancelled,DP002,83.51,821.16,643.81,177.35
ORD100637,CUST1612,REST018,Food Junction,2025-02-03,Kolkata,Italian,1,1029.81,0,83.38,28,UPI,5.0,Delivered,DP245,0.0,1113.19,643.3,469.89
ORD100638,CUST1267,REST051,Food Junction,2025-04-12,Pune,Fast Food,1,1477.38,20,82.25,32,Debit Card,4.5,Delivered,DP171,295.48,1264.15,1041.28,222.87
ORD100639,CUST1834,REST048,The Food Factory,2025-05-07,Chennai,Indian,2,1734.27,20,76.17,39,Cash,5.0,Delivered,DP185,346.85,1463.59,1245.15,218.44
ORD100640,CUST1576,REST066,Pizza Point,2025-08-02,Ahmedabad,Biryani,5,1586.45,20,90.43,36,Cash,5.0,Delivered,DP088,317.29,1359.59,944.68,414.91
ORD100641,CUST1416,REST096,Urban Tadka,2025-11-21,Ahmedabad,Italian,4,1002.09,0,33.47,58,UPI,4.0,Cancelled,DP225,0.0,1035.56,711.06,324.5
ORD100642,CUST1167,REST008,Biryani House,2025-10-23,Delhi,Chinese,3,1036.77,0,24.12,58,Cash,4.5,Delivered,DP147,0.0,1060.89,572.44,488.45
ORD100643,CUST1841,REST022,Dragon Bowl,2025-06-28,Pune,North Indian,5,591.89,20,67.31,51,Credit Card,4.0,Delivered,DP090,118.38,540.82,382.47,158.35
ORD100644,CUST1042,REST006,Curry Corner,2025-03-21,Bengaluru,Desserts,5,897.51,0,84.89,21,Cash,4.0,Delivered,DP192,0.0,982.4,565.96,416.44
ORD100645,CUST1555,REST076,Spice Hub,2025-05-21,Kolkata,Indian,2,1710.69,5,64.47,40,Wallet,4.0,Delivered,DP174,85.53,1689.63,1307.9,381.73
ORD100646,CUST1284,REST057,Spice Hub,2025-01-31,Hyderabad,Indian,4,1341.26,20,96.85,38,Credit Card,4.0,Delivered,DP169,268.25,1169.86,1041.87,127.99
ORD100647,CUST1396,REST036,Royal Kitchen,2025-03-04,Ahmedabad,Desserts,4,139.95,5,82.62,27,Debit Card,3.5,Delivered,DP067,7.0,215.57,86.24,129.33
ORD100648,CUST1011,REST079,Sweet Treats,2025-02-17,Ahmedabad,Biryani,1,315.73,5,74.57,55,UPI,3.5,Delivered,DP091,15.79,374.51,217.95,156.56
ORD100649,CUST1606,REST092,Curry Corner,2025-03-28,Kolkata,Italian,1,1672.0,20,20.12,20,Wallet,4.5,Delivered,DP014,334.4,1357.72,1206.18,151.54
ORD100650,CUST1301,REST057,Curry Corner,2025-10-31,Ahmedabad,Indian,5,1545.85,15,24.16,35,Wallet,5.0,Cancelled,DP148,231.88,1338.13,918.16,419.97
ORD100651,CUST1897,REST049,Spice Hub,2025-03-02,Bengaluru,Desserts,2,936.76,5,81.71,21,UPI,4.5,Delivered,DP035,46.84,971.63,663.15,308.48
ORD100652,CUST1252,REST045,Spice Hub,2025-11-30,Kolkata,Italian,4,1156.52,20,31.85,32,Cash,4.0,Delivered,DP215,231.3,957.07,704.63,252.44
ORD100653,CUST1498,REST082,Biryani House,2025-10-01,Mumbai,Italian,2,606.61,25,17.45,29,UPI,4.0,Delivered,DP153,151.65,472.41,357.19,115.22
ORD100654,CUST1753,REST066,Taste of India,2025-10-11,Pune,South Indian,3,1451.96,5,92.41,22,UPI,3.5,Delivered,DP128,72.6,1471.77,1082.66,389.11
ORD100655,CUST1034,REST077,Taste of India,2025-03-21,Pune,Indian,4,1133.57,0,90.72,74,Cash,4.5,Delivered,DP132,0.0,1224.29,754.47,469.82
ORD100656,CUST1726,REST045,Biryani House,2025-06-29,Hyderabad,Italian,1,1287.31,10,33.57,66,Debit Card,5.0,Cancelled,DP057,128.73,1192.15,795.95,396.2
ORD100657,CUST1848,REST079,Pizza Point,2025-09-29,Kolkata,Biryani,5,749.85,10,81.32,30,UPI,4.0,Delivered,DP002,74.98,756.19,482.21,273.98
ORD100658,CUST1089,REST020,Curry Corner,2025-03-18,Hyderabad,Indian,2,843.14,10,19.08,63,Cash,4.5,Delivered,DP066,84.31,777.91,543.85,234.06
ORD100659,CUST1775,REST064,Dosa Express,2025-08-09,Kolkata,Biryani,1,468.91,25,39.23,17,Wallet,4.5,Delivered,DP089,117.23,390.91,340.95,49.96
ORD100660,CUST1604,REST093,Curry Corner,2025-10-09,Pune,Biryani,5,1712.73,15,68.01,59,UPI,3.0,Delivered,DP111,256.91,1523.83,1291.32,232.51
ORD100661,CUST1601,REST093,Sweet Treats,2025-01-28,Mumbai,Italian,1,1710.22,0,79.87,23,UPI,4.0,Delivered,DP087,0.0,1790.09,1127.72,662.37
ORD100662,CUST1417,REST067,Spice Hub,2025-12-27,Ahmedabad,Italian,4,1493.82,5,15.88,66,Debit Card,4.5,Delivered,DP149,74.69,1435.01,932.54,502.47
ORD100663,CUST1114,REST083,Curry Corner,2025-03-18,Kolkata,South Indian,2,1691.73,25,42.73,61,Debit Card,4.5,Delivered,DP245,422.93,1311.53,1213.43,98.1
ORD100664,CUST1616,REST003,Spice Hub,2025-06-13,Hyderabad,Desserts,3,1237.75,0,33.22,40,Wallet,3.0,Delivered,DP237,0.0,1270.97,938.49,332.48
ORD100665,CUST1195,REST054,Curry Corner,2025-01-09,Delhi,North Indian,1,514.22,15,99.9,40,Debit Card,4.0,Delivered,DP089,77.13,536.99,296.31,240.68
ORD100666,CUST1825,REST078,Sweet Treats,2025-06-24,Ahmedabad,South Indian,2,1397.15,25,72.03,44,Wallet,4.5,Delivered,DP091,349.29,1119.89,1024.48,95.41
ORD100667,CUST1500,REST064,Pizza Point,2025-11-03,Pune,Indian,4,666.46,10,49.48,41,UPI,4.0,Delivered,DP052,66.65,649.29,451.96,197.33
ORD100668,CUST1625,REST040,Dragon Bowl,2025-03-17,Bengaluru,South Indian,1,860.01,15,21.43,30,Cash,5.0,Delivered,DP203,129.0,752.44,644.62,107.82
ORD100669,CUST1492,REST059,Dosa Express,2025-09-02,Bengaluru,Chinese,4,580.91,25,65.89,62,Debit Card,3.0,Delivered,DP206,145.23,501.57,388.19,113.38
ORD100670,CUST1074,REST055,Royal Kitchen,2025-05-02,Ahmedabad,Desserts,3,831.68,0,69.54,65,Wallet,3.5,Delivered,DP209,0.0,901.22,622.42,278.8
ORD100671,CUST1412,REST062,Food Junction,2025-07-04,Mumbai,Indian,3,1261.25,20,84.39,18,Debit Card,4.0,Delivered,DP118,252.25,1093.39,854.54,238.85
ORD100672,CUST1375,REST004,Biryani House,2025-02-01,Delhi,Desserts,5,305.83,15,39.53,65,Debit Card,5.0,Delivered,DP143,45.87,299.49,178.4,121.09
ORD100673,CUST1419,REST060,Biryani House,2025-09-07,Hyderabad,Biryani,5,296.75,10,98.42,33,Credit Card,4.5,Delivered,DP174,29.68,365.49,163.55,201.94
ORD100674,CUST1728,REST075,Royal Kitchen,2025-02-26,Kolkata,South Indian,5,1268.73,0,52.35,48,UPI,5.0,Delivered,DP115,0.0,1321.08,878.73,442.35
ORD100675,CUST1276,REST095,Dosa Express,2025-11-06,Pune,South Indian,4,1429.7,25,40.16,20,Debit Card,4.0,Delivered,DP031,357.42,1112.44,981.04,131.4
ORD100676,CUST1760,REST096,Curry Corner,2025-05-24,Bengaluru,North Indian,5,1046.46,10,44.62,59,Cash,5.0,Cancelled,DP062,104.65,986.43,626.15,360.28
ORD100677,CUST1675,REST091,Food Junction,2025-11-14,Bengaluru,South Indian,2,425.16,25,59.16,29,Credit Card,5.0,Cancelled,DP034,106.29,378.03,317.02,61.01
ORD100678,CUST1393,REST030,Sweet Treats,2025-03-25,Bengaluru,Italian,4,843.67,10,94.62,24,Wallet,4.0,Delivered,DP036,84.37,853.92,632.4,221.52
ORD100679,CUST1868,REST002,Taste of India,2025-02-25,Bengaluru,Biryani,4,1393.73,10,77.49,68,Wallet,5.0,Delivered,DP121,139.37,1331.85,1024.34,307.51
ORD100680,CUST1456,REST062,Curry Corner,2025-10-06,Chennai,South Indian,5,1272.03,25,64.05,56,Cash,5.0,Delivered,DP104,318.01,1018.07,973.63,44.44
ORD100681,CUST1191,REST049,Pizza Point,2025-09-30,Mumbai,Fast Food,5,304.57,15,28.84,50,Cash,5.0,Delivered,DP044,45.69,287.72,203.01,84.71
ORD100682,CUST1738,REST009,Spice Hub,2025-06-15,Hyderabad,Fast Food,4,1748.17,0,27.7,60,UPI,5.0,Delivered,DP191,0.0,1775.87,1243.88,531.99
ORD100683,CUST1688,REST092,Royal Kitchen,2025-06-07,Pune,Desserts,3,495.25,10,57.69,54,Cash,4.5,Delivered,DP077,49.52,503.42,375.41,128.01
ORD100684,CUST1098,REST031,Urban Tadka,2025-09-06,Pune,Biryani,3,490.25,20,76.94,20,Wallet,5.0,Delivered,DP247,98.05,469.14,321.08,148.06
ORD100685,CUST1547,REST098,Curry Corner,2025-07-05,Pune,South Indian,5,892.56,15,78.84,58,UPI,4.0,Cancelled,DP018,133.88,837.52,617.86,219.66
ORD100686,CUST1095,REST061,Dragon Bowl,2025-03-19,Hyderabad,North Indian,3,669.77,0,34.2,54,Cash,4.5,Delivered,DP209,0.0,703.97,447.37,256.6
ORD100687,CUST1663,REST079,Urban Tadka,2025-01-22,Mumbai,Chinese,2,1773.1,0,23.51,20,Cash,4.0,Delivered,DP045,0.0,1796.61,1376.19,420.42
ORD100688,CUST1662,REST048,Curry Corner,2025-04-18,Ahmedabad,North Indian,2,248.5,10,47.68,29,Wallet,4.5,Delivered,DP108,24.85,271.33,161.69,109.64
ORD100689,CUST1189,REST025,Dosa Express,2025-09-30,Ahmedabad,Chinese,2,634.82,5,93.04,43,UPI,4.5,Cancelled,DP167,31.74,696.12,395.44,300.68
ORD100690,CUST1735,REST036,Dragon Bowl,2025-09-09,Delhi,Indian,4,762.97,15,61.36,39,Credit Card,4.5,Delivered,DP220,114.45,709.88,530.12,179.76
ORD100691,CUST1036,REST008,Urban Tadka,2025-01-15,Kolkata,Indian,4,949.01,20,42.21,33,Credit Card,5.0,Delivered,DP026,189.8,801.42,583.22,218.2
ORD100692,CUST1779,REST073,Curry Corner,2025-10-31,Ahmedabad,North Indian,4,147.56,0,42.51,28,UPI,4.0,Delivered,DP112,0.0,190.07,110.26,79.81
ORD100693,CUST1368,REST058,Biryani House,2025-06-09,Kolkata,South Indian,4,258.37,0,26.23,17,Cash,4.5,Delivered,DP206,0.0,284.6,195.12,89.48
ORD100694,CUST1694,REST045,Dragon Bowl,2025-07-24,Mumbai,Desserts,4,553.12,0,55.22,64,Cash,3.0,Cancelled,DP101,0.0,608.34,348.12,260.22
ORD100695,CUST1524,REST062,Urban Tadka,2025-04-23,Bengaluru,North Indian,5,1050.72,15,82.27,56,UPI,3.5,Delivered,DP075,157.61,975.38,664.5,310.88
ORD100696,CUST1278,REST039,Curry Corner,2025-06-17,Kolkata,Indian,3,1409.86,0,97.33,60,Credit Card,4.5,Delivered,DP096,0.0,1507.19,803.51,703.68
ORD100697,CUST1216,REST096,Taste of India,2025-12-19,Bengaluru,Italian,5,1273.31,5,57.64,28,Debit Card,4.5,Cancelled,DP024,63.67,1267.28,775.26,492.02
ORD100698,CUST1866,REST058,Spice Hub,2025-09-10,Mumbai,Chinese,3,1072.6,20,29.21,68,Wallet,3.5,Delivered,DP117,214.52,887.29,606.68,280.61
ORD100699,CUST1872,REST081,Taste of India,2025-07-05,Mumbai,Biryani,5,787.35,0,73.05,53,UPI,4.0,Delivered,DP186,0.0,860.4,570.17,290.23
ORD100700,CUST1797,REST099,Royal Kitchen,2025-12-13,Hyderabad,Desserts,2,1582.77,10,79.33,53,Debit Card,4.0,Delivered,DP245,158.28,1503.82,936.17,567.65
ORD100701,CUST1272,REST083,Royal Kitchen,2025-08-15,Hyderabad,North Indian,1,892.42,5,21.09,35,Wallet,4.5,Delivered,DP223,44.62,868.89,507.03,361.86
ORD100702,CUST1880,REST064,Food Junction,2025-01-16,Chennai,South Indian,4,622.74,0,87.26,68,Debit Card,4.5,Delivered,DP232,0.0,710.0,366.04,343.96
ORD100703,CUST1061,REST044,Curry Corner,2025-06-05,Pune,South Indian,1,1177.28,10,85.49,69,Debit Card,3.0,Cancelled,DP105,117.73,1145.04,749.68,395.36
ORD100704,CUST1595,REST029,The Food Factory,2025-12-20,Chennai,Desserts,1,1282.75,25,55.17,25,Wallet,4.5,Delivered,DP178,320.69,1017.23,830.16,187.07
ORD100705,CUST1879,REST059,Pizza Point,2025-04-21,Pune,Fast Food,2,789.43,5,62.64,64,Debit Card,4.0,Delivered,DP200,39.47,812.6,597.34,215.26
ORD100706,CUST1728,REST071,Taste of India,2025-01-01,Bengaluru,Chinese,1,167.28,15,75.64,24,Credit Card,4.5,Delivered,DP039,25.09,217.83,102.76,115.07
ORD100707,CUST1341,REST092,Urban Tadka,2025-02-10,Chennai,Desserts,1,278.14,20,72.52,29,UPI,3.5,Delivered,DP200,55.63,295.03,198.89,96.14
ORD100708,CUST1396,REST009,Dosa Express,2025-02-17,Chennai,Desserts,2,1540.61,25,16.41,44,Credit Card,5.0,Delivered,DP111,385.15,1171.87,1164.44,7.43
ORD100709,CUST1698,REST092,Dragon Bowl,2025-04-18,Delhi,Chinese,3,215.0,20,25.41,58,Credit Card,3.5,Delivered,DP159,43.0,197.41,160.61,36.8
ORD100710,CUST1018,REST006,Pizza Point,2025-06-10,Mumbai,Chinese,5,1114.59,10,28.82,69,Wallet,4.5,Delivered,DP083,111.46,1031.95,664.03,367.92
ORD100711,CUST1176,REST029,The Food Factory,2025-06-10,Hyderabad,North Indian,1,428.63,0,79.23,31,Wallet,4.5,Delivered,DP164,0.0,507.86,263.32,244.54
ORD100712,CUST1611,REST058,Sweet Treats,2025-12-25,Chennai,Indian,4,504.6,5,52.41,68,Wallet,3.5,Delivered,DP167,25.23,531.78,283.85,247.93
ORD100713,CUST1395,REST017,Curry Corner,2025-05-08,Hyderabad,Italian,2,579.2,10,61.37,70,Debit Card,3.0,Delivered,DP224,57.92,582.65,382.94,199.71
ORD100714,CUST1444,REST016,Dosa Express,2025-07-29,Pune,North Indian,1,184.33,10,80.68,43,Debit Card,4.0,Delivered,DP021,18.43,246.58,118.56,128.02
ORD100715,CUST1232,REST087,Curry Corner,2025-05-31,Chennai,Desserts,3,417.76,15,43.98,31,UPI,5.0,Cancelled,DP023,62.66,399.08,282.16,116.92
ORD100716,CUST1075,REST095,Food Junction,2025-09-12,Pune,Biryani,3,1212.84,10,78.66,47,Debit Card,3.0,Delivered,DP054,121.28,1170.22,794.79,375.43
ORD100717,CUST1264,REST003,The Food Factory,2025-08-06,Ahmedabad,Indian,4,957.84,5,52.6,52,UPI,4.5,Delivered,DP164,47.89,962.55,688.91,273.64
ORD100718,CUST1454,REST021,Dragon Bowl,2025-01-30,Ahmedabad,North Indian,1,1459.51,0,47.06,35,Credit Card,4.5,Delivered,DP143,0.0,1506.57,1027.59,478.98
ORD100719,CUST1795,REST064,Dragon Bowl,2025-02-14,Chennai,Italian,4,222.89,5,43.31,61,UPI,4.0,Delivered,DP130,11.14,255.06,144.56,110.5
ORD100720,CUST1717,REST090,Curry Corner,2025-03-21,Ahmedabad,Desserts,3,1613.35,5,97.02,65,UPI,3.0,Delivered,DP076,80.67,1629.7,901.39,728.31
ORD100721,CUST1734,REST036,Urban Tadka,2025-02-08,Kolkata,Desserts,3,1793.95,15,80.62,28,Wallet,5.0,Delivered,DP230,269.09,1605.48,1128.53,476.95
ORD100722,CUST1383,REST086,Food Junction,2025-08-28,Bengaluru,Chinese,5,146.44,15,16.72,24,Debit Card,4.0,Delivered,DP070,21.97,141.19,91.46,49.73
ORD100723,CUST1563,REST062,Biryani House,2025-02-14,Delhi,Italian,3,1745.64,20,96.38,75,Cash,3.5,Delivered,DP238,349.13,1492.89,995.98,496.91
ORD100724,CUST1850,REST042,Sweet Treats,2025-03-19,Pune,Indian,2,516.25,25,80.91,56,Cash,4.5,Delivered,DP166,129.06,468.1,320.06,148.04
ORD100725,CUST1505,REST076,The Food Factory,2025-12-03,Mumbai,North Indian,5,1283.47,20,27.68,37,Wallet,4.0,Cancelled,DP065,256.69,1054.46,997.38,57.08
ORD100726,CUST1366,REST042,Spice Hub,2025-12-15,Mumbai,Desserts,4,611.37,10,21.49,53,Credit Card,4.0,Cancelled,DP230,61.14,571.72,451.73,119.99
ORD100727,CUST1143,REST061,Dosa Express,2025-10-15,Bengaluru,Chinese,3,996.65,20,41.2,53,Credit Card,3.0,Delivered,DP050,199.33,838.52,731.92,106.6
ORD100728,CUST1884,REST013,Taste of India,2025-10-07,Ahmedabad,North Indian,2,977.5,15,68.06,28,Credit Card,5.0,Delivered,DP218,146.62,898.94,727.22,171.72
ORD100729,CUST1068,REST011,Royal Kitchen,2025-04-26,Bengaluru,Indian,5,726.66,10,67.41,61,UPI,4.0,Delivered,DP117,72.67,721.4,544.24,177.16
ORD100730,CUST1098,REST054,Curry Corner,2025-09-26,Ahmedabad,Biryani,2,1325.48,0,38.45,36,Debit Card,5.0,Delivered,DP240,0.0,1363.93,828.2,535.73
ORD100731,CUST1395,REST016,Dosa Express,2025-12-01,Kolkata,Chinese,5,1127.39,0,52.88,66,Credit Card,4.0,Delivered,DP087,0.0,1180.27,703.63,476.64
ORD100732,CUST1024,REST008,Dosa Express,2025-11-08,Mumbai,Italian,5,973.91,15,33.01,55,Cash,4.0,Delivered,DP250,146.09,860.83,611.01,249.82
ORD100733,CUST1890,REST059,Spice Hub,2025-02-22,Pune,Indian,5,1771.17,25,19.3,42,UPI,5.0,Delivered,DP001,442.79,1347.68,1307.59,40.09
ORD100734,CUST1468,REST057,Spice Hub,2025-03-09,Mumbai,Desserts,4,1699.22,15,58.94,61,Credit Card,4.0,Cancelled,DP021,254.88,1503.28,1246.18,257.1
ORD100735,CUST1483,REST040,Food Junction,2025-07-01,Delhi,Fast Food,5,1725.13,0,44.49,23,Credit Card,4.0,Delivered,DP057,0.0,1769.62,955.53,814.09
ORD100736,CUST1564,REST059,The Food Factory,2025-02-03,Chennai,Italian,5,1600.62,25,61.15,37,Debit Card,3.0,Cancelled,DP147,400.16,1261.61,1229.77,31.84
ORD100737,CUST1150,REST002,Urban Tadka,2025-10-11,Ahmedabad,Desserts,2,548.66,15,95.45,21,Debit Card,5.0,Delivered,DP029,82.3,561.81,337.8,224.01
ORD100738,CUST1143,REST094,Sweet Treats,2025-11-02,Delhi,Italian,5,707.96,20,27.19,38,UPI,3.5,Delivered,DP178,141.59,593.56,491.33,102.23
ORD100739,CUST1568,REST094,Royal Kitchen,2025-09-06,Kolkata,Chinese,4,508.17,20,15.17,57,Cash,4.5,Delivered,DP218,101.63,421.71,354.29,67.42
ORD100740,CUST1038,REST076,Dragon Bowl,2025-04-21,Kolkata,North Indian,2,1776.78,20,21.53,51,Wallet,4.5,Cancelled,DP034,355.36,1442.95,1023.56,419.39
ORD100741,CUST1108,REST010,Spice Hub,2025-04-04,Ahmedabad,South Indian,5,376.47,0,54.33,73,Cash,3.0,Delivered,DP243,0.0,430.8,267.3,163.5
ORD100742,CUST1692,REST044,Spice Hub,2025-06-28,Ahmedabad,Italian,2,735.74,10,75.09,23,Debit Card,3.0,Delivered,DP081,73.57,737.26,494.95,242.31
ORD100743,CUST1041,REST011,Taste of India,2025-02-16,Mumbai,Indian,4,454.39,15,64.36,52,Debit Card,5.0,Cancelled,DP210,68.16,450.59,313.76,136.83
ORD100744,CUST1185,REST079,Biryani House,2025-10-09,Chennai,Fast Food,2,495.4,15,57.07,21,Wallet,4.5,Delivered,DP054,74.31,478.16,323.39,154.77
ORD100745,CUST1397,REST080,Spice Hub,2025-12-06,Mumbai,Biryani,4,535.11,20,45.09,74,Cash,4.5,Delivered,DP032,107.02,473.18,393.31,79.87
ORD100746,CUST1222,REST081,Biryani House,2025-12-28,Delhi,Fast Food,3,1194.65,10,41.35,37,Cash,4.0,Delivered,DP248,119.46,1116.54,831.58,284.96
ORD100747,CUST1633,REST090,Food Junction,2025-04-02,Delhi,Indian,5,247.76,15,46.98,39,Wallet,4.0,Delivered,DP132,37.16,257.58,147.26,110.32
ORD100748,CUST1132,REST002,Urban Tadka,2025-07-31,Ahmedabad,Chinese,4,1081.85,5,66.99,69,Debit Card,4.5,Delivered,DP030,54.09,1094.75,782.31,312.44
ORD100749,CUST1162,REST050,Dosa Express,2025-03-16,Pune,Indian,5,1496.4,0,29.26,60,UPI,4.5,Delivered,DP095,0.0,1525.66,995.99,529.67
ORD100750,CUST1214,REST012,Dragon Bowl,2025-07-21,Pune,South Indian,4,1407.76,0,80.57,65,Cash,4.5,Delivered,DP146,0.0,1488.33,786.34,701.99
ORD100751,CUST1732,REST090,Spice Hub,2025-10-24,Delhi,South Indian,1,373.97,5,63.9,36,Credit Card,4.0,Delivered,DP069,18.7,419.17,239.65,179.52
ORD100752,CUST1234,REST023,Curry Corner,2025-11-04,Chennai,South Indian,1,1656.75,25,37.88,68,Cash,5.0,Delivered,DP224,414.19,1280.44,1064.29,216.15
ORD100753,CUST1842,REST018,Biryani House,2025-07-30,Ahmedabad,Italian,1,1413.75,0,57.6,57,Cash,3.0,Delivered,DP029,0.0,1471.35,1038.16,433.19
ORD100754,CUST1657,REST062,Taste of India,2025-12-04,Kolkata,Chinese,4,128.91,5,96.84,74,Cash,3.0,Delivered,DP140,6.45,219.3,77.84,141.46
ORD100755,CUST1750,REST096,Sweet Treats,2025-05-14,Pune,North Indian,5,1358.79,5,16.74,21,Debit Card,5.0,Cancelled,DP015,67.94,1307.59,888.76,418.83
ORD100756,CUST1587,REST062,Taste of India,2025-11-26,Pune,South Indian,1,1358.87,25,31.96,20,Credit Card,4.5,Delivered,DP079,339.72,1051.11,764.38,286.73
ORD100757,CUST1008,REST038,Spice Hub,2025-03-07,Hyderabad,North Indian,5,954.65,25,53.11,50,Cash,4.0,Cancelled,DP227,238.66,769.1,718.59,50.51
ORD100758,CUST1073,REST067,The Food Factory,2025-10-07,Hyderabad,Biryani,4,197.25,5,69.27,60,UPI,4.5,Cancelled,DP053,9.86,256.66,128.62,128.04
ORD100759,CUST1491,REST038,Dosa Express,2025-01-28,Pune,Biryani,5,1094.24,0,33.04,36,Credit Card,4.0,Delivered,DP163,0.0,1127.28,817.42,309.86
ORD100760,CUST1252,REST067,Urban Tadka,2025-04-27,Mumbai,North Indian,5,1406.45,0,94.17,49,Wallet,3.0,Delivered,DP235,0.0,1500.62,992.62,508.0
ORD100761,CUST1229,REST094,Curry Corner,2025-11-13,Chennai,Desserts,1,575.07,10,69.62,63,UPI,4.5,Cancelled,DP180,57.51,587.18,358.59,228.59
ORD100762,CUST1518,REST061,The Food Factory,2025-11-21,Bengaluru,Indian,2,1240.67,10,89.58,61,Wallet,4.0,Delivered,DP181,124.07,1206.18,885.74,320.44
ORD100763,CUST1173,REST001,Taste of India,2025-04-24,Pune,South Indian,3,714.6,20,42.99,47,Cash,3.5,Delivered,DP142,142.92,614.67,470.09,144.58
ORD100764,CUST1652,REST094,Biryani House,2025-03-16,Hyderabad,Italian,4,1084.08,15,85.46,35,Debit Card,4.0,Delivered,DP103,162.61,1006.93,681.33,325.6
ORD100765,CUST1167,REST045,Biryani House,2025-07-21,Chennai,Desserts,4,766.07,0,47.15,25,Cash,4.0,Delivered,DP146,0.0,813.22,539.02,274.2
ORD100766,CUST1169,REST096,The Food Factory,2025-02-28,Chennai,Biryani,4,630.32,20,36.48,27,Cash,3.0,Delivered,DP166,126.06,540.74,458.93,81.81
ORD100767,CUST1392,REST028,Biryani House,2025-01-15,Hyderabad,Fast Food,3,1557.94,20,92.49,70,Wallet,5.0,Delivered,DP086,311.59,1338.84,1103.61,235.23
ORD100768,CUST1794,REST021,Taste of India,2025-08-19,Ahmedabad,Chinese,2,1386.45,0,22.84,17,Cash,4.5,Delivered,DP166,0.0,1409.29,910.15,499.14
ORD100769,CUST1633,REST013,The Food Factory,2025-04-15,Chennai,Fast Food,5,700.35,0,95.15,27,UPI,4.0,Delivered,DP055,0.0,795.5,426.96,368.54
ORD100770,CUST1193,REST027,Taste of India,2025-06-14,Ahmedabad,North Indian,4,850.18,5,53.97,64,Debit Card,4.5,Delivered,DP139,42.51,861.64,626.06,235.58
ORD100771,CUST1516,REST100,Curry Corner,2025-07-18,Chennai,Desserts,5,1282.06,0,99.37,70,Wallet,5.0,Delivered,DP067,0.0,1381.43,807.35,574.08
ORD100772,CUST1028,REST007,Dosa Express,2025-12-20,Hyderabad,Biryani,1,1482.61,10,60.87,55,Credit Card,4.5,Delivered,DP053,148.26,1395.22,1024.45,370.77
ORD100773,CUST1164,REST022,Sweet Treats,2025-02-04,Delhi,Biryani,1,1269.69,0,79.39,71,Cash,4.0,Delivered,DP206,0.0,1349.08,732.01,617.07
ORD100774,CUST1421,REST074,Curry Corner,2025-06-11,Pune,Indian,1,1028.77,25,15.6,48,Wallet,3.5,Delivered,DP172,257.19,787.18,740.99,46.19
ORD100775,CUST1338,REST053,Curry Corner,2025-09-02,Mumbai,Indian,4,1723.37,5,57.22,42,Cash,5.0,Delivered,DP153,86.17,1694.42,1325.56,368.86
ORD100776,CUST1647,REST079,Biryani House,2025-10-14,Ahmedabad,South Indian,3,1420.56,0,77.68,54,Cash,4.0,Delivered,DP190,0.0,1498.24,928.1,570.14
ORD100777,CUST1495,REST079,Spice Hub,2025-01-19,Bengaluru,North Indian,4,314.19,20,81.54,48,Wallet,3.0,Delivered,DP142,62.84,332.89,212.43,120.46
ORD100778,CUST1364,REST004,Pizza Point,2025-10-07,Mumbai,Chinese,1,1057.67,0,28.43,46,UPI,4.5,Delivered,DP047,0.0,1086.1,800.53,285.57
ORD100779,CUST1832,REST096,Biryani House,2025-12-06,Delhi,South Indian,1,808.06,25,50.61,37,Credit Card,3.5,Delivered,DP095,202.02,656.65,592.24,64.41
ORD100780,CUST1341,REST023,Spice Hub,2025-12-14,Kolkata,Desserts,4,1455.49,25,50.62,38,Cash,5.0,Cancelled,DP089,363.87,1142.24,1122.65,19.59
ORD100781,CUST1499,REST070,Taste of India,2025-07-01,Delhi,Indian,3,195.03,20,23.81,15,UPI,5.0,Delivered,DP183,39.01,179.83,119.2,60.63
ORD100782,CUST1656,REST088,Pizza Point,2025-05-27,Chennai,Italian,3,810.02,0,52.66,38,Cash,4.5,Delivered,DP233,0.0,862.68,533.07,329.61
ORD100783,CUST1510,REST084,Biryani House,2025-06-25,Mumbai,Chinese,5,654.7,15,83.6,17,Cash,5.0,Cancelled,DP211,98.2,640.1,428.7,211.4
ORD100784,CUST1326,REST084,Royal Kitchen,2025-06-12,Ahmedabad,Italian,2,357.19,5,40.52,75,UPI,4.0,Cancelled,DP140,17.86,379.85,235.32,144.53
ORD100785,CUST1216,REST076,Pizza Point,2025-06-24,Ahmedabad,Desserts,1,756.39,20,51.77,31,Cash,4.5,Delivered,DP007,151.28,656.88,574.87,82.01
ORD100786,CUST1300,REST033,Pizza Point,2025-02-16,Delhi,South Indian,3,1250.3,0,96.68,21,Credit Card,4.5,Delivered,DP177,0.0,1346.98,746.76,600.22
ORD100787,CUST1131,REST028,Food Junction,2025-09-13,Mumbai,Indian,1,727.62,15,17.7,24,Wallet,3.0,Delivered,DP142,109.14,636.18,549.95,86.23
ORD100788,CUST1803,REST008,Dosa Express,2025-06-23,Delhi,Chinese,2,1094.41,15,65.28,33,UPI,5.0,Delivered,DP157,164.16,995.53,745.69,249.84
ORD100789,CUST1069,REST001,Food Junction,2025-04-13,Bengaluru,Desserts,1,1115.92,0,78.19,38,Debit Card,5.0,Delivered,DP175,0.0,1194.11,751.54,442.57
ORD100790,CUST1251,REST037,Spice Hub,2025-05-01,Delhi,South Indian,3,1106.35,20,79.68,23,Cash,5.0,Cancelled,DP142,221.27,964.76,714.48,250.28
ORD100791,CUST1414,REST063,Urban Tadka,2025-12-16,Mumbai,Biryani,5,1009.61,20,75.85,64,Wallet,4.5,Delivered,DP215,201.92,883.54,680.6,202.94
ORD100792,CUST1786,REST022,The Food Factory,2025-05-25,Chennai,South Indian,4,316.54,10,76.75,29,Credit Card,4.0,Delivered,DP179,31.65,361.64,232.58,129.06
ORD100793,CUST1444,REST070,Royal Kitchen,2025-02-11,Mumbai,North Indian,4,487.01,10,20.02,63,Credit Card,4.0,Cancelled,DP243,48.7,458.33,322.99,135.34
ORD100794,CUST1875,REST021,Sweet Treats,2025-01-29,Hyderabad,Fast Food,3,1464.11,10,60.4,70,Debit Card,3.5,Delivered,DP142,146.41,1378.1,1066.58,311.52
ORD100795,CUST1181,REST096,Urban Tadka,2025-09-30,Mumbai,Biryani,3,963.97,20,81.55,72,Credit Card,3.5,Delivered,DP087,192.79,852.73,622.56,230.17
ORD100796,CUST1166,REST035,The Food Factory,2025-01-14,Bengaluru,Italian,2,1306.21,20,23.0,36,Wallet,4.0,Delivered,DP136,261.24,1067.97,773.36,294.61
ORD100797,CUST1090,REST079,Spice Hub,2025-11-02,Pune,Biryani,1,1077.45,10,16.02,72,Debit Card,4.5,Delivered,DP077,107.74,985.73,695.36,290.37
ORD100798,CUST1713,REST005,Dragon Bowl,2025-11-09,Bengaluru,South Indian,2,185.0,5,84.24,31,UPI,4.5,Delivered,DP100,9.25,259.99,132.53,127.46
ORD100799,CUST1857,REST060,Spice Hub,2025-07-08,Bengaluru,Desserts,4,1457.64,25,75.55,33,Debit Card,4.0,Delivered,DP108,364.41,1168.78,1087.26,81.52
ORD100800,CUST1530,REST046,Taste of India,2025-12-26,Delhi,Biryani,1,228.06,25,50.04,23,UPI,4.5,Delivered,DP065,57.02,221.08,165.91,55.17
ORD100801,CUST1038,REST050,Sweet Treats,2025-10-22,Bengaluru,Fast Food,2,1704.53,25,94.93,71,Credit Card,4.0,Delivered,DP037,426.13,1373.33,1084.29,289.04
ORD100802,CUST1125,REST048,Dragon Bowl,2025-07-02,Mumbai,North Indian,4,481.83,0,80.16,52,Wallet,4.5,Cancelled,DP218,0.0,561.99,329.19,232.8
ORD100803,CUST1450,REST006,Dosa Express,2025-12-18,Ahmedabad,South Indian,1,980.84,0,97.27,33,Cash,5.0,Delivered,DP196,0.0,1078.11,620.78,457.33
ORD100804,CUST1172,REST089,Pizza Point,2025-02-05,Pune,Fast Food,5,226.83,5,93.99,22,Debit Card,4.5,Delivered,DP016,11.34,309.48,161.51,147.97
ORD100805,CUST1652,REST056,Food Junction,2025-02-06,Ahmedabad,Biryani,5,1623.49,0,55.91,20,Credit Card,3.0,Delivered,DP217,0.0,1679.4,1055.89,623.51
ORD100806,CUST1753,REST059,Food Junction,2025-01-14,Kolkata,Fast Food,2,1766.3,25,79.15,63,Wallet,4.0,Delivered,DP211,441.58,1403.87,1282.18,121.69
ORD100807,CUST1219,REST029,Spice Hub,2025-05-03,Chennai,Biryani,3,365.77,25,71.88,52,Cash,4.5,Delivered,DP148,91.44,346.21,202.25,143.96
ORD100808,CUST1637,REST071,Food Junction,2025-03-24,Kolkata,Chinese,1,616.92,0,83.97,59,Debit Card,4.5,Delivered,DP218,0.0,700.89,387.57,313.32
ORD100809,CUST1057,REST077,Royal Kitchen,2025-06-08,Bengaluru,Biryani,2,146.67,20,81.95,35,Wallet,5.0,Cancelled,DP243,29.33,199.29,110.29,89.0
ORD100810,CUST1659,REST018,Royal Kitchen,2025-11-25,Ahmedabad,Indian,3,1442.1,15,28.02,70,Credit Card,3.0,Delivered,DP224,216.32,1253.8,900.47,353.33
ORD100811,CUST1475,REST002,Royal Kitchen,2025-04-12,Mumbai,Fast Food,3,643.26,20,34.87,43,Debit Card,4.0,Delivered,DP195,128.65,549.48,412.2,137.28
ORD100812,CUST1455,REST008,Dragon Bowl,2025-12-03,Delhi,Desserts,1,1109.25,0,37.59,48,Debit Card,4.0,Delivered,DP112,0.0,1146.84,811.82,335.02
ORD100813,CUST1828,REST075,Spice Hub,2025-03-24,Delhi,North Indian,1,185.89,5,84.57,26,UPI,4.5,Cancelled,DP199,9.29,261.17,106.28,154.89
ORD100814,CUST1894,REST097,Pizza Point,2025-02-13,Chennai,Fast Food,3,1321.97,0,83.91,53,UPI,4.5,Delivered,DP032,0.0,1405.88,821.92,583.96
ORD100815,CUST1360,REST054,Spice Hub,2025-03-09,Chennai,Italian,4,1009.4,0,57.1,46,Debit Card,3.5,Delivered,DP197,0.0,1066.5,734.97,331.53
ORD100816,CUST1000,REST038,Taste of India,2025-02-17,Mumbai,North Indian,2,1337.97,5,64.37,20,Wallet,4.0,Delivered,DP085,66.9,1335.44,1030.39,305.05
ORD100817,CUST1386,REST048,Dosa Express,2025-02-26,Chennai,North Indian,1,1446.47,15,85.29,31,Credit Card,4.5,Delivered,DP158,216.97,1314.79,1056.0,258.79
ORD100818,CUST1347,REST027,Curry Corner,2025-03-16,Ahmedabad,Italian,3,269.93,10,41.57,46,Cash,5.0,Delivered,DP148,26.99,284.51,159.17,125.34
ORD100819,CUST1189,REST020,Biryani House,2025-01-22,Ahmedabad,Indian,4,1091.19,15,19.27,74,UPI,4.0,Cancelled,DP186,163.68,946.78,809.72,137.06
ORD100820,CUST1504,REST012,Dragon Bowl,2025-05-12,Chennai,Fast Food,5,1211.91,15,56.02,22,Credit Card,3.5,Delivered,DP029,181.79,1086.14,799.17,286.97
ORD100821,CUST1190,REST043,Dosa Express,2025-10-29,Delhi,North Indian,3,988.09,25,92.67,52,Debit Card,4.5,Delivered,DP152,247.02,833.74,721.4,112.34
ORD100822,CUST1507,REST061,Dosa Express,2025-09-24,Mumbai,Fast Food,4,426.45,0,82.19,43,Credit Card,4.0,Cancelled,DP129,0.0,508.64,258.02,250.62
ORD100823,CUST1368,REST031,Urban Tadka,2025-10-14,Pune,North Indian,5,1456.6,0,46.16,45,Credit Card,4.5,Delivered,DP235,0.0,1502.76,915.42,587.34
ORD100824,CUST1408,REST091,Sweet Treats,2025-04-30,Chennai,Italian,4,1795.73,10,20.51,33,Credit Card,4.0,Delivered,DP217,179.57,1636.67,1360.04,276.63
ORD100825,CUST1823,REST096,Sweet Treats,2025-09-03,Mumbai,Italian,1,1748.37,5,69.14,67,Debit Card,4.5,Delivered,DP027,87.42,1730.09,1327.86,402.23
ORD100826,CUST1116,REST061,Dragon Bowl,2025-02-25,Bengaluru,Biryani,3,1426.25,10,85.93,69,UPI,5.0,Delivered,DP217,142.62,1369.56,877.99,491.57
ORD100827,CUST1133,REST074,Royal Kitchen,2025-02-07,Delhi,South Indian,5,822.42,0,71.52,23,Cash,4.0,Delivered,DP021,0.0,893.94,468.14,425.8
ORD100828,CUST1057,REST067,The Food Factory,2025-09-02,Pune,Fast Food,4,686.66,0,51.13,66,Wallet,5.0,Cancelled,DP145,0.0,737.79,524.38,213.41
ORD100829,CUST1555,REST091,Biryani House,2025-01-21,Ahmedabad,Fast Food,5,235.16,0,25.49,42,UPI,5.0,Delivered,DP092,0.0,260.65,145.59,115.06
ORD100830,CUST1684,REST035,Pizza Point,2025-04-20,Delhi,North Indian,2,819.36,5,92.42,62,Cash,4.0,Cancelled,DP160,40.97,870.81,473.28,397.53
ORD100831,CUST1671,REST095,Royal Kitchen,2025-04-04,Delhi,Biryani,3,382.16,10,38.46,64,Debit Card,3.5,Cancelled,DP172,38.22,382.4,240.79,141.61
ORD100832,CUST1172,REST015,Dragon Bowl,2025-05-16,Ahmedabad,Desserts,1,547.28,15,34.06,65,Cash,5.0,Delivered,DP114,82.09,499.25,336.5,162.75
ORD100833,CUST1828,REST016,Curry Corner,2025-08-19,Hyderabad,Fast Food,5,1618.37,0,84.36,53,Debit Card,4.5,Delivered,DP098,0.0,1702.73,920.09,782.64
ORD100834,CUST1814,REST013,Curry Corner,2025-01-08,Mumbai,North Indian,4,1747.12,20,98.4,54,Cash,4.0,Cancelled,DP022,349.42,1496.1,1356.22,139.88
ORD100835,CUST1148,REST035,Dragon Bowl,2025-11-24,Ahmedabad,Indian,5,1713.58,0,71.11,67,UPI,4.0,Delivered,DP042,0.0,1784.69,1058.25,726.44
ORD100836,CUST1079,REST075,Sweet Treats,2025-10-17,Bengaluru,Italian,4,444.84,0,68.11,45,Debit Card,4.5,Delivered,DP121,0.0,512.95,272.53,240.42
ORD100837,CUST1885,REST059,Dosa Express,2025-09-08,Chennai,Italian,5,1633.5,10,42.15,33,Credit Card,3.5,Delivered,DP211,163.35,1512.3,1056.19,456.11
ORD100838,CUST1212,REST021,Taste of India,2025-12-27,Bengaluru,South Indian,1,357.73,15,16.74,47,Debit Card,4.5,Delivered,DP190,53.66,320.81,230.88,89.93
ORD100839,CUST1202,REST054,The Food Factory,2025-03-28,Mumbai,Italian,1,972.87,5,31.3,40,Debit Card,4.5,Delivered,DP048,48.64,955.53,632.15,323.38
ORD100840,CUST1763,REST075,Spice Hub,2025-07-23,Ahmedabad,Chinese,3,1201.35,15,64.68,59,Cash,5.0,Delivered,DP136,180.2,1085.83,911.25,174.58
ORD100841,CUST1228,REST030,The Food Factory,2025-08-07,Delhi,Indian,1,896.94,10,27.86,15,Debit Card,4.5,Delivered,DP130,89.69,835.11,505.74,329.37
ORD100842,CUST1675,REST048,Urban Tadka,2025-08-29,Ahmedabad,Indian,5,1719.09,15,90.13,25,Cash,4.5,Delivered,DP133,257.86,1551.36,1317.82,233.54
ORD100843,CUST1226,REST035,The Food Factory,2025-11-16,Hyderabad,Biryani,5,679.8,10,30.99,16,UPI,4.5,Cancelled,DP028,67.98,642.81,478.01,164.8
ORD100844,CUST1658,REST086,Dosa Express,2025-09-15,Mumbai,Chinese,1,1005.99,15,59.38,67,Debit Card,4.0,Cancelled,DP132,150.9,914.47,714.68,199.79
ORD100845,CUST1531,REST038,Pizza Point,2025-04-19,Pune,Fast Food,2,246.76,0,58.52,49,Credit Card,4.5,Delivered,DP053,0.0,305.28,144.68,160.6
ORD100846,CUST1440,REST031,Dosa Express,2025-09-13,Pune,South Indian,5,1551.74,0,66.34,27,Credit Card,4.5,Delivered,DP100,0.0,1618.08,970.92,647.16
ORD100847,CUST1401,REST078,Sweet Treats,2025-10-09,Mumbai,Indian,3,814.45,10,42.83,53,UPI,5.0,Cancelled,DP129,81.44,775.84,457.73,318.11
ORD100848,CUST1046,REST024,Pizza Point,2025-08-08,Chennai,Chinese,2,1296.89,10,89.25,48,Credit Card,4.5,Delivered,DP079,129.69,1256.45,908.09,348.36
ORD100849,CUST1232,REST049,Food Junction,2025-03-24,Bengaluru,Chinese,1,1266.17,0,52.77,48,Cash,4.5,Delivered,DP205,0.0,1318.94,795.36,523.58
ORD100850,CUST1304,REST096,Pizza Point,2025-04-17,Bengaluru,North Indian,4,1256.12,20,74.51,49,Debit Card,3.5,Cancelled,DP223,251.22,1079.41,850.13,229.28
ORD100851,CUST1525,REST100,The Food Factory,2025-03-10,Chennai,Indian,5,971.66,20,69.05,46,Wallet,5.0,Cancelled,DP209,194.33,846.38,702.63,143.75
ORD100852,CUST1142,REST032,The Food Factory,2025-04-07,Hyderabad,Desserts,4,586.23,5,24.96,59,Debit Card,4.0,Delivered,DP134,29.31,581.88,397.06,184.82
ORD100853,CUST1414,REST055,The Food Factory,2025-07-31,Delhi,North Indian,3,1170.16,10,67.92,26,Debit Card,5.0,Delivered,DP088,117.02,1121.06,662.83,458.23
ORD100854,CUST1512,REST079,Food Junction,2025-10-13,Kolkata,Biryani,2,1735.81,0,61.81,47,Wallet,4.0,Delivered,DP183,0.0,1797.62,979.3,818.32
ORD100855,CUST1372,REST058,Sweet Treats,2025-08-25,Kolkata,Chinese,4,1521.03,15,91.38,32,Credit Card,3.5,Delivered,DP052,228.15,1384.26,1139.93,244.33
ORD100856,CUST1565,REST099,Spice Hub,2025-01-08,Delhi,Italian,3,302.73,0,89.87,19,Credit Card,5.0,Cancelled,DP077,0.0,392.6,184.75,207.85
ORD100857,CUST1885,REST003,Royal Kitchen,2025-10-21,Pune,Chinese,4,158.95,10,27.83,33,Debit Card,4.5,Delivered,DP213,15.9,170.88,100.66,70.22
ORD100858,CUST1258,REST080,Biryani House,2025-07-08,Hyderabad,Fast Food,4,958.27,5,21.94,45,Credit Card,4.5,Delivered,DP024,47.91,932.3,575.18,357.12
ORD100859,CUST1655,REST069,Sweet Treats,2025-03-22,Chennai,Indian,3,1423.39,10,40.04,41,Cash,3.5,Cancelled,DP190,142.34,1321.09,1011.66,309.43
ORD100860,CUST1470,REST085,Royal Kitchen,2025-04-18,Kolkata,Desserts,5,647.36,5,98.86,56,Cash,5.0,Delivered,DP246,32.37,713.85,413.54,300.31
ORD100861,CUST1011,REST010,The Food Factory,2025-11-17,Mumbai,Fast Food,4,1298.08,0,16.83,52,Wallet,4.5,Delivered,DP184,0.0,1314.91,850.18,464.73
ORD100862,CUST1329,REST083,Dragon Bowl,2025-03-08,Ahmedabad,Biryani,3,1685.63,15,72.2,64,Debit Card,4.0,Delivered,DP214,252.84,1504.99,1188.58,316.41
ORD100863,CUST1735,REST025,Royal Kitchen,2025-06-23,Bengaluru,South Indian,4,891.09,0,66.72,29,Cash,5.0,Delivered,DP093,0.0,957.81,617.8,340.01
ORD100864,CUST1783,REST068,Sweet Treats,2025-12-12,Ahmedabad,Italian,5,530.19,5,69.96,60,UPI,4.5,Delivered,DP152,26.51,573.64,386.03,187.61
ORD100865,CUST1357,REST061,Urban Tadka,2025-12-17,Mumbai,Indian,3,1661.83,0,33.55,70,Credit Card,3.5,Delivered,DP108,0.0,1695.38,1200.22,495.16
ORD100866,CUST1407,REST029,Curry Corner,2025-11-24,Bengaluru,Chinese,4,913.4,25,34.27,62,Debit Card,4.5,Cancelled,DP204,228.35,719.32,594.78,124.54
ORD100867,CUST1667,REST019,Curry Corner,2025-02-12,Mumbai,Italian,1,805.17,0,51.6,18,Cash,4.5,Delivered,DP020,0.0,856.77,478.37,378.4
ORD100868,CUST1372,REST043,Dragon Bowl,2025-07-06,Chennai,Chinese,5,713.65,10,23.15,33,Wallet,5.0,Delivered,DP234,71.36,665.44,429.15,236.29
ORD100869,CUST1007,REST066,Biryani House,2025-10-29,Chennai,Biryani,4,830.67,5,21.34,35,Cash,4.0,Delivered,DP034,41.53,810.48,591.89,218.59
ORD100870,CUST1121,REST074,Biryani House,2025-07-19,Hyderabad,South Indian,2,1251.75,15,22.51,54,UPI,4.5,Delivered,DP015,187.76,1086.5,763.69,322.81
ORD100871,CUST1347,REST061,Spice Hub,2025-02-08,Mumbai,Desserts,3,848.65,25,63.7,71,Cash,4.5,Delivered,DP051,212.16,700.19,552.73,147.46
ORD100872,CUST1675,REST043,Urban Tadka,2025-08-08,Mumbai,Desserts,4,664.7,5,48.81,15,Debit Card,3.5,Delivered,DP245,33.24,680.27,382.08,298.19
ORD100873,CUST1089,REST025,Dosa Express,2025-11-03,Hyderabad,Indian,5,1369.31,20,39.96,34,Wallet,3.0,Delivered,DP127,273.86,1135.41,791.62,343.79
ORD100874,CUST1647,REST020,Sweet Treats,2025-01-04,Hyderabad,Biryani,5,460.99,10,41.84,36,Wallet,4.5,Delivered,DP004,46.1,456.73,280.05,176.68
ORD100875,CUST1697,REST048,Pizza Point,2025-05-01,Ahmedabad,Biryani,2,459.25,10,32.62,68,UPI,4.5,Delivered,DP053,45.92,445.95,261.55,184.4
ORD100876,CUST1315,REST083,Pizza Point,2025-12-02,Chennai,South Indian,2,1290.01,15,49.98,27,Debit Card,4.5,Delivered,DP142,193.5,1146.49,790.97,355.52
ORD100877,CUST1177,REST087,Dosa Express,2025-03-18,Ahmedabad,Biryani,4,1576.07,15,32.26,55,UPI,5.0,Delivered,DP193,236.41,1371.92,1072.81,299.11
ORD100878,CUST1539,REST024,Curry Corner,2025-06-28,Chennai,Biryani,1,525.23,0,74.33,15,UPI,4.5,Delivered,DP161,0.0,599.56,378.85,220.71
ORD100879,CUST1731,REST011,Dosa Express,2025-05-13,Ahmedabad,Chinese,5,441.09,25,25.53,29,UPI,4.5,Delivered,DP124,110.27,356.35,245.92,110.43
ORD100880,CUST1868,REST098,Sweet Treats,2025-11-07,Pune,North Indian,1,1246.11,25,95.6,75,Cash,3.0,Delivered,DP050,311.53,1030.18,857.5,172.68
ORD100881,CUST1040,REST055,Royal Kitchen,2025-08-17,Mumbai,Fast Food,1,1162.95,0,22.63,29,Credit Card,3.5,Delivered,DP239,0.0,1185.58,736.77,448.81
ORD100882,CUST1739,REST028,Urban Tadka,2025-10-03,Ahmedabad,Chinese,4,871.38,5,95.19,28,Cash,4.5,Delivered,DP235,43.57,923.0,524.68,398.32
ORD100883,CUST1703,REST069,The Food Factory,2025-06-01,Ahmedabad,Desserts,3,281.05,0,85.83,19,Debit Card,4.5,Delivered,DP063,0.0,366.88,156.64,210.24
ORD100884,CUST1501,REST063,Food Junction,2025-06-13,Chennai,South Indian,3,274.2,0,72.86,72,UPI,4.5,Delivered,DP050,0.0,347.06,171.37,175.69
ORD100885,CUST1144,REST059,Dragon Bowl,2025-10-17,Kolkata,Italian,3,1425.93,25,92.55,63,UPI,4.5,Delivered,DP093,356.48,1162.0,1043.25,118.75
ORD100886,CUST1200,REST005,The Food Factory,2025-04-19,Chennai,South Indian,2,878.97,0,26.83,20,Credit Card,4.5,Delivered,DP248,0.0,905.8,590.58,315.22
ORD100887,CUST1723,REST051,Food Junction,2025-05-06,Mumbai,South Indian,5,1561.38,20,29.99,55,Wallet,3.5,Cancelled,DP074,312.28,1279.09,1137.31,141.78
ORD100888,CUST1460,REST021,Pizza Point,2025-08-28,Hyderabad,South Indian,2,1085.55,15,36.43,45,UPI,4.5,Delivered,DP164,162.83,959.15,700.01,259.14
ORD100889,CUST1731,REST012,Dragon Bowl,2025-11-06,Mumbai,South Indian,5,1159.48,15,35.81,66,Cash,4.0,Delivered,DP206,173.92,1021.37,862.59,158.78
ORD100890,CUST1751,REST050,Biryani House,2025-12-11,Kolkata,Biryani,5,1689.45,10,41.42,40,UPI,4.5,Delivered,DP086,168.94,1561.93,987.62,574.31
ORD100891,CUST1557,REST004,Royal Kitchen,2025-05-26,Delhi,South Indian,5,396.55,5,63.93,72,Debit Card,4.5,Cancelled,DP242,19.83,440.65,292.89,147.76
ORD100892,CUST1546,REST042,Sweet Treats,2025-09-09,Mumbai,Italian,4,1032.28,5,17.39,39,Credit Card,4.5,Delivered,DP097,51.61,998.06,680.77,317.29
ORD100893,CUST1252,REST084,The Food Factory,2025-07-02,Delhi,South Indian,3,217.67,5,47.49,65,Wallet,4.0,Cancelled,DP220,10.88,254.28,157.07,97.21
ORD100894,CUST1389,REST038,Dosa Express,2025-11-05,Ahmedabad,Chinese,2,722.99,0,35.94,73,Debit Card,4.0,Delivered,DP199,0.0,758.93,437.62,321.31
ORD100895,CUST1593,REST025,Urban Tadka,2025-11-02,Mumbai,Biryani,2,368.81,0,66.56,69,Cash,4.0,Delivered,DP100,0.0,435.37,244.08,191.29
ORD100896,CUST1882,REST014,Urban Tadka,2025-03-13,Kolkata,Desserts,4,435.56,5,98.74,67,Debit Card,4.5,Delivered,DP228,21.78,512.52,312.97,199.55
ORD100897,CUST1255,REST075,Curry Corner,2025-08-07,Delhi,Chinese,5,1690.46,10,59.0,72,UPI,4.0,Cancelled,DP178,169.05,1580.41,1117.84,462.57
ORD100898,CUST1708,REST032,Urban Tadka,2025-07-26,Delhi,Desserts,3,1145.95,0,51.18,63,Credit Card,3.5,Delivered,DP169,0.0,1197.13,751.01,446.12
ORD100899,CUST1814,REST011,Urban Tadka,2025-06-22,Kolkata,Biryani,1,1618.83,20,46.3,53,UPI,5.0,Cancelled,DP098,323.77,1341.36,1192.19,149.17
ORD100900,CUST1449,REST061,Biryani House,2025-05-21,Mumbai,Chinese,1,865.11,0,81.72,54,Credit Card,4.5,Delivered,DP229,0.0,946.83,508.11,438.72
ORD100901,CUST1009,REST018,Dosa Express,2025-09-29,Pune,Desserts,4,1124.04,5,21.12,29,Cash,3.5,Delivered,DP198,56.2,1088.96,741.05,347.91
ORD100902,CUST1823,REST027,Pizza Point,2025-08-02,Chennai,Indian,3,173.92,15,96.58,20,Debit Card,4.5,Delivered,DP227,26.09,244.41,128.55,115.86
ORD100903,CUST1797,REST055,Urban Tadka,2025-09-26,Bengaluru,Fast Food,1,908.76,0,50.52,15,Credit Card,4.5,Delivered,DP155,0.0,959.28,676.49,282.79
ORD100904,CUST1241,REST054,Pizza Point,2025-01-20,Chennai,Fast Food,1,1067.62,0,41.66,55,Debit Card,4.5,Delivered,DP030,0.0,1109.28,616.23,493.05
ORD100905,CUST1250,REST082,Biryani House,2025-03-07,Delhi,Biryani,2,148.19,0,97.8,21,Credit Card,4.5,Delivered,DP160,0.0,245.99,110.48,135.51
ORD100906,CUST1876,REST087,Urban Tadka,2025-10-30,Ahmedabad,Indian,3,1446.34,0,94.55,68,UPI,3.5,Delivered,DP211,0.0,1540.89,799.53,741.36
ORD100907,CUST1004,REST075,Dragon Bowl,2025-05-27,Mumbai,Italian,1,616.31,0,69.56,66,Credit Card,4.0,Delivered,DP022,0.0,685.87,460.25,225.62
ORD100908,CUST1118,REST021,Sweet Treats,2025-06-14,Mumbai,Indian,2,880.18,0,16.57,65,Credit Card,3.5,Delivered,DP213,0.0,896.75,537.7,359.05
ORD100909,CUST1800,REST044,Curry Corner,2025-11-06,Ahmedabad,North Indian,3,1019.86,0,78.63,18,Wallet,4.0,Delivered,DP069,0.0,1098.49,696.54,401.95
ORD100910,CUST1373,REST005,The Food Factory,2025-01-06,Mumbai,Biryani,5,1786.89,0,43.52,15,Cash,4.5,Delivered,DP149,0.0,1830.41,986.75,843.66
ORD100911,CUST1064,REST087,Sweet Treats,2025-01-14,Mumbai,Indian,3,286.63,0,48.0,55,UPI,4.0,Delivered,DP233,0.0,334.63,205.87,128.76
ORD100912,CUST1145,REST041,Taste of India,2025-05-12,Pune,Italian,4,1052.87,10,28.49,16,UPI,4.5,Delivered,DP056,105.29,976.07,683.59,292.48
ORD100913,CUST1223,REST059,Dragon Bowl,2025-12-08,Bengaluru,Biryani,2,1011.4,15,59.49,62,Debit Card,4.5,Delivered,DP084,151.71,919.18,753.02,166.16
ORD100914,CUST1238,REST089,Spice Hub,2025-08-31,Hyderabad,Fast Food,5,235.77,20,78.29,48,Credit Card,4.0,Delivered,DP230,47.15,266.91,159.8,107.11
ORD100915,CUST1176,REST054,Urban Tadka,2025-08-19,Delhi,South Indian,2,1185.02,0,38.21,49,Credit Card,3.5,Delivered,DP159,0.0,1223.23,879.25,343.98
ORD100916,CUST1778,REST074,Pizza Point,2025-08-16,Bengaluru,Indian,2,601.92,0,94.79,60,Credit Card,4.0,Delivered,DP101,0.0,696.71,415.74,280.97
ORD100917,CUST1852,REST022,Spice Hub,2025-06-11,Chennai,Fast Food,1,294.33,0,31.55,27,UPI,4.0,Delivered,DP187,0.0,325.88,212.37,113.51
ORD100918,CUST1281,REST083,Food Junction,2025-10-10,Hyderabad,Fast Food,3,420.12,0,20.63,31,Wallet,4.5,Delivered,DP198,0.0,440.75,303.34,137.41
ORD100919,CUST1062,REST065,Urban Tadka,2025-09-20,Hyderabad,Chinese,2,1503.65,20,69.77,24,Debit Card,5.0,Delivered,DP095,300.73,1272.69,912.31,360.38
ORD100920,CUST1216,REST064,Taste of India,2025-05-11,Ahmedabad,Italian,2,294.93,25,87.19,17,Credit Card,4.5,Delivered,DP239,73.73,308.39,201.37,107.02
ORD100921,CUST1853,REST071,Biryani House,2025-08-13,Mumbai,North Indian,4,904.44,0,96.02,18,Wallet,4.5,Delivered,DP171,0.0,1000.46,679.22,321.24
ORD100922,CUST1826,REST004,Curry Corner,2025-09-15,Bengaluru,South Indian,4,448.06,0,80.21,39,Cash,4.0,Delivered,DP216,0.0,528.27,337.0,191.27
ORD100923,CUST1794,REST065,Taste of India,2025-08-22,Ahmedabad,Indian,4,392.7,15,31.97,51,UPI,4.5,Delivered,DP182,58.9,365.77,250.73,115.04
ORD100924,CUST1688,REST015,Pizza Point,2025-12-02,Chennai,Fast Food,2,465.6,0,98.1,57,Cash,4.5,Cancelled,DP246,0.0,563.7,290.87,272.83
ORD100925,CUST1460,REST076,Biryani House,2025-11-12,Mumbai,Fast Food,5,947.88,15,93.15,52,UPI,3.0,Cancelled,DP146,142.18,898.85,663.91,234.94
ORD100926,CUST1609,REST022,Royal Kitchen,2025-01-24,Mumbai,North Indian,3,519.48,15,28.87,43,Debit Card,5.0,Delivered,DP183,77.92,470.43,378.73,91.7
ORD100927,CUST1104,REST086,The Food Factory,2025-09-28,Kolkata,Italian,2,282.51,25,62.5,15,Cash,3.0,Delivered,DP029,70.63,274.38,157.69,116.69
ORD100928,CUST1098,REST047,Biryani House,2025-04-05,Kolkata,South Indian,1,1466.35,25,62.22,65,Debit Card,4.5,Cancelled,DP124,366.59,1161.98,838.0,323.98
ORD100929,CUST1510,REST081,Urban Tadka,2025-05-22,Kolkata,Desserts,5,1026.9,15,52.62,44,Debit Card,4.5,Delivered,DP189,154.04,925.48,748.72,176.76
ORD100930,CUST1384,REST093,Spice Hub,2025-07-01,Pune,South Indian,5,383.51,15,98.66,53,Debit Card,5.0,Delivered,DP051,57.53,424.64,249.46,175.18
ORD100931,CUST1404,REST046,Spice Hub,2025-07-25,Ahmedabad,North Indian,3,912.0,10,20.07,69,Cash,5.0,Delivered,DP076,91.2,840.87,641.65,199.22
ORD100932,CUST1822,REST014,Pizza Point,2025-03-22,Delhi,Fast Food,5,234.85,0,68.31,24,Cash,5.0,Delivered,DP012,0.0,303.16,173.48,129.68
ORD100933,CUST1517,REST050,Biryani House,2025-10-01,Hyderabad,Fast Food,3,1095.12,0,32.45,43,Cash,4.5,Delivered,DP093,0.0,1127.57,792.94,334.63
ORD100934,CUST1475,REST020,Taste of India,2025-10-03,Chennai,Fast Food,5,691.71,0,59.82,58,Credit Card,4.5,Delivered,DP189,0.0,751.53,509.26,242.27
ORD100935,CUST1708,REST050,Dragon Bowl,2025-07-27,Hyderabad,Fast Food,3,293.93,0,81.28,46,Debit Card,3.5,Cancelled,DP071,0.0,375.21,196.4,178.81
ORD100936,CUST1862,REST033,Pizza Point,2025-10-23,Bengaluru,Desserts,4,428.52,20,35.97,58,Credit Card,4.5,Cancelled,DP144,85.7,378.79,251.24,127.55
ORD100937,CUST1644,REST059,Royal Kitchen,2025-02-08,Delhi,Chinese,4,700.78,15,48.44,75,UPI,5.0,Cancelled,DP128,105.12,644.1,461.75,182.35
ORD100938,CUST1869,REST043,Curry Corner,2025-10-15,Mumbai,Chinese,5,1474.76,5,95.82,15,Cash,4.0,Delivered,DP012,73.74,1496.84,1137.86,358.98
ORD100939,CUST1770,REST079,Pizza Point,2025-05-04,Delhi,North Indian,5,411.91,25,79.73,55,Wallet,3.0,Delivered,DP062,102.98,388.66,255.49,133.17
ORD100940,CUST1436,REST012,Pizza Point,2025-12-30,Mumbai,South Indian,3,304.24,0,63.68,31,UPI,4.0,Delivered,DP213,0.0,367.92,196.67,171.25
ORD100941,CUST1022,REST040,The Food Factory,2025-10-10,Ahmedabad,Biryani,3,986.78,25,33.87,69,Debit Card,4.0,Delivered,DP196,246.7,773.95,716.45,57.5
ORD100942,CUST1564,REST020,Sweet Treats,2025-06-29,Kolkata,Desserts,2,1058.61,25,51.15,26,Debit Card,4.0,Delivered,DP106,264.65,845.11,600.73,244.38
ORD100943,CUST1676,REST094,Urban Tadka,2025-04-07,Delhi,Desserts,4,271.61,5,80.8,74,Credit Card,4.0,Delivered,DP060,13.58,338.83,196.68,142.15
ORD100944,CUST1713,REST038,The Food Factory,2025-07-10,Mumbai,Indian,2,597.93,25,84.75,16,Cash,4.0,Delivered,DP081,149.48,533.2,366.57,166.63
ORD100945,CUST1457,REST003,Spice Hub,2025-03-15,Hyderabad,Italian,2,561.44,20,35.79,23,Cash,4.0,Cancelled,DP028,112.29,484.94,343.31,141.63
ORD100946,CUST1082,REST028,Spice Hub,2025-09-30,Kolkata,Biryani,1,432.85,10,71.28,26,UPI,3.5,Delivered,DP064,43.28,460.85,296.05,164.8
ORD100947,CUST1144,REST056,Dragon Bowl,2025-02-18,Kolkata,Chinese,3,650.27,0,23.08,74,UPI,5.0,Delivered,DP095,0.0,673.35,395.83,277.52
ORD100948,CUST1084,REST090,Food Junction,2025-12-03,Kolkata,Chinese,1,182.34,0,16.97,39,UPI,4.5,Delivered,DP239,0.0,199.31,127.18,72.13
ORD100949,CUST1077,REST094,Food Junction,2025-07-29,Hyderabad,Chinese,1,1214.6,0,61.64,71,Wallet,4.5,Delivered,DP072,0.0,1276.24,921.92,354.32
ORD100950,CUST1456,REST013,Dragon Bowl,2025-04-26,Hyderabad,Biryani,2,1780.66,10,34.07,50,Wallet,4.5,Delivered,DP110,178.07,1636.66,1145.08,491.58
ORD100951,CUST1877,REST077,Taste of India,2025-01-23,Hyderabad,Desserts,1,1185.2,15,21.71,68,Debit Card,4.0,Delivered,DP178,177.78,1029.13,909.07,120.06
ORD100952,CUST1000,REST066,Spice Hub,2025-04-08,Kolkata,Chinese,3,726.61,25,77.04,75,Debit Card,5.0,Delivered,DP026,181.65,622.0,557.11,64.89
ORD100953,CUST1050,REST037,Sweet Treats,2025-11-24,Delhi,Biryani,2,1242.09,5,57.33,58,Debit Card,5.0,Cancelled,DP168,62.1,1237.32,742.45,494.87
ORD100954,CUST1684,REST049,The Food Factory,2025-11-09,Mumbai,Chinese,3,1080.15,0,82.68,64,Cash,3.0,Cancelled,DP110,0.0,1162.83,701.35,461.48
ORD100955,CUST1716,REST066,Curry Corner,2025-07-09,Hyderabad,Fast Food,5,1542.55,15,71.44,49,Debit Card,3.0,Delivered,DP183,231.38,1382.61,1199.68,182.93
ORD100956,CUST1771,REST036,Sweet Treats,2025-07-01,Delhi,Desserts,1,1164.75,0,77.03,36,Credit Card,4.5,Delivered,DP112,0.0,1241.78,675.03,566.75
ORD100957,CUST1445,REST054,Royal Kitchen,2025-05-28,Mumbai,Fast Food,2,1185.25,0,41.13,47,UPI,4.0,Delivered,DP159,0.0,1226.38,781.47,444.91
ORD100958,CUST1448,REST026,Dragon Bowl,2025-12-08,Kolkata,Indian,4,492.4,25,37.38,69,Cash,5.0,Delivered,DP211,123.1,406.68,319.73,86.95
ORD100959,CUST1880,REST075,Food Junction,2025-01-23,Delhi,Desserts,3,818.25,15,66.07,64,Wallet,4.5,Delivered,DP126,122.74,761.58,602.48,159.1
ORD100960,CUST1487,REST072,Biryani House,2025-04-15,Kolkata,Chinese,1,698.62,5,32.01,70,UPI,4.0,Delivered,DP071,34.93,695.7,410.29,285.41
ORD100961,CUST1799,REST040,Sweet Treats,2025-06-12,Pune,North Indian,3,139.19,15,84.31,35,Debit Card,4.0,Delivered,DP113,20.88,202.62,83.65,118.97
ORD100962,CUST1033,REST043,Dragon Bowl,2025-03-08,Hyderabad,Indian,3,646.31,10,59.45,69,Wallet,4.5,Delivered,DP005,64.63,641.13,381.57,259.56
ORD100963,CUST1347,REST022,Sweet Treats,2025-10-17,Bengaluru,Biryani,5,936.58,0,34.29,54,Wallet,3.5,Delivered,DP141,0.0,970.87,551.01,419.86
ORD100964,CUST1094,REST020,Royal Kitchen,2025-10-16,Delhi,Indian,3,1127.75,5,68.14,65,Wallet,5.0,Delivered,DP146,56.39,1139.5,687.13,452.37
ORD100965,CUST1071,REST008,Sweet Treats,2025-02-15,Hyderabad,Chinese,5,1690.08,25,95.33,36,UPI,3.0,Cancelled,DP082,422.52,1362.89,1134.87,228.02
ORD100966,CUST1550,REST029,Sweet Treats,2025-03-22,Chennai,Biryani,5,521.71,0,21.98,42,Cash,5.0,Delivered,DP243,0.0,543.69,371.76,171.93
ORD100967,CUST1153,REST040,Sweet Treats,2025-05-27,Mumbai,North Indian,5,376.08,25,24.29,71,UPI,3.5,Delivered,DP119,94.02,306.35,239.74,66.61
ORD100968,CUST1249,REST090,Food Junction,2025-08-10,Pune,Biryani,1,1580.67,0,86.73,18,Credit Card,4.5,Delivered,DP050,0.0,1667.4,1031.6,635.8
ORD100969,CUST1673,REST030,Spice Hub,2025-12-09,Hyderabad,Fast Food,3,1702.3,25,24.32,40,Debit Card,3.0,Cancelled,DP128,425.58,1301.04,1246.51,54.53
ORD100970,CUST1437,REST081,Pizza Point,2025-01-15,Chennai,Biryani,3,939.76,15,18.35,37,Cash,4.0,Delivered,DP084,140.96,817.15,630.39,186.76
ORD100971,CUST1117,REST084,Sweet Treats,2025-05-01,Delhi,Biryani,5,313.56,5,44.57,62,Cash,4.5,Cancelled,DP244,15.68,342.45,214.99,127.46
ORD100972,CUST1770,REST055,Sweet Treats,2025-03-19,Delhi,Indian,3,935.45,0,54.67,63,Debit Card,3.0,Delivered,DP113,0.0,990.12,625.94,364.18
ORD100973,CUST1890,REST016,Urban Tadka,2025-11-18,Chennai,North Indian,3,303.86,0,63.4,74,Credit Card,4.0,Delivered,DP215,0.0,367.26,222.32,144.94
ORD100974,CUST1305,REST046,Spice Hub,2025-10-22,Pune,South Indian,5,1603.75,0,58.12,37,Wallet,4.0,Delivered,DP164,0.0,1661.87,949.74,712.13
ORD100975,CUST1267,REST062,Pizza Point,2025-08-29,Chennai,Biryani,4,1309.69,20,92.62,55,Debit Card,4.5,Delivered,DP113,261.94,1140.37,1015.91,124.46
ORD100976,CUST1053,REST007,Curry Corner,2025-01-18,Mumbai,Italian,4,525.11,15,80.34,72,Wallet,4.5,Delivered,DP115,78.77,526.68,395.02,131.66
ORD100977,CUST1235,REST080,Curry Corner,2025-09-13,Delhi,South Indian,5,1609.64,10,98.62,22,Debit Card,4.5,Delivered,DP104,160.96,1547.3,1033.49,513.81
ORD100978,CUST1388,REST045,Biryani House,2025-10-04,Chennai,Fast Food,1,1191.67,15,55.5,66,UPI,3.5,Delivered,DP180,178.75,1068.42,769.19,299.23
ORD100979,CUST1733,REST059,Dragon Bowl,2025-01-27,Bengaluru,North Indian,3,1721.48,5,22.17,46,Credit Card,3.5,Cancelled,DP033,86.07,1657.58,1282.96,374.62
ORD100980,CUST1762,REST056,Dosa Express,2025-01-02,Bengaluru,North Indian,3,1767.21,15,96.22,65,Credit Card,4.0,Cancelled,DP192,265.08,1598.35,1153.07,445.28
ORD100981,CUST1824,REST048,The Food Factory,2025-12-19,Chennai,Desserts,4,125.51,5,15.35,53,Debit Card,5.0,Delivered,DP199,6.28,134.58,83.7,50.88
ORD100982,CUST1400,REST027,Urban Tadka,2025-10-22,Mumbai,Fast Food,5,321.96,20,80.97,75,Credit Card,5.0,Delivered,DP232,64.39,338.54,232.32,106.22
ORD100983,CUST1623,REST053,Spice Hub,2025-11-08,Delhi,Biryani,1,1038.83,20,17.66,58,Wallet,4.5,Delivered,DP069,207.77,848.72,664.06,184.66
ORD100984,CUST1766,REST087,Spice Hub,2025-12-29,Bengaluru,Indian,5,1725.83,20,79.7,15,Credit Card,5.0,Cancelled,DP096,345.17,1460.36,1129.43,330.93
ORD100985,CUST1302,REST088,Dosa Express,2025-08-27,Chennai,South Indian,4,1790.31,10,94.72,70,Credit Card,5.0,Delivered,DP201,179.03,1706.0,999.96,706.04
ORD100986,CUST1206,REST073,Biryani House,2025-01-13,Kolkata,Desserts,4,1073.25,20,48.09,44,Credit Card,4.0,Delivered,DP158,214.65,906.69,623.16,283.53
ORD100987,CUST1228,REST035,Taste of India,2025-07-03,Chennai,Fast Food,3,411.99,15,35.48,42,Cash,3.5,Delivered,DP096,61.8,385.67,270.06,115.61
ORD100988,CUST1852,REST051,Food Junction,2025-07-13,Hyderabad,Fast Food,2,393.92,0,34.23,31,Debit Card,4.0,Delivered,DP231,0.0,428.15,220.79,207.36
ORD100989,CUST1577,REST084,Biryani House,2025-02-25,Chennai,Italian,1,1403.28,5,56.8,37,UPI,4.0,Delivered,DP068,70.16,1389.92,870.89,519.03
ORD100990,CUST1074,REST037,Royal Kitchen,2025-08-18,Mumbai,Biryani,1,1114.46,25,29.53,52,UPI,4.5,Delivered,DP217,278.62,865.37,725.03,140.34
ORD100991,CUST1434,REST081,Pizza Point,2025-01-28,Bengaluru,Desserts,2,1041.94,5,72.2,72,Cash,4.5,Delivered,DP022,52.1,1062.04,597.42,464.62
ORD100992,CUST1102,REST095,Biryani House,2025-11-16,Hyderabad,South Indian,4,902.49,0,46.31,38,Cash,4.5,Delivered,DP059,0.0,948.8,509.93,438.87
ORD100993,CUST1421,REST057,Dosa Express,2025-03-12,Bengaluru,Fast Food,5,1338.23,25,42.46,36,UPI,3.5,Cancelled,DP008,334.56,1046.13,741.04,305.09
ORD100994,CUST1703,REST008,Dosa Express,2025-07-29,Bengaluru,North Indian,1,1561.53,15,54.21,19,Wallet,4.5,Delivered,DP194,234.23,1381.51,1033.15,348.36
ORD100995,CUST1763,REST079,The Food Factory,2025-07-03,Mumbai,Fast Food,2,628.97,10,61.12,39,UPI,4.0,Delivered,DP037,62.9,627.19,367.18,260.01
ORD100996,CUST1737,REST095,Urban Tadka,2025-12-22,Chennai,Fast Food,3,491.14,0,27.06,66,UPI,4.0,Delivered,DP099,0.0,518.2,347.91,170.29
ORD100997,CUST1805,REST094,Royal Kitchen,2025-02-10,Mumbai,Fast Food,3,1245.93,15,75.16,21,Debit Card,5.0,Delivered,DP229,186.89,1134.2,826.52,307.68
ORD100998,CUST1305,REST020,Sweet Treats,2025-09-17,Chennai,Desserts,4,1656.75,20,90.05,68,UPI,4.0,Delivered,DP056,331.35,1415.45,918.43,497.02
ORD100999,CUST1097,REST053,Dragon Bowl,2025-12-10,Hyderabad,Indian,1,704.9,25,38.63,72,UPI,4.0,Cancelled,DP189,176.22,567.31,397.27,170.04
ORD101000,CUST1849,REST012,Curry Corner,2025-03-25,Mumbai,Chinese,5,577.71,15,30.33,36,Credit Card,4.5,Delivered,DP086,86.66,521.38,439.69,81.69
ORD101001,CUST1797,REST049,Dosa Express,2025-02-15,Mumbai,Italian,1,499.87,5,79.64,73,Cash,5.0,Delivered,DP065,24.99,554.52,289.22,265.3
ORD101002,CUST1334,REST017,The Food Factory,2025-06-08,Kolkata,North Indian,3,547.54,5,30.6,58,UPI,3.5,Cancelled,DP103,27.38,550.76,396.52,154.24
ORD101003,CUST1858,REST064,Food Junction,2025-12-10,Pune,Indian,1,346.69,10,18.51,51,UPI,4.5,Cancelled,DP170,34.67,330.53,210.32,120.21
ORD101004,CUST1434,REST042,Curry Corner,2025-01-07,Delhi,Italian,3,1122.59,20,67.64,48,Wallet,5.0,Cancelled,DP112,224.52,965.71,700.45,265.26
ORD101005,CUST1446,REST094,Taste of India,2025-11-29,Mumbai,Fast Food,2,591.79,25,35.38,50,UPI,4.0,Delivered,DP097,147.95,479.22,328.86,150.36
ORD101006,CUST1307,REST029,Spice Hub,2025-05-16,Pune,Desserts,2,1153.11,10,29.6,63,Debit Card,4.0,Delivered,DP177,115.31,1067.4,781.71,285.69
ORD101007,CUST1248,REST019,Food Junction,2025-07-02,Ahmedabad,Italian,3,259.49,10,98.44,71,Wallet,4.5,Delivered,DP068,25.95,331.98,170.59,161.39
ORD101008,CUST1165,REST011,Taste of India,2025-07-16,Delhi,Biryani,5,313.97,0,39.81,71,UPI,4.0,Delivered,DP240,0.0,353.78,226.48,127.3
ORD101009,CUST1480,REST098,Curry Corner,2025-06-21,Kolkata,Biryani,5,1020.72,25,91.79,54,Debit Card,4.0,Delivered,DP137,255.18,857.33,774.02,83.31
ORD101010,CUST1334,REST050,Food Junction,2025-12-15,Chennai,Chinese,1,979.37,0,30.15,34,Cash,5.0,Delivered,DP136,0.0,1009.52,662.03,347.49
ORD101011,CUST1541,REST071,The Food Factory,2025-10-03,Ahmedabad,Chinese,3,576.14,0,84.61,51,UPI,4.5,Delivered,DP058,0.0,660.75,443.06,217.69
ORD101012,CUST1758,REST058,Taste of India,2025-03-19,Chennai,Italian,4,1509.58,25,57.67,31,Cash,3.5,Delivered,DP243,377.4,1189.85,881.71,308.14
ORD101013,CUST1105,REST034,Spice Hub,2025-06-27,Chennai,Indian,5,434.24,20,21.68,66,UPI,4.0,Delivered,DP214,86.85,369.07,273.25,95.82
ORD101014,CUST1562,REST020,Sweet Treats,2025-01-27,Pune,Indian,5,725.91,10,77.36,18,Wallet,4.5,Delivered,DP241,72.59,730.68,537.8,192.88
ORD101015,CUST1080,REST050,The Food Factory,2025-04-30,Pune,Fast Food,2,1053.26,5,90.83,67,Wallet,4.5,Delivered,DP106,52.66,1091.43,713.33,378.1
ORD101016,CUST1132,REST088,Pizza Point,2025-10-08,Delhi,Indian,5,1576.91,0,28.86,64,Debit Card,4.5,Cancelled,DP241,0.0,1605.77,1065.68,540.09
ORD101017,CUST1796,REST010,Spice Hub,2025-11-04,Chennai,Chinese,5,823.17,25,76.68,32,Credit Card,4.5,Delivered,DP054,205.79,694.06,539.91,154.15
ORD101018,CUST1899,REST032,Urban Tadka,2025-07-15,Bengaluru,Indian,5,789.65,25,52.83,42,Debit Card,4.5,Delivered,DP085,197.41,645.07,437.7,207.37
ORD101019,CUST1137,REST052,Biryani House,2025-10-04,Ahmedabad,Fast Food,3,1093.62,15,79.08,64,UPI,5.0,Cancelled,DP048,164.04,1008.66,621.7,386.96
ORD101020,CUST1183,REST015,Royal Kitchen,2025-01-18,Mumbai,Biryani,3,652.05,0,75.68,30,Cash,5.0,Delivered,DP182,0.0,727.73,372.05,355.68
ORD101021,CUST1400,REST084,Urban Tadka,2025-10-22,Pune,Indian,2,1311.41,5,17.26,57,Cash,3.0,Delivered,DP105,65.57,1263.1,778.42,484.68
ORD101022,CUST1329,REST003,Dragon Bowl,2025-09-28,Pune,Indian,1,537.81,0,30.19,22,UPI,4.0,Delivered,DP156,0.0,568.0,307.46,260.54
ORD101023,CUST1784,REST037,Dosa Express,2025-02-22,Pune,Chinese,5,1502.97,15,55.04,75,Credit Card,4.0,Delivered,DP101,225.45,1332.56,863.48,469.08
ORD101024,CUST1507,REST040,Sweet Treats,2025-10-21,Delhi,Italian,1,577.55,0,94.36,58,Credit Card,3.5,Delivered,DP194,0.0,671.91,402.25,269.66
ORD101025,CUST1851,REST072,Pizza Point,2025-02-21,Chennai,Biryani,3,1787.74,0,44.08,32,Credit Card,4.0,Delivered,DP110,0.0,1831.82,1031.92,799.9
ORD101026,CUST1068,REST040,Pizza Point,2025-08-04,Bengaluru,Desserts,5,651.66,20,68.45,68,UPI,4.0,Delivered,DP081,130.33,589.78,428.11,161.67
ORD101027,CUST1545,REST056,Biryani House,2025-03-13,Mumbai,Italian,1,1596.43,0,16.03,64,Wallet,3.0,Delivered,DP128,0.0,1612.46,901.22,711.24
ORD101028,CUST1773,REST023,Taste of India,2025-01-28,Mumbai,Desserts,1,787.56,0,75.45,43,Wallet,3.5,Delivered,DP159,0.0,863.01,481.96,381.05
ORD101029,CUST1052,REST011,Biryani House,2025-09-09,Chennai,Fast Food,4,533.37,25,66.26,54,UPI,3.5,Delivered,DP237,133.34,466.29,406.75,59.54
ORD101030,CUST1449,REST064,Dosa Express,2025-02-04,Bengaluru,Fast Food,3,499.95,15,75.81,30,Wallet,3.0,Cancelled,DP141,74.99,500.77,278.54,222.23
ORD101031,CUST1204,REST008,Urban Tadka,2025-07-20,Delhi,Italian,2,1548.32,25,91.9,44,Credit Card,4.5,Delivered,DP059,387.08,1253.14,1163.87,89.27
ORD101032,CUST1125,REST093,Dragon Bowl,2025-09-06,Pune,Chinese,2,638.71,5,27.45,63,Wallet,4.0,Delivered,DP237,31.94,634.22,462.88,171.34
ORD101033,CUST1746,REST094,Pizza Point,2025-04-09,Pune,South Indian,4,688.79,25,37.24,48,UPI,5.0,Delivered,DP082,172.2,553.83,524.73,29.1
ORD101034,CUST1042,REST056,Urban Tadka,2025-11-04,Ahmedabad,Desserts,1,450.95,5,99.64,44,Wallet,3.5,Delivered,DP216,22.55,528.04,329.64,198.4
ORD101035,CUST1751,REST060,Spice Hub,2025-05-20,Ahmedabad,Chinese,4,1735.03,15,28.28,35,Wallet,5.0,Delivered,DP159,260.25,1503.06,1283.96,219.1
ORD101036,CUST1882,REST010,Sweet Treats,2025-03-24,Ahmedabad,South Indian,4,531.17,25,76.25,36,Wallet,3.5,Delivered,DP033,132.79,474.63,305.3,169.33
ORD101037,CUST1110,REST039,Food Junction,2025-02-17,Kolkata,South Indian,3,535.71,0,76.63,61,Wallet,4.5,Delivered,DP118,0.0,612.34,397.59,214.75
ORD101038,CUST1760,REST028,Dosa Express,2025-10-05,Chennai,Chinese,5,1705.75,0,73.05,39,UPI,4.0,Cancelled,DP053,0.0,1778.8,1125.35,653.45
ORD101039,CUST1662,REST049,Royal Kitchen,2025-09-05,Mumbai,South Indian,1,1633.51,10,34.33,36,Debit Card,5.0,Delivered,DP095,163.35,1504.49,1030.52,473.97
ORD101040,CUST1182,REST036,Food Junction,2025-06-26,Pune,South Indian,2,538.17,20,33.29,70,Wallet,3.0,Delivered,DP122,107.63,463.83,315.04,148.79
ORD101041,CUST1847,REST013,Dosa Express,2025-02-21,Kolkata,South Indian,2,1572.74,0,71.64,42,Debit Card,5.0,Delivered,DP091,0.0,1644.38,865.25,779.13
ORD101042,CUST1094,REST096,Curry Corner,2025-03-20,Mumbai,Biryani,4,539.7,0,30.83,53,UPI,3.0,Delivered,DP121,0.0,570.53,376.61,193.92
ORD101043,CUST1373,REST036,Sweet Treats,2025-11-18,Mumbai,Fast Food,4,261.9,5,71.23,47,Cash,4.0,Delivered,DP036,13.1,320.03,187.78,132.25
ORD101044,CUST1519,REST026,Spice Hub,2025-03-05,Chennai,South Indian,4,1498.21,15,56.86,16,Debit Card,4.0,Delivered,DP213,224.73,1330.34,957.75,372.59
ORD101045,CUST1899,REST086,Sweet Treats,2025-01-08,Hyderabad,Fast Food,1,1416.22,0,47.86,18,UPI,4.5,Delivered,DP197,0.0,1464.08,832.42,631.66
ORD101046,CUST1359,REST004,Taste of India,2025-08-02,Ahmedabad,North Indian,4,615.04,25,40.52,30,Cash,5.0,Delivered,DP203,153.76,501.8,358.72,143.08
ORD101047,CUST1899,REST095,Dosa Express,2025-01-25,Kolkata,Fast Food,4,271.43,20,95.54,26,Wallet,4.0,Delivered,DP226,54.29,312.68,159.79,152.89
ORD101048,CUST1695,REST082,Royal Kitchen,2025-09-13,Hyderabad,North Indian,5,466.82,0,58.19,31,UPI,4.5,Delivered,DP123,0.0,525.01,262.79,262.22
ORD101049,CUST1280,REST064,Food Junction,2025-08-31,Hyderabad,Biryani,1,1415.38,15,62.71,70,Credit Card,4.5,Cancelled,DP034,212.31,1265.78,895.54,370.24
ORD101050,CUST1194,REST038,Dosa Express,2025-07-17,Kolkata,Fast Food,3,1740.78,15,95.69,50,Cash,4.5,Delivered,DP121,261.12,1575.35,1204.13,371.22
ORD101051,CUST1863,REST088,Taste of India,2025-04-04,Bengaluru,Italian,3,555.12,0,70.58,30,Credit Card,4.5,Delivered,DP061,0.0,625.7,362.4,263.3
ORD101052,CUST1194,REST087,Dosa Express,2025-07-26,Ahmedabad,Indian,5,1494.67,20,96.42,53,Wallet,3.0,Delivered,DP188,298.93,1292.16,865.21,426.95
ORD101053,CUST1666,REST022,Sweet Treats,2025-01-15,Chennai,Biryani,2,502.93,15,24.04,37,Wallet,4.0,Cancelled,DP240,75.44,451.53,371.02,80.51
ORD101054,CUST1092,REST002,The Food Factory,2025-06-27,Kolkata,Indian,3,1261.73,0,86.96,22,Debit Card,4.5,Delivered,DP003,0.0,1348.69,777.25,571.44
ORD101055,CUST1671,REST031,Dosa Express,2025-03-16,Mumbai,Italian,1,260.47,10,43.51,71,Wallet,4.0,Delivered,DP006,26.05,277.93,179.36,98.57
ORD101056,CUST1060,REST011,Curry Corner,2025-04-14,Kolkata,Chinese,2,1103.3,0,83.89,23,Debit Card,5.0,Delivered,DP148,0.0,1187.19,669.16,518.03
ORD101057,CUST1633,REST092,Curry Corner,2025-10-21,Pune,Chinese,4,572.24,20,87.73,28,Cash,5.0,Delivered,DP004,114.45,545.52,393.04,152.48
ORD101058,CUST1050,REST046,Pizza Point,2025-06-17,Kolkata,South Indian,1,1675.42,10,38.08,69,Credit Card,5.0,Cancelled,DP101,167.54,1545.96,971.44,574.52
ORD101059,CUST1402,REST096,Curry Corner,2025-04-25,Bengaluru,Desserts,2,606.78,25,49.75,23,Cash,3.5,Delivered,DP053,151.7,504.83,425.21,79.62
ORD101060,CUST1788,REST062,Royal Kitchen,2025-02-08,Ahmedabad,Chinese,3,789.38,25,76.71,61,Credit Card,4.0,Delivered,DP103,197.34,668.75,538.22,130.53
ORD101061,CUST1004,REST069,Dosa Express,2025-12-30,Ahmedabad,Biryani,4,1532.34,15,23.42,67,UPI,3.0,Delivered,DP071,229.85,1325.91,1025.81,300.1
ORD101062,CUST1465,REST064,Dragon Bowl,2025-09-30,Hyderabad,Chinese,4,856.3,0,79.22,40,Cash,5.0,Delivered,DP190,0.0,935.52,513.72,421.8
ORD101063,CUST1603,REST010,Dosa Express,2025-05-15,Delhi,Biryani,1,520.53,0,24.39,50,UPI,4.0,Cancelled,DP209,0.0,544.92,349.64,195.28
ORD101064,CUST1681,REST040,The Food Factory,2025-08-20,Ahmedabad,Biryani,4,1039.87,20,92.73,17,Credit Card,4.0,Cancelled,DP166,207.97,924.63,786.49,138.14
ORD101065,CUST1828,REST024,Curry Corner,2025-02-08,Ahmedabad,Indian,2,1531.19,15,38.49,68,Debit Card,4.0,Delivered,DP164,229.68,1340.0,886.27,453.73
ORD101066,CUST1533,REST099,Urban Tadka,2025-10-18,Bengaluru,Chinese,5,847.74,0,63.93,24,Cash,3.0,Delivered,DP034,0.0,911.67,603.47,308.2
ORD101067,CUST1404,REST044,Dosa Express,2025-11-03,Bengaluru,Fast Food,3,343.25,10,24.96,73,Cash,4.0,Delivered,DP006,34.33,333.88,197.76,136.12
ORD101068,CUST1837,REST060,Royal Kitchen,2025-02-16,Chennai,North Indian,1,763.59,25,37.91,39,Debit Card,3.5,Delivered,DP231,190.9,610.6,479.36,131.24
ORD101069,CUST1512,REST062,Spice Hub,2025-02-05,Pune,Chinese,5,1723.52,5,49.34,18,Debit Card,4.0,Delivered,DP128,86.18,1686.68,1219.01,467.67
ORD101070,CUST1644,REST087,Spice Hub,2025-11-16,Bengaluru,Chinese,5,241.0,5,56.4,44,Wallet,5.0,Delivered,DP194,12.05,285.35,163.6,121.75
ORD101071,CUST1232,REST017,Food Junction,2025-04-05,Kolkata,Chinese,1,806.19,10,15.01,64,Wallet,4.5,Delivered,DP146,80.62,740.58,569.17,171.41
ORD101072,CUST1523,REST065,Royal Kitchen,2025-12-27,Pune,South Indian,2,1208.69,5,90.54,25,Credit Card,4.5,Delivered,DP234,60.43,1238.8,932.59,306.21
ORD101073,CUST1345,REST095,The Food Factory,2025-01-13,Chennai,Fast Food,3,251.91,20,15.65,65,Cash,4.0,Delivered,DP027,50.38,217.18,194.73,22.45
ORD101074,CUST1045,REST095,Taste of India,2025-05-26,Kolkata,Fast Food,1,699.52,15,80.76,33,Debit Card,5.0,Delivered,DP039,104.93,675.35,531.93,143.42
ORD101075,CUST1545,REST057,Urban Tadka,2025-03-06,Ahmedabad,Biryani,5,1700.17,15,55.0,64,Debit Card,5.0,Delivered,DP233,255.03,1500.14,1128.59,371.55
ORD101076,CUST1077,REST055,Dosa Express,2025-08-16,Delhi,Fast Food,5,171.47,20,59.53,27,UPI,5.0,Delivered,DP051,34.29,196.71,107.76,88.95
ORD101077,CUST1729,REST053,Sweet Treats,2025-08-30,Mumbai,Biryani,1,1382.93,0,32.7,71,Wallet,3.5,Delivered,DP019,0.0,1415.63,849.54,566.09
ORD101078,CUST1812,REST056,Biryani House,2025-01-08,Mumbai,North Indian,5,1533.51,15,66.63,50,UPI,5.0,Delivered,DP096,230.03,1370.11,1046.48,323.63
ORD101079,CUST1072,REST098,Biryani House,2025-10-31,Hyderabad,Indian,1,585.46,25,60.66,17,Debit Card,4.0,Delivered,DP088,146.36,499.76,383.08,116.68
ORD101080,CUST1793,REST009,Taste of India,2025-12-07,Ahmedabad,Biryani,1,480.72,5,28.96,62,Cash,4.0,Delivered,DP162,24.04,485.64,374.36,111.28
ORD101081,CUST1248,REST022,Pizza Point,2025-02-12,Hyderabad,Chinese,3,1656.9,25,35.24,28,Cash,4.0,Delivered,DP089,414.22,1277.92,1115.4,162.52
ORD101082,CUST1046,REST013,Sweet Treats,2025-09-01,Delhi,Italian,1,1403.52,20,20.69,24,UPI,4.5,Cancelled,DP247,280.7,1143.51,878.14,265.37
ORD101083,CUST1120,REST089,Biryani House,2025-06-30,Mumbai,Desserts,5,310.48,0,20.63,52,Wallet,4.5,Delivered,DP024,0.0,331.11,216.18,114.93
ORD101084,CUST1213,REST048,Taste of India,2025-03-26,Hyderabad,Italian,4,476.49,0,16.17,54,Credit Card,3.5,Delivered,DP153,0.0,492.66,266.86,225.8
ORD101085,CUST1238,REST018,Royal Kitchen,2025-06-04,Ahmedabad,South Indian,3,1163.88,0,33.74,41,Cash,4.5,Delivered,DP076,0.0,1197.62,669.79,527.83
ORD101086,CUST1055,REST076,Biryani House,2025-10-02,Pune,Chinese,5,824.62,25,72.77,38,Credit Card,4.0,Delivered,DP094,206.16,691.23,579.41,111.82
ORD101087,CUST1349,REST040,The Food Factory,2025-01-23,Bengaluru,Desserts,5,967.01,5,41.88,30,Wallet,3.0,Delivered,DP243,48.35,960.54,559.29,401.25
ORD101088,CUST1106,REST017,Royal Kitchen,2025-04-25,Chennai,Biryani,3,1718.59,25,44.13,24,UPI,4.0,Delivered,DP198,429.65,1333.07,1243.82,89.25
ORD101089,CUST1830,REST015,Food Junction,2025-11-02,Kolkata,Chinese,3,826.0,0,26.21,68,Wallet,4.5,Delivered,DP030,0.0,852.21,466.06,386.15
ORD101090,CUST1047,REST015,Pizza Point,2025-10-26,Hyderabad,Desserts,5,1601.23,5,63.92,67,Debit Card,3.0,Delivered,DP248,80.06,1585.09,1099.4,485.69
ORD101091,CUST1572,REST079,The Food Factory,2025-04-09,Delhi,South Indian,4,1230.05,15,44.08,41,Wallet,3.5,Delivered,DP225,184.51,1089.62,868.48,221.14
ORD101092,CUST1336,REST063,Sweet Treats,2025-04-14,Kolkata,Fast Food,2,324.32,0,72.49,21,UPI,5.0,Cancelled,DP207,0.0,396.81,236.53,160.28
ORD101093,CUST1025,REST039,Taste of India,2025-02-20,Mumbai,Biryani,5,1370.77,10,78.02,65,UPI,5.0,Delivered,DP221,137.08,1311.71,1033.16,278.55
ORD101094,CUST1803,REST013,Urban Tadka,2025-12-28,Ahmedabad,North Indian,3,993.95,5,64.7,42,Wallet,3.5,Delivered,DP054,49.7,1008.95,618.05,390.9
ORD101095,CUST1256,REST081,Sweet Treats,2025-04-22,Delhi,Chinese,1,498.16,20,38.47,40,UPI,4.5,Delivered,DP115,99.63,437.0,356.39,80.61
ORD101096,CUST1007,REST032,Sweet Treats,2025-09-01,Chennai,Fast Food,1,606.44,20,58.23,32,Debit Card,4.0,Cancelled,DP078,121.29,543.38,344.8,198.58
ORD101097,CUST1624,REST009,Curry Corner,2025-06-18,Chennai,Desserts,3,1056.32,15,36.41,27,Credit Card,4.5,Delivered,DP120,158.45,934.28,782.58,151.7
ORD101098,CUST1866,REST040,Urban Tadka,2025-03-13,Delhi,South Indian,3,1130.86,20,91.75,22,Wallet,4.0,Cancelled,DP025,226.17,996.44,853.52,142.92
ORD101099,CUST1252,REST020,Spice Hub,2025-05-19,Hyderabad,Fast Food,2,1746.54,0,80.14,41,UPI,3.0,Delivered,DP237,0.0,1826.68,1261.34,565.34
ORD101100,CUST1691,REST090,Curry Corner,2025-12-02,Hyderabad,Biryani,3,1555.93,15,56.91,74,Credit Card,4.0,Cancelled,DP125,233.39,1379.45,956.44,423.01
ORD101101,CUST1718,REST091,Taste of India,2025-08-19,Mumbai,South Indian,1,465.81,20,97.06,28,Debit Card,3.5,Cancelled,DP005,93.16,469.71,262.87,206.84
ORD101102,CUST1302,REST085,Spice Hub,2025-08-27,Pune,South Indian,4,1420.31,0,61.47,55,Wallet,4.5,Cancelled,DP002,0.0,1481.78,918.9,562.88
ORD101103,CUST1638,REST082,Biryani House,2025-09-10,Mumbai,South Indian,3,133.93,0,42.93,58,UPI,5.0,Delivered,DP111,0.0,176.86,82.0,94.86
ORD101104,CUST1055,REST077,Royal Kitchen,2025-02-18,Bengaluru,Desserts,2,338.08,0,23.11,20,Credit Card,5.0,Delivered,DP080,0.0,361.19,227.17,134.02
ORD101105,CUST1725,REST080,Biryani House,2025-10-30,Pune,Indian,4,455.5,20,61.22,34,Debit Card,5.0,Delivered,DP103,91.1,425.62,291.79,133.83
ORD101106,CUST1525,REST073,Sweet Treats,2025-03-13,Ahmedabad,South Indian,2,1123.29,0,88.14,68,Cash,5.0,Delivered,DP191,0.0,1211.43,652.94,558.49
ORD101107,CUST1473,REST063,Curry Corner,2025-09-20,Kolkata,Indian,4,447.07,25,88.67,42,UPI,3.0,Delivered,DP124,111.77,423.97,331.92,92.05
ORD101108,CUST1027,REST076,Dosa Express,2025-11-18,Ahmedabad,Fast Food,3,733.66,0,66.39,37,Debit Card,4.5,Delivered,DP182,0.0,800.05,549.42,250.63
ORD101109,CUST1077,REST044,Urban Tadka,2025-08-10,Bengaluru,North Indian,1,527.87,20,48.44,26,Credit Card,4.0,Delivered,DP166,105.57,470.74,389.05,81.69
ORD101110,CUST1215,REST038,Royal Kitchen,2025-03-18,Mumbai,Indian,4,686.86,0,70.28,38,Wallet,5.0,Delivered,DP124,0.0,757.14,411.0,346.14
ORD101111,CUST1385,REST083,Spice Hub,2025-03-03,Pune,Fast Food,5,1703.32,0,79.78,65,Credit Card,5.0,Delivered,DP017,0.0,1783.1,1104.69,678.41
ORD101112,CUST1364,REST060,Urban Tadka,2025-06-06,Pune,Indian,2,1795.59,25,49.99,58,Wallet,4.0,Delivered,DP031,448.9,1396.68,1058.39,338.29
ORD101113,CUST1665,REST071,Curry Corner,2025-10-21,Bengaluru,Fast Food,4,1272.01,10,55.48,36,Debit Card,4.0,Delivered,DP129,127.2,1200.29,894.22,306.07
ORD101114,CUST1525,REST099,Sweet Treats,2025-05-05,Ahmedabad,Fast Food,2,1081.48,0,72.85,40,Debit Card,4.0,Delivered,DP134,0.0,1154.33,795.05,359.28
ORD101115,CUST1698,REST048,The Food Factory,2025-08-17,Delhi,Desserts,1,1310.19,20,89.52,36,Credit Card,4.0,Delivered,DP223,262.04,1137.67,895.85,241.82
ORD101116,CUST1311,REST018,Biryani House,2025-12-06,Hyderabad,North Indian,2,1416.38,20,82.24,72,Credit Card,5.0,Delivered,DP070,283.28,1215.34,956.91,258.43
ORD101117,CUST1882,REST016,Spice Hub,2025-06-10,Pune,South Indian,2,1361.54,0,16.9,21,Wallet,5.0,Delivered,DP036,0.0,1378.44,972.75,405.69
ORD101118,CUST1006,REST055,Spice Hub,2025-01-29,Kolkata,North Indian,5,257.58,25,25.57,29,UPI,3.5,Delivered,DP136,64.4,218.75,148.4,70.35
ORD101119,CUST1002,REST039,Taste of India,2025-04-24,Kolkata,North Indian,2,641.29,25,87.49,62,Credit Card,4.0,Delivered,DP093,160.32,568.46,389.24,179.22
ORD101120,CUST1622,REST068,Spice Hub,2025-03-20,Pune,South Indian,4,696.96,25,85.87,44,UPI,3.5,Cancelled,DP073,174.24,608.59,433.61,174.98
ORD101121,CUST1749,REST059,Royal Kitchen,2025-01-23,Bengaluru,Fast Food,2,740.35,20,48.05,18,UPI,5.0,Delivered,DP214,148.07,640.33,497.87,142.46
ORD101122,CUST1362,REST089,Curry Corner,2025-04-16,Pune,South Indian,3,698.45,10,64.66,20,UPI,5.0,Delivered,DP138,69.84,693.27,540.94,152.33
ORD101123,CUST1750,REST096,Dragon Bowl,2025-05-11,Ahmedabad,Fast Food,2,1442.32,25,92.0,62,Debit Card,4.5,Delivered,DP024,360.58,1173.74,1079.57,94.17
ORD101124,CUST1507,REST062,Spice Hub,2025-12-23,Bengaluru,South Indian,3,1375.98,15,92.48,61,Debit Card,4.5,Delivered,DP191,206.4,1262.06,834.97,427.09
ORD101125,CUST1273,REST013,Spice Hub,2025-06-22,Delhi,Desserts,2,127.73,0,81.56,16,UPI,4.5,Delivered,DP168,0.0,209.29,77.1,132.19
ORD101126,CUST1505,REST081,Urban Tadka,2025-09-21,Kolkata,Italian,2,617.92,15,32.82,45,UPI,4.0,Delivered,DP002,92.69,558.05,401.77,156.28
ORD101127,CUST1805,REST006,Dragon Bowl,2025-12-08,Pune,Indian,4,1167.75,10,77.07,38,Debit Card,5.0,Delivered,DP020,116.78,1128.04,904.04,224.0
ORD101128,CUST1738,REST083,Royal Kitchen,2025-10-12,Chennai,North Indian,3,322.05,0,23.59,49,Wallet,4.5,Delivered,DP209,0.0,345.64,188.42,157.22
ORD101129,CUST1882,REST077,Sweet Treats,2025-01-02,Mumbai,Fast Food,3,239.61,0,90.98,61,Cash,3.5,Delivered,DP033,0.0,330.59,184.52,146.07
ORD101130,CUST1014,REST060,Food Junction,2025-08-21,Kolkata,Chinese,5,1511.71,0,27.68,45,Credit Card,4.0,Delivered,DP014,0.0,1539.39,897.65,641.74
ORD101131,CUST1191,REST090,Dragon Bowl,2025-09-08,Delhi,South Indian,2,880.51,0,71.3,39,UPI,4.5,Delivered,DP224,0.0,951.81,663.8,288.01
ORD101132,CUST1630,REST014,Spice Hub,2025-11-17,Chennai,South Indian,2,1557.55,5,66.87,22,Debit Card,4.0,Delivered,DP182,77.88,1546.54,1154.09,392.45
ORD101133,CUST1484,REST095,Dosa Express,2025-04-18,Kolkata,Biryani,4,1503.57,0,81.04,26,UPI,4.5,Delivered,DP055,0.0,1584.61,1132.09,452.52
ORD101134,CUST1027,REST054,Sweet Treats,2025-10-03,Delhi,Chinese,5,1620.86,0,61.88,68,UPI,5.0,Delivered,DP037,0.0,1682.74,1223.92,458.82
ORD101135,CUST1713,REST004,Pizza Point,2025-06-29,Hyderabad,Chinese,5,201.1,15,20.06,72,UPI,4.5,Delivered,DP216,30.16,191.0,120.69,70.31
ORD101136,CUST1038,REST039,Taste of India,2025-08-01,Delhi,Desserts,4,432.7,15,75.0,16,UPI,4.5,Delivered,DP105,64.9,442.8,315.48,127.32
ORD101137,CUST1272,REST072,Dragon Bowl,2025-10-20,Delhi,North Indian,3,617.52,10,47.57,29,Wallet,4.5,Delivered,DP084,61.75,603.34,436.51,166.83
ORD101138,CUST1230,REST025,Urban Tadka,2025-03-13,Hyderabad,Italian,1,348.87,0,42.22,54,Credit Card,4.0,Cancelled,DP113,0.0,391.09,262.4,128.69
ORD101139,CUST1085,REST077,Taste of India,2025-10-10,Pune,Indian,4,935.59,20,99.29,73,Credit Card,4.0,Delivered,DP134,187.12,847.76,620.08,227.68
ORD101140,CUST1473,REST032,The Food Factory,2025-06-24,Mumbai,Italian,3,1462.28,15,65.18,46,Debit Card,4.0,Delivered,DP161,219.34,1308.12,943.31,364.81
ORD101141,CUST1125,REST059,Spice Hub,2025-05-03,Ahmedabad,Indian,5,1717.99,25,75.41,68,Wallet,5.0,Delivered,DP128,429.5,1363.9,1231.85,132.05
ORD101142,CUST1811,REST063,Dragon Bowl,2025-08-15,Chennai,Fast Food,4,1614.48,10,59.74,25,Wallet,5.0,Delivered,DP050,161.45,1512.77,988.17,524.6
ORD101143,CUST1536,REST038,Biryani House,2025-10-28,Kolkata,North Indian,1,888.33,0,80.45,31,Credit Card,3.5,Delivered,DP220,0.0,968.78,656.13,312.65
ORD101144,CUST1144,REST092,Dosa Express,2025-03-24,Ahmedabad,Italian,2,1189.31,0,78.93,68,Debit Card,5.0,Delivered,DP203,0.0,1268.24,732.35,535.89
ORD101145,CUST1524,REST053,Urban Tadka,2025-09-10,Bengaluru,Biryani,4,507.57,0,70.86,75,Wallet,4.5,Delivered,DP228,0.0,578.43,284.21,294.22
ORD101146,CUST1211,REST094,Taste of India,2025-05-26,Mumbai,Indian,1,797.06,5,99.81,35,Debit Card,5.0,Cancelled,DP084,39.85,857.02,539.48,317.54
ORD101147,CUST1024,REST067,Spice Hub,2025-04-30,Ahmedabad,Italian,1,1583.59,0,54.08,36,Credit Card,4.0,Delivered,DP198,0.0,1637.67,1175.46,462.21
ORD101148,CUST1579,REST028,Biryani House,2025-03-06,Kolkata,North Indian,4,169.05,10,75.03,75,UPI,4.5,Delivered,DP200,16.9,227.18,119.82,107.36
ORD101149,CUST1393,REST003,Biryani House,2025-10-08,Delhi,Biryani,3,1015.04,0,82.81,47,Wallet,4.5,Cancelled,DP211,0.0,1097.85,789.23,308.62
ORD101150,CUST1066,REST098,The Food Factory,2025-10-10,Ahmedabad,North Indian,4,1586.3,20,46.96,66,Debit Card,3.0,Cancelled,DP079,317.26,1316.0,923.81,392.19
ORD101151,CUST1232,REST080,Sweet Treats,2025-04-16,Bengaluru,Chinese,5,324.98,20,53.86,69,UPI,3.0,Delivered,DP086,65.0,313.84,204.49,109.35
ORD101152,CUST1108,REST022,Dosa Express,2025-10-27,Hyderabad,South Indian,1,1770.68,0,97.38,43,Credit Card,3.5,Delivered,DP179,0.0,1868.06,1128.61,739.45
ORD101153,CUST1145,REST096,Food Junction,2025-04-17,Ahmedabad,Fast Food,1,140.82,10,17.74,29,Cash,4.0,Delivered,DP194,14.08,144.48,79.33,65.15
ORD101154,CUST1110,REST038,Dosa Express,2025-02-05,Mumbai,Desserts,2,1608.68,0,43.5,35,Wallet,4.0,Delivered,DP189,0.0,1652.18,900.69,751.49
ORD101155,CUST1227,REST072,The Food Factory,2025-05-27,Pune,North Indian,1,714.17,0,56.33,68,Wallet,4.5,Delivered,DP156,0.0,770.5,397.63,372.87
ORD101156,CUST1110,REST072,Curry Corner,2025-09-19,Chennai,Fast Food,2,342.92,10,15.12,16,Debit Card,4.5,Cancelled,DP228,34.29,323.75,220.85,102.9
ORD101157,CUST1469,REST062,Royal Kitchen,2025-06-08,Mumbai,North Indian,1,384.36,15,91.43,70,Credit Card,5.0,Delivered,DP100,57.65,418.14,286.08,132.06
ORD101158,CUST1033,REST057,Sweet Treats,2025-09-22,Mumbai,Chinese,1,1297.98,10,39.33,56,Credit Card,4.0,Delivered,DP172,129.8,1207.51,925.74,281.77
ORD101159,CUST1622,REST006,Urban Tadka,2025-07-21,Pune,North Indian,4,1582.81,5,36.9,66,Wallet,5.0,Delivered,DP210,79.14,1540.57,1033.19,507.38
ORD101160,CUST1775,REST078,Dragon Bowl,2025-06-04,Bengaluru,North Indian,4,1196.99,15,84.73,52,Wallet,4.5,Delivered,DP140,179.55,1102.17,731.03,371.14
ORD101161,CUST1368,REST032,Sweet Treats,2025-01-13,Hyderabad,Italian,5,1680.26,20,38.63,17,Debit Card,4.5,Delivered,DP211,336.05,1382.84,930.16,452.68
ORD101162,CUST1747,REST099,The Food Factory,2025-10-24,Pune,South Indian,3,1535.36,20,70.9,39,Debit Card,4.5,Delivered,DP057,307.07,1299.19,906.38,392.81
ORD101163,CUST1594,REST010,The Food Factory,2025-11-18,Kolkata,Chinese,5,135.17,0,84.83,27,Cash,4.5,Delivered,DP154,0.0,220.0,86.38,133.62
ORD101164,CUST1553,REST003,Urban Tadka,2025-03-26,Hyderabad,Biryani,1,1244.64,0,82.36,38,UPI,3.5,Delivered,DP025,0.0,1327.0,790.6,536.4
ORD101165,CUST1424,REST059,Urban Tadka,2025-10-07,Pune,South Indian,5,631.79,10,81.47,45,Debit Card,4.5,Delivered,DP220,63.18,650.08,385.17,264.91
ORD101166,CUST1612,REST076,Urban Tadka,2025-09-02,Mumbai,Indian,4,883.56,10,22.53,29,UPI,4.5,Delivered,DP015,88.36,817.73,688.59,129.14
ORD101167,CUST1517,REST049,Sweet Treats,2025-10-27,Hyderabad,Italian,1,277.97,0,21.79,20,Wallet,5.0,Delivered,DP202,0.0,299.76,181.49,118.27
ORD101168,CUST1691,REST059,Royal Kitchen,2025-12-28,Bengaluru,South Indian,1,593.93,25,41.08,55,Cash,5.0,Delivered,DP103,148.48,486.53,363.25,123.28
ORD101169,CUST1281,REST031,Spice Hub,2025-12-20,Bengaluru,Indian,5,1182.91,25,18.06,24,Cash,4.5,Delivered,DP098,295.73,905.24,761.35,143.89
ORD101170,CUST1319,REST093,Taste of India,2025-11-12,Chennai,Chinese,2,486.88,0,57.54,23,Cash,4.5,Delivered,DP077,0.0,544.42,299.07,245.35
ORD101171,CUST1737,REST069,Pizza Point,2025-01-09,Hyderabad,North Indian,3,1207.86,20,48.56,64,Credit Card,5.0,Delivered,DP208,241.57,1014.85,762.14,252.71
ORD101172,CUST1442,REST062,Urban Tadka,2025-09-04,Chennai,Fast Food,5,1670.69,5,62.35,55,Wallet,5.0,Delivered,DP181,83.53,1649.51,967.25,682.26
ORD101173,CUST1314,REST052,Taste of India,2025-11-08,Kolkata,South Indian,5,128.3,25,40.4,70,Credit Card,5.0,Delivered,DP104,32.08,136.62,70.59,66.03
ORD101174,CUST1876,REST089,Royal Kitchen,2025-10-05,Pune,South Indian,3,1440.09,0,56.29,64,Credit Card,4.5,Delivered,DP223,0.0,1496.38,954.89,541.49
ORD101175,CUST1740,REST041,Pizza Point,2025-08-26,Delhi,Indian,1,1197.42,20,43.45,55,Cash,3.5,Delivered,DP065,239.48,1001.39,793.29,208.1
ORD101176,CUST1376,REST031,Sweet Treats,2025-07-22,Kolkata,Desserts,1,198.34,10,31.59,19,Credit Card,5.0,Delivered,DP113,19.83,210.1,116.25,93.85
ORD101177,CUST1288,REST085,Taste of India,2025-09-04,Bengaluru,Indian,2,1447.48,25,70.2,59,Wallet,4.0,Delivered,DP123,361.87,1155.81,1073.33,82.48
ORD101178,CUST1436,REST084,Urban Tadka,2025-08-23,Mumbai,Fast Food,5,497.2,10,72.24,58,Wallet,4.5,Delivered,DP111,49.72,519.72,295.39,224.33
ORD101179,CUST1661,REST022,Food Junction,2025-03-22,Ahmedabad,Indian,3,566.58,0,85.48,55,Credit Card,4.0,Delivered,DP123,0.0,652.06,411.99,240.07
ORD101180,CUST1276,REST004,The Food Factory,2025-12-22,Bengaluru,Indian,5,277.11,25,89.35,33,Wallet,4.0,Delivered,DP054,69.28,297.18,164.54,132.64
ORD101181,CUST1709,REST013,Dragon Bowl,2025-01-13,Delhi,South Indian,4,1017.76,5,74.88,34,UPI,4.0,Delivered,DP215,50.89,1041.75,625.61,416.14
ORD101182,CUST1581,REST045,Dragon Bowl,2025-11-23,Mumbai,Fast Food,5,957.02,20,73.44,47,Credit Card,5.0,Delivered,DP206,191.4,839.06,585.77,253.29
ORD101183,CUST1502,REST042,Taste of India,2025-01-16,Hyderabad,Fast Food,5,703.25,10,19.82,57,Cash,4.5,Cancelled,DP167,70.32,652.75,423.92,228.83
ORD101184,CUST1623,REST049,Dragon Bowl,2025-02-14,Ahmedabad,North Indian,4,403.51,20,24.33,51,Cash,4.5,Delivered,DP222,80.7,347.14,310.34,36.8
ORD101185,CUST1515,REST020,Biryani House,2025-11-17,Hyderabad,South Indian,4,1527.76,5,84.07,45,Wallet,4.5,Delivered,DP179,76.39,1535.44,932.84,602.6
ORD101186,CUST1349,REST077,Biryani House,2025-05-19,Kolkata,North Indian,3,1592.32,10,34.8,53,Wallet,5.0,Delivered,DP234,159.23,1467.89,1053.39,414.5
ORD101187,CUST1842,REST081,Taste of India,2025-11-22,Ahmedabad,Chinese,1,1028.17,20,45.22,27,Cash,4.0,Cancelled,DP020,205.63,867.76,739.35,128.41
ORD101188,CUST1445,REST054,Urban Tadka,2025-05-28,Bengaluru,Desserts,2,530.3,5,27.35,69,UPI,4.5,Delivered,DP192,26.52,531.13,330.59,200.54
ORD101189,CUST1829,REST036,Dosa Express,2025-12-21,Mumbai,Desserts,4,281.46,5,31.59,52,Cash,4.5,Delivered,DP089,14.07,298.98,155.56,143.42
ORD101190,CUST1349,REST097,Urban Tadka,2025-08-24,Pune,Chinese,1,1579.15,5,80.91,59,Credit Card,5.0,Delivered,DP011,78.96,1581.1,1145.18,435.92
ORD101191,CUST1606,REST001,Sweet Treats,2025-07-10,Ahmedabad,Desserts,3,281.37,0,37.26,20,Cash,4.0,Delivered,DP127,0.0,318.63,173.13,145.5
ORD101192,CUST1663,REST015,Urban Tadka,2025-04-11,Mumbai,Desserts,5,142.14,0,53.17,61,Debit Card,5.0,Cancelled,DP218,0.0,195.31,106.72,88.59
ORD101193,CUST1822,REST077,Sweet Treats,2025-04-15,Chennai,South Indian,3,908.59,20,27.89,22,UPI,4.0,Delivered,DP052,181.72,754.76,602.36,152.4
ORD101194,CUST1136,REST017,Dosa Express,2025-09-07,Delhi,Indian,3,1348.54,5,72.62,57,UPI,3.5,Delivered,DP213,67.43,1353.73,935.37,418.36
ORD101195,CUST1758,REST024,Food Junction,2025-04-04,Kolkata,Italian,4,888.66,20,76.9,24,Cash,3.5,Delivered,DP054,177.73,787.83,683.13,104.7
ORD101196,CUST1898,REST058,Sweet Treats,2025-08-08,Hyderabad,Chinese,2,206.37,5,45.74,55,Debit Card,4.0,Delivered,DP247,10.32,241.79,154.8,86.99
ORD101197,CUST1242,REST072,Curry Corner,2025-10-25,Bengaluru,Chinese,4,1279.25,20,81.7,18,Credit Card,4.5,Delivered,DP069,255.85,1105.1,936.8,168.3
ORD101198,CUST1542,REST091,Biryani House,2025-12-05,Mumbai,South Indian,5,1199.12,10,35.39,28,Cash,4.5,Delivered,DP007,119.91,1114.6,805.89,308.71
ORD101199,CUST1039,REST023,The Food Factory,2025-05-13,Hyderabad,North Indian,4,1264.97,20,73.81,18,Credit Card,4.0,Delivered,DP140,252.99,1085.79,744.99,340.8
ORD101200,CUST1228,REST046,Biryani House,2025-12-27,Bengaluru,South Indian,5,474.82,25,77.05,38,Debit Card,4.5,Delivered,DP130,118.7,433.17,353.0,80.17
ORD101201,CUST1547,REST072,Sweet Treats,2025-06-04,Ahmedabad,Italian,4,1456.77,0,97.34,61,Cash,5.0,Cancelled,DP103,0.0,1554.11,832.7,721.41
ORD101202,CUST1222,REST008,Curry Corner,2025-01-28,Hyderabad,Italian,2,925.0,10,34.75,35,Cash,5.0,Delivered,DP149,92.5,867.25,697.56,169.69
ORD101203,CUST1005,REST059,Spice Hub,2025-10-09,Bengaluru,Desserts,1,1021.07,10,22.97,24,Credit Card,4.5,Delivered,DP250,102.11,941.93,741.54,200.39
ORD101204,CUST1321,REST090,Food Junction,2025-04-26,Hyderabad,Fast Food,2,1036.99,5,37.36,60,Cash,5.0,Delivered,DP224,51.85,1022.5,761.97,260.53
ORD101205,CUST1467,REST059,Food Junction,2025-11-01,Pune,Desserts,4,601.83,15,25.44,39,Debit Card,4.5,Cancelled,DP069,90.27,537.0,383.22,153.78
ORD101206,CUST1731,REST013,Spice Hub,2025-08-22,Chennai,South Indian,3,540.23,25,29.42,20,Cash,3.0,Delivered,DP091,135.06,434.59,307.68,126.91
ORD101207,CUST1074,REST039,The Food Factory,2025-01-01,Delhi,Chinese,1,128.01,0,43.4,30,Wallet,4.0,Delivered,DP095,0.0,171.41,91.81,79.6
ORD101208,CUST1003,REST028,Dragon Bowl,2025-12-14,Hyderabad,North Indian,3,786.31,10,50.19,71,Debit Card,4.0,Delivered,DP118,78.63,757.87,609.36,148.51
ORD101209,CUST1846,REST089,Dosa Express,2025-08-28,Delhi,Desserts,2,934.97,15,91.82,58,UPI,4.5,Delivered,DP204,140.25,886.54,698.83,187.71
ORD101210,CUST1645,REST061,Pizza Point,2025-02-27,Hyderabad,North Indian,1,1367.91,15,31.63,42,Credit Card,5.0,Delivered,DP121,205.19,1194.35,1017.07,177.28
ORD101211,CUST1117,REST016,Dragon Bowl,2025-12-01,Kolkata,Desserts,4,231.93,10,97.6,50,Debit Card,5.0,Delivered,DP036,23.19,306.34,161.29,145.05
ORD101212,CUST1880,REST002,Curry Corner,2025-07-02,Mumbai,Desserts,3,1672.3,5,83.86,47,UPI,4.0,Delivered,DP021,83.62,1672.54,964.48,708.06
ORD101213,CUST1605,REST082,Sweet Treats,2025-12-03,Chennai,Biryani,4,563.45,0,89.93,44,UPI,4.5,Delivered,DP053,0.0,653.38,421.77,231.61
ORD101214,CUST1503,REST017,Pizza Point,2025-01-26,Kolkata,Biryani,5,736.09,10,94.0,50,Debit Card,4.5,Delivered,DP147,73.61,756.48,442.44,314.04
ORD101215,CUST1573,REST030,The Food Factory,2025-03-18,Pune,Desserts,1,201.25,5,79.03,39,UPI,5.0,Delivered,DP003,10.06,270.22,122.93,147.29
ORD101216,CUST1440,REST013,Dosa Express,2025-08-05,Chennai,Indian,3,1217.27,0,82.05,27,UPI,3.0,Delivered,DP188,0.0,1299.32,881.12,418.2
ORD101217,CUST1193,REST096,Food Junction,2025-11-24,Delhi,Chinese,2,1310.99,5,52.21,53,Wallet,4.0,Delivered,DP081,65.55,1297.65,937.21,360.44
ORD101218,CUST1846,REST093,Sweet Treats,2025-11-21,Mumbai,Desserts,2,1680.37,15,58.39,29,Cash,5.0,Delivered,DP094,252.06,1486.7,952.25,534.45
ORD101219,CUST1714,REST094,Sweet Treats,2025-09-19,Bengaluru,Biryani,2,685.87,25,94.26,52,Wallet,5.0,Delivered,DP100,171.47,608.66,416.98,191.68
ORD101220,CUST1391,REST082,Dosa Express,2025-01-23,Kolkata,North Indian,2,552.38,25,47.15,44,Cash,4.0,Delivered,DP201,138.1,461.43,407.69,53.74
ORD101221,CUST1025,REST013,Biryani House,2025-09-01,Chennai,Chinese,3,1339.83,0,18.57,28,UPI,3.0,Delivered,DP162,0.0,1358.4,1029.53,328.87
ORD101222,CUST1434,REST043,Curry Corner,2025-06-07,Pune,South Indian,5,1307.43,25,79.83,64,Cash,4.5,Delivered,DP157,326.86,1060.4,799.17,261.23
ORD101223,CUST1172,REST085,Dosa Express,2025-07-25,Kolkata,Chinese,2,1694.37,0,63.72,18,Wallet,5.0,Delivered,DP202,0.0,1758.09,1228.33,529.76
ORD101224,CUST1299,REST094,Urban Tadka,2025-11-06,Mumbai,Biryani,2,464.94,0,84.26,15,Credit Card,4.0,Delivered,DP116,0.0,549.2,309.79,239.41
ORD101225,CUST1644,REST021,Urban Tadka,2025-03-28,Mumbai,North Indian,2,1304.89,0,21.42,75,Credit Card,5.0,Delivered,DP185,0.0,1326.31,831.76,494.55
ORD101226,CUST1325,REST055,Dosa Express,2025-09-24,Delhi,Chinese,5,232.34,10,67.8,17,Cash,4.0,Cancelled,DP073,23.23,276.91,175.78,101.13
ORD101227,CUST1409,REST081,Royal Kitchen,2025-05-14,Pune,Italian,1,927.02,25,36.06,59,Credit Card,4.5,Delivered,DP040,231.76,731.32,626.75,104.57
ORD101228,CUST1117,REST040,Food Junction,2025-09-24,Mumbai,Indian,2,320.58,5,91.78,64,Debit Card,4.5,Delivered,DP050,16.03,396.33,227.32,169.01
ORD101229,CUST1835,REST083,Dosa Express,2025-11-29,Ahmedabad,Fast Food,2,1217.29,10,24.34,75,Credit Card,4.0,Delivered,DP203,121.73,1119.9,835.38,284.52
ORD101230,CUST1786,REST015,Taste of India,2025-09-25,Mumbai,North Indian,2,1130.46,0,86.66,50,Cash,4.0,Delivered,DP147,0.0,1217.12,789.09,428.03
ORD101231,CUST1723,REST073,The Food Factory,2025-02-22,Bengaluru,Biryani,1,202.04,15,22.53,18,UPI,4.0,Delivered,DP150,30.31,194.26,135.16,59.1
ORD101232,CUST1224,REST052,Urban Tadka,2025-04-09,Delhi,South Indian,2,656.96,0,17.13,57,Wallet,5.0,Cancelled,DP242,0.0,674.09,441.93,232.16
ORD101233,CUST1531,REST074,Pizza Point,2025-09-04,Delhi,Fast Food,1,783.66,5,34.98,28,Credit Card,3.5,Delivered,DP179,39.18,779.46,584.61,194.85
ORD101234,CUST1112,REST095,Dragon Bowl,2025-02-05,Pune,Indian,1,536.74,15,43.31,39,Cash,4.5,Delivered,DP049,80.51,499.54,332.57,166.97
ORD101235,CUST1139,REST053,Dosa Express,2025-01-28,Mumbai,North Indian,4,184.97,25,68.25,53,Wallet,4.5,Delivered,DP180,46.24,206.98,133.06,73.92
ORD101236,CUST1558,REST087,Urban Tadka,2025-08-08,Bengaluru,Desserts,4,655.62,10,26.2,75,Debit Card,4.5,Cancelled,DP123,65.56,616.26,401.09,215.17
ORD101237,CUST1000,REST052,The Food Factory,2025-04-12,Hyderabad,North Indian,2,1451.61,10,52.17,17,UPI,5.0,Delivered,DP150,145.16,1358.62,822.0,536.62
ORD101238,CUST1089,REST030,The Food Factory,2025-09-20,Chennai,Italian,3,724.98,0,32.36,21,Wallet,4.5,Delivered,DP113,0.0,757.34,549.35,207.99
ORD101239,CUST1653,REST033,Pizza Point,2025-09-28,Ahmedabad,Italian,4,663.26,0,87.7,22,Wallet,4.5,Delivered,DP190,0.0,750.96,427.44,323.52
ORD101240,CUST1319,REST057,Sweet Treats,2025-08-12,Kolkata,Italian,4,1702.15,25,18.82,58,Cash,4.5,Delivered,DP239,425.54,1295.43,1203.65,91.78
ORD101241,CUST1549,REST052,Royal Kitchen,2025-05-19,Delhi,Italian,3,189.94,20,45.25,21,Debit Card,4.5,Delivered,DP060,37.99,197.2,137.58,59.62
ORD101242,CUST1804,REST009,Taste of India,2025-10-07,Bengaluru,Biryani,5,1409.04,10,68.67,70,Credit Card,3.5,Delivered,DP208,140.9,1336.81,1033.27,303.54
ORD101243,CUST1893,REST054,Dosa Express,2025-10-13,Pune,North Indian,2,931.6,25,92.61,62,Debit Card,5.0,Delivered,DP209,232.9,791.31,560.87,230.44
ORD101244,CUST1138,REST001,Spice Hub,2025-09-07,Bengaluru,Biryani,5,1706.7,10,88.78,39,UPI,3.0,Delivered,DP232,170.67,1624.81,1196.06,428.75
ORD101245,CUST1510,REST044,Dosa Express,2025-11-18,Mumbai,Chinese,5,781.03,0,91.09,31,Credit Card,4.5,Delivered,DP247,0.0,872.12,566.13,305.99
ORD101246,CUST1867,REST099,Sweet Treats,2025-11-13,Ahmedabad,South Indian,1,1309.51,5,20.34,40,Debit Card,4.5,Delivered,DP007,65.48,1264.37,756.31,508.06
ORD101247,CUST1844,REST075,Curry Corner,2025-03-19,Chennai,Chinese,1,237.49,0,86.48,68,UPI,4.0,Cancelled,DP119,0.0,323.97,138.34,185.63
ORD101248,CUST1258,REST098,Biryani House,2025-10-24,Delhi,South Indian,2,1680.34,0,81.29,18,Wallet,3.0,Delivered,DP181,0.0,1761.63,1064.83,696.8
ORD101249,CUST1672,REST080,Food Junction,2025-12-04,Hyderabad,Indian,3,698.83,10,91.71,63,Wallet,3.5,Delivered,DP031,69.88,720.66,432.84,287.82
ORD101250,CUST1689,REST009,Sweet Treats,2025-11-03,Mumbai,Desserts,1,1000.33,20,41.48,32,Wallet,4.0,Delivered,DP132,200.07,841.74,733.61,108.13
ORD101251,CUST1009,REST032,Dragon Bowl,2025-12-17,Delhi,Chinese,4,352.65,25,92.5,72,Wallet,5.0,Delivered,DP093,88.16,356.99,246.09,110.9
ORD101252,CUST1260,REST015,The Food Factory,2025-01-13,Kolkata,Indian,2,1708.54,25,49.22,18,Credit Card,5.0,Cancelled,DP007,427.14,1330.62,1135.38,195.24
ORD101253,CUST1649,REST012,Royal Kitchen,2025-12-12,Pune,Desserts,5,1250.59,5,68.9,31,Wallet,3.0,Delivered,DP235,62.53,1256.96,718.43,538.53
ORD101254,CUST1171,REST097,Spice Hub,2025-03-23,Delhi,Indian,2,210.63,10,51.06,61,Credit Card,4.0,Delivered,DP222,21.06,240.63,121.3,119.33
ORD101255,CUST1897,REST078,Food Junction,2025-01-09,Bengaluru,Indian,1,380.75,0,51.35,68,Credit Card,5.0,Cancelled,DP131,0.0,432.1,254.69,177.41
ORD101256,CUST1012,REST057,Urban Tadka,2025-08-01,Kolkata,Italian,3,791.72,0,61.46,31,Debit Card,4.0,Cancelled,DP025,0.0,853.18,596.21,256.97
ORD101257,CUST1167,REST008,Dragon Bowl,2025-02-17,Chennai,Fast Food,5,484.18,25,45.25,59,Wallet,5.0,Delivered,DP162,121.04,408.39,352.61,55.78
ORD101258,CUST1641,REST072,Dosa Express,2025-02-18,Ahmedabad,Fast Food,3,631.77,25,82.38,39,Cash,4.0,Delivered,DP033,157.94,556.21,475.57,80.64
ORD101259,CUST1595,REST027,Food Junction,2025-11-05,Hyderabad,Biryani,2,1795.79,10,68.86,72,Wallet,4.5,Delivered,DP095,179.58,1685.07,1221.11,463.96
ORD101260,CUST1320,REST062,Urban Tadka,2025-02-09,Chennai,Indian,3,1226.53,0,73.63,17,Cash,4.0,Delivered,DP088,0.0,1300.16,737.04,563.12
ORD101261,CUST1318,REST012,Biryani House,2025-12-29,Bengaluru,Italian,3,1669.33,0,34.64,26,Wallet,3.5,Delivered,DP126,0.0,1703.97,930.34,773.63
ORD101262,CUST1612,REST065,Urban Tadka,2025-10-07,Hyderabad,Chinese,2,852.14,10,97.41,41,Credit Card,4.0,Cancelled,DP038,85.21,864.34,652.96,211.38
ORD101263,CUST1328,REST042,Spice Hub,2025-08-14,Hyderabad,Chinese,5,1313.27,15,71.11,31,Wallet,4.5,Delivered,DP110,196.99,1187.39,865.84,321.55
ORD101264,CUST1784,REST062,The Food Factory,2025-04-18,Ahmedabad,Biryani,3,892.28,15,31.76,68,Wallet,4.0,Delivered,DP125,133.84,790.2,667.05,123.15
ORD101265,CUST1776,REST011,Sweet Treats,2025-09-02,Mumbai,Biryani,3,671.42,0,78.79,36,Wallet,4.5,Delivered,DP126,0.0,750.21,482.47,267.74
ORD101266,CUST1549,REST043,Pizza Point,2025-09-12,Hyderabad,Indian,2,992.21,5,29.77,53,Wallet,4.0,Delivered,DP004,49.61,972.37,735.62,236.75
ORD101267,CUST1418,REST095,Sweet Treats,2025-02-02,Delhi,Desserts,4,837.88,20,20.39,53,Debit Card,4.0,Delivered,DP176,167.58,690.69,501.43,189.26
ORD101268,CUST1605,REST017,Sweet Treats,2025-01-23,Chennai,Indian,3,1767.31,0,59.84,72,Debit Card,4.5,Cancelled,DP202,0.0,1827.15,1248.2,578.95
ORD101269,CUST1094,REST097,Urban Tadka,2025-11-29,Pune,Desserts,1,953.56,25,62.05,57,Credit Card,4.0,Delivered,DP217,238.39,777.22,682.96,94.26
ORD101270,CUST1816,REST032,Dosa Express,2025-02-23,Pune,Chinese,5,1482.67,5,31.06,62,Credit Card,3.5,Delivered,DP101,74.13,1439.6,1003.92,435.68
ORD101271,CUST1580,REST093,Food Junction,2025-11-05,Chennai,Chinese,3,1240.26,25,44.61,50,Cash,4.0,Delivered,DP061,310.06,974.81,920.4,54.41
ORD101272,CUST1317,REST085,Pizza Point,2025-02-18,Mumbai,Chinese,2,925.77,0,95.39,30,Credit Card,4.5,Delivered,DP235,0.0,1021.16,719.59,301.57
ORD101273,CUST1235,REST085,Royal Kitchen,2025-03-19,Hyderabad,Chinese,1,916.57,10,39.23,51,Debit Card,5.0,Delivered,DP193,91.66,864.14,506.33,357.81
ORD101274,CUST1333,REST040,Pizza Point,2025-12-02,Bengaluru,Fast Food,2,694.38,15,28.22,65,Credit Card,4.5,Delivered,DP081,104.16,618.44,454.58,163.86
ORD101275,CUST1884,REST023,Food Junction,2025-12-24,Kolkata,Indian,3,299.73,0,99.37,68,Cash,3.5,Delivered,DP110,0.0,399.1,216.82,182.28
ORD101276,CUST1375,REST056,Food Junction,2025-05-02,Kolkata,Indian,1,1399.27,5,40.7,43,Cash,4.0,Cancelled,DP199,69.96,1370.01,1003.14,366.87
ORD101277,CUST1458,REST006,Royal Kitchen,2025-12-25,Delhi,Chinese,5,1662.4,5,72.82,28,Debit Card,3.0,Delivered,DP078,83.12,1652.1,1093.2,558.9
ORD101278,CUST1136,REST086,The Food Factory,2025-03-31,Mumbai,Italian,5,486.16,20,34.68,21,Credit Card,3.5,Delivered,DP061,97.23,423.61,361.56,62.05
ORD101279,CUST1587,REST050,Spice Hub,2025-12-12,Kolkata,Chinese,5,1675.13,25,61.76,55,Cash,4.0,Delivered,DP129,418.78,1318.11,1181.4,136.71
ORD101280,CUST1546,REST037,Biryani House,2025-07-12,Ahmedabad,South Indian,4,510.27,0,47.83,71,Credit Card,3.5,Delivered,DP006,0.0,558.1,345.01,213.09
ORD101281,CUST1512,REST064,Spice Hub,2025-09-01,Ahmedabad,North Indian,2,1010.53,0,96.73,42,Credit Card,4.0,Cancelled,DP231,0.0,1107.26,619.22,488.04
ORD101282,CUST1295,REST054,Food Junction,2025-05-29,Hyderabad,North Indian,3,697.28,5,51.79,27,Debit Card,4.0,Cancelled,DP235,34.86,714.21,442.42,271.79
ORD101283,CUST1319,REST072,Dosa Express,2025-05-26,Pune,Biryani,1,312.37,0,64.65,30,Debit Card,4.0,Cancelled,DP202,0.0,377.02,242.86,134.16
ORD101284,CUST1571,REST049,Taste of India,2025-11-12,Bengaluru,South Indian,2,208.77,0,95.31,35,Credit Card,3.5,Delivered,DP021,0.0,304.08,158.33,145.75
ORD101285,CUST1831,REST099,Royal Kitchen,2025-05-21,Hyderabad,Italian,3,733.78,25,99.08,18,Wallet,4.0,Cancelled,DP195,183.44,649.42,520.98,128.44
ORD101286,CUST1348,REST011,Taste of India,2025-10-13,Mumbai,Biryani,4,199.54,10,23.64,53,Wallet,4.5,Cancelled,DP083,19.95,203.23,149.17,54.06
ORD101287,CUST1839,REST088,Dragon Bowl,2025-12-05,Ahmedabad,North Indian,3,295.07,0,85.92,49,UPI,4.0,Delivered,DP028,0.0,380.99,171.52,209.47
ORD101288,CUST1778,REST049,Biryani House,2025-04-21,Bengaluru,Italian,2,359.06,0,47.48,66,UPI,3.5,Delivered,DP194,0.0,406.54,219.58,186.96
ORD101289,CUST1872,REST021,Food Junction,2025-04-18,Kolkata,Biryani,3,123.22,0,65.56,29,UPI,3.0,Cancelled,DP155,0.0,188.78,92.86,95.92
ORD101290,CUST1228,REST066,Taste of India,2025-10-08,Bengaluru,Chinese,1,377.46,10,46.88,71,Debit Card,4.5,Delivered,DP236,37.75,386.59,248.48,138.11
ORD101291,CUST1269,REST063,Dragon Bowl,2025-02-19,Bengaluru,Desserts,4,1089.83,5,49.09,67,Credit Card,5.0,Delivered,DP160,54.49,1084.43,747.53,336.9
ORD101292,CUST1827,REST083,Biryani House,2025-01-14,Bengaluru,Chinese,1,1496.8,5,28.5,40,Cash,3.0,Delivered,DP140,74.84,1450.46,1127.45,323.01
ORD101293,CUST1797,REST028,Pizza Point,2025-05-14,Ahmedabad,Italian,4,444.96,0,63.69,60,Credit Card,4.5,Delivered,DP065,0.0,508.65,286.07,222.58
ORD101294,CUST1290,REST017,Biryani House,2025-03-17,Kolkata,Biryani,4,255.87,25,61.47,21,Credit Card,4.5,Delivered,DP174,63.97,253.37,169.08,84.29
ORD101295,CUST1724,REST006,Dragon Bowl,2025-03-25,Hyderabad,Fast Food,3,1345.58,25,31.1,32,UPI,4.5,Delivered,DP235,336.4,1040.28,774.79,265.49
ORD101296,CUST1164,REST019,Royal Kitchen,2025-12-09,Bengaluru,Italian,1,133.71,0,61.05,39,Credit Card,5.0,Delivered,DP168,0.0,194.76,104.03,90.73
ORD101297,CUST1004,REST056,Pizza Point,2025-06-07,Hyderabad,Desserts,4,1353.39,10,97.71,51,UPI,5.0,Delivered,DP093,135.34,1315.76,1047.36,268.4
ORD101298,CUST1850,REST028,The Food Factory,2025-10-13,Bengaluru,Italian,4,340.28,10,75.72,35,Credit Card,3.0,Delivered,DP137,34.03,381.97,210.36,171.61
ORD101299,CUST1378,REST066,Royal Kitchen,2025-11-10,Ahmedabad,Desserts,3,503.52,5,55.88,66,Cash,4.0,Cancelled,DP082,25.18,534.22,375.66,158.56
ORD101300,CUST1077,REST038,Dragon Bowl,2025-04-04,Bengaluru,South Indian,2,321.72,5,92.87,22,Wallet,4.5,Cancelled,DP062,16.09,398.5,231.49,167.01
ORD101301,CUST1409,REST037,Taste of India,2025-10-24,Mumbai,Indian,2,535.53,25,63.9,73,Wallet,5.0,Cancelled,DP109,133.88,465.55,312.6,152.95
ORD101302,CUST1573,REST068,Biryani House,2025-04-04,Hyderabad,Italian,5,1460.94,15,26.48,34,Debit Card,5.0,Delivered,DP228,219.14,1268.28,811.55,456.73
ORD101303,CUST1131,REST086,Biryani House,2025-02-26,Pune,Fast Food,5,342.67,15,61.54,32,Cash,3.5,Delivered,DP144,51.4,352.81,189.58,163.23
ORD101304,CUST1600,REST090,Royal Kitchen,2025-06-13,Ahmedabad,Chinese,4,1790.2,0,30.38,67,Credit Card,4.0,Cancelled,DP099,0.0,1820.58,1011.67,808.91
ORD101305,CUST1748,REST049,Biryani House,2025-11-16,Hyderabad,Biryani,2,669.52,15,80.24,33,Cash,4.5,Delivered,DP100,100.43,649.33,464.85,184.48
ORD101306,CUST1041,REST043,Dragon Bowl,2025-04-08,Ahmedabad,Indian,4,1668.91,10,97.21,66,Credit Card,4.0,Delivered,DP196,166.89,1599.23,1106.82,492.41
ORD101307,CUST1088,REST036,Dosa Express,2025-01-16,Chennai,Biryani,1,439.26,15,45.67,17,Cash,4.5,Delivered,DP168,65.89,419.04,342.3,76.74
ORD101308,CUST1401,REST058,Biryani House,2025-12-10,Kolkata,Chinese,2,435.67,0,51.97,69,Cash,4.5,Cancelled,DP235,0.0,487.64,268.33,219.31
ORD101309,CUST1295,REST013,Royal Kitchen,2025-03-19,Pune,Italian,2,1069.76,0,50.83,52,Wallet,3.5,Delivered,DP035,0.0,1120.59,766.92,353.67
ORD101310,CUST1839,REST052,Dosa Express,2025-12-12,Mumbai,South Indian,2,205.01,20,39.25,32,Cash,5.0,Delivered,DP127,41.0,203.26,131.01,72.25
ORD101311,CUST1294,REST058,Sweet Treats,2025-03-13,Hyderabad,Fast Food,5,1465.68,5,82.51,41,Debit Card,5.0,Cancelled,DP083,73.28,1474.91,839.27,635.64
ORD101312,CUST1615,REST032,The Food Factory,2025-09-27,Mumbai,Indian,3,858.55,5,67.51,29,Credit Card,4.0,Cancelled,DP188,42.93,883.13,645.41,237.72
ORD101313,CUST1525,REST081,Sweet Treats,2025-10-14,Pune,Fast Food,3,1294.65,25,20.44,60,UPI,4.5,Delivered,DP198,323.66,991.43,831.17,160.26
ORD101314,CUST1799,REST100,Curry Corner,2025-03-07,Mumbai,Desserts,5,413.38,0,86.3,70,Cash,4.5,Delivered,DP223,0.0,499.68,314.54,185.14
ORD101315,CUST1690,REST060,Royal Kitchen,2025-03-09,Mumbai,North Indian,5,1199.16,0,30.9,35,UPI,3.5,Delivered,DP091,0.0,1230.06,917.95,312.11
ORD101316,CUST1636,REST083,Sweet Treats,2025-07-12,Delhi,Fast Food,5,1118.04,20,98.23,36,Wallet,3.5,Delivered,DP003,223.61,992.66,825.82,166.84
ORD101317,CUST1421,REST058,Food Junction,2025-02-24,Hyderabad,Fast Food,3,1389.51,0,47.02,22,UPI,3.0,Delivered,DP128,0.0,1436.53,773.08,663.45
ORD101318,CUST1864,REST099,Pizza Point,2025-06-17,Mumbai,Fast Food,4,619.63,0,67.4,25,Debit Card,5.0,Delivered,DP053,0.0,687.03,478.47,208.56
ORD101319,CUST1022,REST056,Food Junction,2025-01-25,Delhi,Chinese,5,1687.72,25,21.62,57,Debit Card,4.0,Delivered,DP100,421.93,1287.41,976.44,310.97
ORD101320,CUST1574,REST028,Spice Hub,2025-05-11,Delhi,Fast Food,4,1734.99,15,44.3,26,Wallet,3.5,Delivered,DP187,260.25,1519.04,1325.88,193.16
ORD101321,CUST1142,REST001,Sweet Treats,2025-11-21,Ahmedabad,South Indian,4,1578.45,5,83.2,62,Debit Card,4.0,Cancelled,DP164,78.92,1582.73,1088.35,494.38
ORD101322,CUST1664,REST042,Royal Kitchen,2025-04-12,Bengaluru,Fast Food,1,1081.02,0,55.56,53,Credit Card,3.0,Delivered,DP194,0.0,1136.58,688.41,448.17
ORD101323,CUST1144,REST082,Taste of India,2025-10-09,Bengaluru,Chinese,3,826.08,0,91.89,41,Debit Card,3.5,Delivered,DP240,0.0,917.97,591.39,326.58
ORD101324,CUST1224,REST048,Urban Tadka,2025-10-23,Kolkata,Desserts,4,217.43,5,63.89,49,Cash,4.5,Delivered,DP249,10.87,270.45,144.93,125.52
ORD101325,CUST1502,REST040,Sweet Treats,2025-10-21,Pune,Biryani,3,1711.34,25,93.93,16,Debit Card,4.5,Cancelled,DP037,427.84,1377.43,1253.95,123.48
ORD101326,CUST1820,REST097,The Food Factory,2025-09-20,Hyderabad,Chinese,3,1718.99,5,98.52,49,Credit Card,4.5,Cancelled,DP207,85.95,1731.56,1148.57,582.99
ORD101327,CUST1615,REST063,Sweet Treats,2025-04-30,Bengaluru,North Indian,1,151.4,0,53.58,45,Wallet,4.5,Delivered,DP101,0.0,204.98,96.12,108.86
ORD101328,CUST1103,REST076,Dosa Express,2025-08-19,Pune,North Indian,3,719.57,5,63.04,22,Debit Card,4.5,Delivered,DP215,35.98,746.63,455.48,291.15
ORD101329,CUST1038,REST072,Spice Hub,2025-10-18,Hyderabad,South Indian,4,1598.46,15,85.97,34,Credit Card,4.0,Cancelled,DP044,239.77,1444.66,1009.34,435.32
ORD101330,CUST1197,REST088,Biryani House,2025-06-10,Pune,Desserts,2,255.83,0,33.83,22,Cash,4.5,Cancelled,DP064,0.0,289.66,168.53,121.13
ORD101331,CUST1645,REST080,Spice Hub,2025-06-10,Kolkata,South Indian,4,450.23,25,88.24,18,UPI,4.0,Delivered,DP179,112.56,425.91,259.03,166.88
ORD101332,CUST1578,REST004,Spice Hub,2025-03-19,Kolkata,Italian,4,1764.18,20,65.31,45,UPI,4.0,Delivered,DP239,352.84,1476.65,1238.79,237.86
ORD101333,CUST1390,REST038,Pizza Point,2025-02-07,Delhi,Chinese,3,1543.45,0,76.67,69,Wallet,4.0,Delivered,DP124,0.0,1620.12,970.08,650.04
ORD101334,CUST1178,REST027,Dragon Bowl,2025-01-28,Delhi,Biryani,4,1652.27,15,21.79,46,Wallet,4.0,Delivered,DP006,247.84,1426.22,1122.15,304.07
ORD101335,CUST1553,REST009,Urban Tadka,2025-04-10,Hyderabad,Italian,2,358.82,15,80.13,27,UPI,4.0,Delivered,DP225,53.82,385.13,240.8,144.33
ORD101336,CUST1447,REST016,Spice Hub,2025-10-21,Pune,Italian,3,475.01,0,41.42,36,UPI,3.0,Cancelled,DP069,0.0,516.43,354.9,161.53
ORD101337,CUST1499,REST056,Dragon Bowl,2025-05-04,Pune,Indian,5,1137.1,0,83.44,40,Wallet,4.5,Cancelled,DP149,0.0,1220.54,850.77,369.77
ORD101338,CUST1014,REST076,Pizza Point,2025-04-02,Bengaluru,Fast Food,4,962.92,0,58.28,31,UPI,4.5,Delivered,DP057,0.0,1021.2,748.68,272.52
ORD101339,CUST1622,REST031,Biryani House,2025-09-12,Bengaluru,Italian,4,621.49,10,38.34,43,Debit Card,4.0,Cancelled,DP156,62.15,597.68,376.35,221.33
ORD101340,CUST1668,REST088,Food Junction,2025-04-07,Hyderabad,Italian,1,1604.86,10,95.98,41,Credit Card,5.0,Cancelled,DP085,160.49,1540.35,895.39,644.96
ORD101341,CUST1288,REST014,Royal Kitchen,2025-01-06,Chennai,South Indian,5,1634.33,0,80.03,70,Wallet,4.5,Delivered,DP024,0.0,1714.36,1058.6,655.76
ORD101342,CUST1477,REST025,Biryani House,2025-06-18,Bengaluru,Biryani,5,610.03,0,98.78,36,Credit Card,5.0,Delivered,DP115,0.0,708.81,461.32,247.49
ORD101343,CUST1230,REST034,Dragon Bowl,2025-09-28,Mumbai,Italian,2,381.67,25,45.98,32,Cash,4.5,Cancelled,DP092,95.42,332.23,262.61,69.62
ORD101344,CUST1419,REST067,Taste of India,2025-04-18,Bengaluru,Desserts,5,370.48,0,70.18,19,Cash,3.5,Delivered,DP075,0.0,440.66,235.59,205.07
ORD101345,CUST1156,REST024,Spice Hub,2025-10-26,Chennai,North Indian,1,933.83,5,66.99,26,Debit Card,5.0,Delivered,DP191,46.69,954.13,679.44,274.69
ORD101346,CUST1549,REST073,Dragon Bowl,2025-02-16,Pune,Biryani,2,343.3,25,73.44,16,Cash,5.0,Delivered,DP022,85.82,330.92,245.06,85.86
ORD101347,CUST1440,REST026,Spice Hub,2025-04-09,Delhi,Fast Food,5,915.21,15,18.26,56,Wallet,4.0,Delivered,DP110,137.28,796.19,653.57,142.62
ORD101348,CUST1096,REST020,Food Junction,2025-01-14,Ahmedabad,North Indian,2,896.05,0,39.8,21,Debit Card,4.0,Delivered,DP238,0.0,935.85,598.88,336.97
ORD101349,CUST1410,REST064,The Food Factory,2025-07-13,Ahmedabad,South Indian,5,1605.31,25,92.29,61,Debit Card,4.0,Delivered,DP034,401.33,1296.27,1078.79,217.48
ORD101350,CUST1288,REST010,Spice Hub,2025-06-06,Delhi,Desserts,5,617.63,15,51.02,73,Wallet,5.0,Delivered,DP249,92.64,576.01,418.65,157.36
ORD101351,CUST1253,REST083,Dragon Bowl,2025-06-03,Pune,North Indian,5,1061.9,25,96.65,40,UPI,3.0,Delivered,DP118,265.48,893.07,719.02,174.05
ORD101352,CUST1195,REST067,Royal Kitchen,2025-04-25,Delhi,Indian,4,1369.08,15,33.15,68,Credit Card,4.5,Delivered,DP037,205.36,1196.87,817.96,378.91
ORD101353,CUST1597,REST024,Urban Tadka,2025-09-15,Bengaluru,Indian,5,1121.14,10,99.78,53,Wallet,4.5,Delivered,DP041,112.11,1108.81,680.01,428.8
ORD101354,CUST1833,REST005,Royal Kitchen,2025-05-25,Kolkata,Fast Food,4,1722.83,10,74.29,29,UPI,3.5,Delivered,DP209,172.28,1624.84,1095.76,529.08
ORD101355,CUST1521,REST067,Curry Corner,2025-10-18,Delhi,Fast Food,3,1131.83,20,80.99,62,UPI,4.5,Cancelled,DP243,226.37,986.45,845.2,141.25
ORD101356,CUST1516,REST058,Spice Hub,2025-01-10,Kolkata,North Indian,1,1635.13,25,48.73,68,Cash,4.5,Delivered,DP079,408.78,1275.08,1073.22,201.86
ORD101357,CUST1634,REST027,Curry Corner,2025-08-02,Chennai,South Indian,2,531.69,25,92.1,72,Debit Card,4.0,Delivered,DP221,132.92,490.87,405.71,85.16
ORD101358,CUST1841,REST080,Biryani House,2025-08-21,Kolkata,Desserts,2,1062.06,0,61.36,47,Debit Card,4.5,Delivered,DP226,0.0,1123.42,777.94,345.48
ORD101359,CUST1864,REST015,Sweet Treats,2025-06-20,Chennai,South Indian,3,1032.75,20,72.88,61,Cash,5.0,Delivered,DP105,206.55,899.08,772.65,126.43
ORD101360,CUST1117,REST035,The Food Factory,2025-01-21,Bengaluru,Desserts,5,1782.28,0,23.06,17,Cash,4.5,Delivered,DP043,0.0,1805.34,1035.24,770.1
ORD101361,CUST1805,REST076,Pizza Point,2025-01-15,Pune,Chinese,1,463.57,0,68.69,56,Debit Card,4.5,Cancelled,DP022,0.0,532.26,270.83,261.43
ORD101362,CUST1158,REST053,Dosa Express,2025-05-06,Mumbai,Italian,3,356.87,0,89.72,62,Wallet,4.0,Cancelled,DP091,0.0,446.59,215.7,230.89
ORD101363,CUST1814,REST044,The Food Factory,2025-12-07,Bengaluru,Italian,3,1147.61,25,30.15,16,Wallet,3.5,Delivered,DP230,286.9,890.86,806.08,84.78
ORD101364,CUST1227,REST026,Royal Kitchen,2025-12-07,Delhi,Desserts,2,495.8,0,77.71,31,Wallet,5.0,Delivered,DP143,0.0,573.51,327.0,246.51
ORD101365,CUST1876,REST047,Dragon Bowl,2025-08-01,Bengaluru,Italian,4,1193.78,0,17.16,15,Wallet,4.5,Delivered,DP021,0.0,1210.94,703.2,507.74
ORD101366,CUST1215,REST034,Dosa Express,2025-07-07,Ahmedabad,Biryani,4,1753.78,0,93.73,50,Cash,4.0,Delivered,DP052,0.0,1847.51,1265.4,582.11
ORD101367,CUST1695,REST087,Biryani House,2025-06-21,Ahmedabad,Chinese,5,1710.13,0,98.55,57,Credit Card,4.5,Delivered,DP004,0.0,1808.68,1144.11,664.57
ORD101368,CUST1014,REST095,The Food Factory,2025-09-04,Chennai,North Indian,5,508.25,15,45.11,31,Credit Card,4.5,Delivered,DP175,76.24,477.12,364.99,112.13
ORD101369,CUST1156,REST050,Pizza Point,2025-01-05,Bengaluru,Italian,3,407.11,0,24.1,16,Debit Card,4.0,Delivered,DP146,0.0,431.21,309.07,122.14
ORD101370,CUST1647,REST084,Dosa Express,2025-08-19,Bengaluru,Biryani,5,1062.04,15,70.98,47,Credit Card,5.0,Delivered,DP071,159.31,973.71,807.57,166.14
ORD101371,CUST1260,REST012,Food Junction,2025-07-20,Mumbai,Desserts,4,1105.79,15,17.54,43,Wallet,3.0,Delivered,DP208,165.87,957.46,684.77,272.69
ORD101372,CUST1156,REST087,Urban Tadka,2025-05-29,Chennai,Desserts,1,1232.58,15,56.01,74,Cash,4.5,Delivered,DP118,184.89,1103.7,722.86,380.84
ORD101373,CUST1046,REST004,The Food Factory,2025-03-13,Hyderabad,Biryani,2,1365.7,5,38.1,74,Wallet,4.0,Delivered,DP163,68.28,1335.52,887.4,448.12
ORD101374,CUST1323,REST087,Biryani House,2025-08-14,Hyderabad,Indian,4,1129.61,20,55.23,20,UPI,4.0,Delivered,DP204,225.92,958.92,643.08,315.84
ORD101375,CUST1843,REST048,Spice Hub,2025-03-15,Chennai,Biryani,5,307.75,25,16.55,57,Cash,5.0,Delivered,DP007,76.94,247.36,172.37,74.99
ORD101376,CUST1684,REST055,Pizza Point,2025-11-03,Hyderabad,Fast Food,2,1447.47,5,19.39,50,UPI,4.5,Delivered,DP169,72.37,1394.49,1121.74,272.75
ORD101377,CUST1129,REST001,Dosa Express,2025-06-18,Delhi,South Indian,2,253.59,25,16.36,38,UPI,4.5,Delivered,DP138,63.4,206.55,196.16,10.39
ORD101378,CUST1410,REST089,Dosa Express,2025-09-06,Hyderabad,Biryani,3,153.59,25,67.63,25,Debit Card,4.0,Delivered,DP190,38.4,182.82,96.9,85.92
ORD101379,CUST1094,REST066,Urban Tadka,2025-10-07,Ahmedabad,Fast Food,5,1413.03,0,62.61,19,UPI,5.0,Cancelled,DP193,0.0,1475.64,1043.83,431.81
ORD101380,CUST1626,REST030,Dosa Express,2025-06-01,Delhi,Fast Food,3,1041.24,20,34.82,44,Credit Card,4.0,Delivered,DP140,208.25,867.81,626.19,241.62
ORD101381,CUST1754,REST003,Curry Corner,2025-08-12,Chennai,Indian,2,1293.63,25,69.96,24,Credit Card,4.5,Delivered,DP091,323.41,1040.18,835.66,204.52
ORD101382,CUST1291,REST021,Taste of India,2025-08-13,Hyderabad,North Indian,3,763.02,20,90.16,51,UPI,5.0,Delivered,DP156,152.6,700.58,547.15,153.43
ORD101383,CUST1793,REST089,Curry Corner,2025-02-07,Hyderabad,Indian,5,138.64,20,38.57,41,Debit Card,3.5,Delivered,DP058,27.73,149.48,93.81,55.67
ORD101384,CUST1810,REST084,Dosa Express,2025-02-13,Pune,Desserts,4,676.11,0,85.72,41,UPI,3.5,Delivered,DP184,0.0,761.83,499.55,262.28
ORD101385,CUST1282,REST049,Pizza Point,2025-07-04,Kolkata,Desserts,1,1141.67,0,71.31,38,Cash,5.0,Delivered,DP146,0.0,1212.98,885.26,327.72
ORD101386,CUST1068,REST086,The Food Factory,2025-08-29,Delhi,Biryani,4,499.18,5,17.87,73,Cash,5.0,Delivered,DP193,24.96,492.09,275.58,216.51
ORD101387,CUST1659,REST085,Biryani House,2025-11-27,Delhi,Indian,2,1275.51,20,46.89,72,Cash,4.5,Delivered,DP185,255.1,1067.3,972.75,94.55
ORD101388,CUST1010,REST062,Spice Hub,2025-12-17,Bengaluru,Indian,4,1454.59,25,58.16,68,Cash,4.5,Delivered,DP178,363.65,1149.1,938.35,210.75
ORD101389,CUST1253,REST097,The Food Factory,2025-07-29,Mumbai,North Indian,3,883.17,20,77.19,68,UPI,4.5,Cancelled,DP215,176.63,783.73,568.61,215.12
ORD101390,CUST1841,REST038,Food Junction,2025-01-23,Ahmedabad,South Indian,5,1591.21,25,39.41,17,Wallet,4.0,Delivered,DP231,397.8,1232.82,875.41,357.41
ORD101391,CUST1871,REST015,The Food Factory,2025-05-04,Hyderabad,Italian,4,1556.09,10,98.53,75,Wallet,4.0,Delivered,DP209,155.61,1499.01,1154.46,344.55
ORD101392,CUST1549,REST052,The Food Factory,2025-03-27,Pune,Desserts,4,1595.14,20,73.19,52,Cash,4.0,Delivered,DP127,319.03,1349.3,1155.79,193.51
ORD101393,CUST1133,REST079,Biryani House,2025-02-12,Mumbai,Biryani,5,1230.54,20,46.69,40,Debit Card,3.0,Delivered,DP045,246.11,1031.12,929.82,101.3
ORD101394,CUST1711,REST046,Urban Tadka,2025-02-09,Kolkata,Desserts,3,632.05,10,23.25,59,Debit Card,4.0,Delivered,DP190,63.2,592.1,371.96,220.14
ORD101395,CUST1022,REST025,Dosa Express,2025-10-30,Kolkata,North Indian,1,928.5,0,30.42,62,UPI,4.0,Delivered,DP106,0.0,958.92,556.61,402.31
ORD101396,CUST1814,REST021,Urban Tadka,2025-06-18,Ahmedabad,Biryani,4,1313.66,5,56.45,53,Wallet,4.5,Delivered,DP110,65.68,1304.43,814.22,490.21
ORD101397,CUST1345,REST088,Food Junction,2025-06-24,Pune,Desserts,2,473.75,15,57.05,32,UPI,4.5,Cancelled,DP193,71.06,459.74,318.34,141.4
ORD101398,CUST1301,REST005,Sweet Treats,2025-01-20,Mumbai,Biryani,3,1361.26,5,80.26,17,Credit Card,5.0,Cancelled,DP055,68.06,1373.46,856.75,516.71
ORD101399,CUST1362,REST070,Spice Hub,2025-04-19,Ahmedabad,Indian,3,1040.79,0,76.73,52,Cash,4.0,Delivered,DP038,0.0,1117.52,644.18,473.34
ORD101400,CUST1395,REST047,Curry Corner,2025-07-12,Ahmedabad,South Indian,4,281.31,5,32.11,56,Credit Card,4.0,Delivered,DP004,14.07,299.35,166.54,132.81
ORD101401,CUST1217,REST087,Spice Hub,2025-09-01,Ahmedabad,Indian,5,1056.24,10,65.57,62,Credit Card,4.5,Delivered,DP243,105.62,1016.19,619.61,396.58
ORD101402,CUST1140,REST068,Dragon Bowl,2025-11-20,Ahmedabad,Fast Food,4,232.18,20,16.75,39,Debit Card,4.0,Delivered,DP015,46.44,202.49,152.95,49.54
ORD101403,CUST1615,REST091,Dosa Express,2025-10-07,Hyderabad,Chinese,4,144.04,20,48.88,27,Wallet,4.0,Delivered,DP149,28.81,164.11,93.99,70.12
ORD101404,CUST1209,REST018,Dragon Bowl,2025-08-16,Kolkata,Chinese,5,1614.57,15,79.95,39,Cash,4.5,Cancelled,DP149,242.19,1452.33,1179.57,272.76
ORD101405,CUST1622,REST021,Dragon Bowl,2025-02-05,Ahmedabad,North Indian,2,943.06,0,48.96,38,UPI,4.0,Delivered,DP179,0.0,992.02,697.37,294.65
ORD101406,CUST1615,REST092,Spice Hub,2025-02-14,Pune,Chinese,5,1032.73,20,86.03,70,Cash,5.0,Delivered,DP214,206.55,912.21,734.42,177.79
ORD101407,CUST1827,REST099,Taste of India,2025-01-28,Delhi,North Indian,4,590.3,0,97.97,55,UPI,4.5,Delivered,DP108,0.0,688.27,437.52,250.75
ORD101408,CUST1682,REST086,Curry Corner,2025-06-03,Bengaluru,Italian,1,1031.81,0,66.61,73,UPI,3.5,Cancelled,DP206,0.0,1098.42,593.33,505.09
ORD101409,CUST1459,REST023,Food Junction,2025-01-23,Pune,Indian,5,403.7,25,27.33,30,Wallet,4.5,Delivered,DP035,100.92,330.11,264.54,65.57
ORD101410,CUST1355,REST064,Dosa Express,2025-07-26,Chennai,Desserts,2,1372.68,15,47.27,57,Credit Card,4.5,Delivered,DP125,205.9,1214.05,845.41,368.64
ORD101411,CUST1323,REST067,Pizza Point,2025-04-01,Kolkata,Fast Food,5,1503.23,25,15.81,55,UPI,4.5,Delivered,DP004,375.81,1143.23,913.83,229.4
ORD101412,CUST1132,REST040,Food Junction,2025-12-25,Ahmedabad,Fast Food,5,1557.87,0,66.23,56,Wallet,5.0,Delivered,DP227,0.0,1624.1,1112.19,511.91
ORD101413,CUST1887,REST010,Taste of India,2025-02-07,Kolkata,Chinese,3,299.18,5,84.83,25,Credit Card,4.5,Delivered,DP160,14.96,369.05,221.75,147.3
ORD101414,CUST1804,REST089,Curry Corner,2025-08-16,Ahmedabad,South Indian,3,1057.03,5,68.54,75,Credit Card,3.0,Cancelled,DP220,52.85,1072.72,609.26,463.46
ORD101415,CUST1839,REST052,Royal Kitchen,2025-07-21,Hyderabad,Italian,4,1478.7,5,81.82,71,Cash,3.5,Delivered,DP140,73.94,1486.58,855.49,631.09
ORD101416,CUST1126,REST072,Biryani House,2025-12-16,Hyderabad,North Indian,4,335.4,5,82.99,35,Cash,4.5,Delivered,DP054,16.77,401.62,233.79,167.83
ORD101417,CUST1105,REST075,Taste of India,2025-11-05,Chennai,Italian,5,287.2,0,87.34,45,Cash,4.0,Delivered,DP030,0.0,374.54,167.49,207.05
ORD101418,CUST1603,REST061,Food Junction,2025-09-11,Kolkata,Chinese,1,1492.46,10,37.67,68,Debit Card,4.5,Delivered,DP009,149.25,1380.88,1084.61,296.27
ORD101419,CUST1798,REST064,Dosa Express,2025-02-07,Ahmedabad,North Indian,4,1458.52,15,89.06,29,Credit Card,4.5,Cancelled,DP019,218.78,1328.8,1080.18,248.62
ORD101420,CUST1377,REST005,Sweet Treats,2025-08-09,Mumbai,North Indian,5,873.8,5,70.6,67,Debit Card,4.5,Delivered,DP080,43.69,900.71,585.67,315.04
ORD101421,CUST1050,REST053,Dosa Express,2025-07-06,Bengaluru,Chinese,5,304.31,0,39.63,59,Cash,4.0,Delivered,DP158,0.0,343.94,230.95,112.99
ORD101422,CUST1028,REST055,Curry Corner,2025-02-12,Mumbai,Desserts,5,987.09,20,98.92,63,Wallet,4.5,Delivered,DP193,197.42,888.59,547.52,341.07
ORD101423,CUST1461,REST037,Sweet Treats,2025-12-25,Chennai,Indian,5,783.27,20,95.77,50,Cash,3.5,Delivered,DP110,156.65,722.39,471.59,250.8
ORD101424,CUST1295,REST056,Urban Tadka,2025-04-24,Chennai,South Indian,5,991.16,0,63.83,57,UPI,4.5,Cancelled,DP045,0.0,1054.99,721.34,333.65
ORD101425,CUST1296,REST059,Curry Corner,2025-09-17,Bengaluru,Italian,3,859.02,5,86.67,75,Wallet,4.5,Cancelled,DP023,42.95,902.74,661.6,241.14
ORD101426,CUST1725,REST093,Curry Corner,2025-01-05,Chennai,Fast Food,2,1075.1,0,37.23,15,Wallet,4.5,Delivered,DP076,0.0,1112.33,828.83,283.5
ORD101427,CUST1778,REST069,Dragon Bowl,2025-03-09,Chennai,Chinese,2,1341.58,0,50.36,42,Credit Card,4.0,Delivered,DP005,0.0,1391.94,737.99,653.95
ORD101428,CUST1406,REST073,Taste of India,2025-08-16,Kolkata,Indian,5,1421.76,15,30.64,47,Debit Card,4.5,Delivered,DP212,213.26,1239.14,988.59,250.55
ORD101429,CUST1768,REST059,Dosa Express,2025-05-03,Pune,Fast Food,4,1210.29,15,59.21,17,UPI,4.5,Delivered,DP195,181.54,1087.96,673.27,414.69
ORD101430,CUST1813,REST002,Royal Kitchen,2025-06-22,Ahmedabad,Desserts,1,454.22,0,57.16,69,Wallet,3.0,Cancelled,DP119,0.0,511.38,322.98,188.4
ORD101431,CUST1612,REST065,Dragon Bowl,2025-12-02,Kolkata,Italian,5,787.17,20,33.09,29,Debit Card,5.0,Delivered,DP194,157.43,662.83,572.0,90.83
ORD101432,CUST1404,REST060,Food Junction,2025-06-02,Bengaluru,Chinese,1,239.66,20,72.19,47,Debit Card,4.5,Delivered,DP043,47.93,263.92,179.09,84.83
ORD101433,CUST1345,REST051,Biryani House,2025-09-24,Hyderabad,North Indian,3,878.81,0,25.01,46,UPI,4.5,Cancelled,DP212,0.0,903.82,590.36,313.46
ORD101434,CUST1621,REST030,Spice Hub,2025-06-06,Mumbai,Desserts,2,1750.17,0,20.24,37,UPI,4.0,Delivered,DP002,0.0,1770.41,1304.8,465.61
ORD101435,CUST1419,REST011,The Food Factory,2025-06-11,Hyderabad,Desserts,3,1198.11,0,47.72,72,Cash,5.0,Delivered,DP176,0.0,1245.83,913.54,332.29
ORD101436,CUST1181,REST092,Biryani House,2025-08-02,Hyderabad,South Indian,4,379.75,0,49.84,40,Cash,4.5,Delivered,DP186,0.0,429.59,255.44,174.15
ORD101437,CUST1824,REST076,Spice Hub,2025-01-26,Pune,Chinese,4,571.21,0,42.18,75,Wallet,4.5,Delivered,DP040,0.0,613.39,383.02,230.37
ORD101438,CUST1000,REST039,Urban Tadka,2025-10-19,Mumbai,Desserts,5,228.48,20,36.93,62,Wallet,4.5,Delivered,DP099,45.7,219.71,152.25,67.46
ORD101439,CUST1830,REST090,Food Junction,2025-07-08,Hyderabad,South Indian,4,426.46,25,43.8,31,Wallet,4.0,Delivered,DP181,106.62,363.64,284.05,79.59
ORD101440,CUST1566,REST077,Dosa Express,2025-05-02,Ahmedabad,Indian,4,939.57,10,28.89,23,Cash,3.5,Cancelled,DP187,93.96,874.5,684.14,190.36
ORD101441,CUST1370,REST072,Pizza Point,2025-08-18,Bengaluru,Indian,3,699.36,5,49.29,19,Wallet,4.0,Delivered,DP196,34.97,713.68,395.48,318.2
ORD101442,CUST1660,REST063,Curry Corner,2025-02-28,Mumbai,Desserts,1,462.66,5,91.89,43,Wallet,4.0,Delivered,DP191,23.13,531.42,302.61,228.81
ORD101443,CUST1430,REST064,Dragon Bowl,2025-04-06,Delhi,Italian,2,366.29,5,34.08,20,Cash,4.5,Delivered,DP117,18.31,382.06,245.6,136.46
ORD101444,CUST1308,REST061,Royal Kitchen,2025-09-19,Pune,South Indian,4,1222.2,0,73.18,61,Cash,3.5,Cancelled,DP164,0.0,1295.38,732.49,562.89
ORD101445,CUST1136,REST054,Biryani House,2025-12-20,Ahmedabad,Chinese,4,1057.61,0,27.05,74,Wallet,4.5,Delivered,DP040,0.0,1084.66,713.35,371.31
ORD101446,CUST1201,REST092,Spice Hub,2025-11-08,Hyderabad,Indian,3,1535.64,25,45.08,55,Wallet,4.5,Delivered,DP134,383.91,1196.81,1005.54,191.27
ORD101447,CUST1435,REST094,Pizza Point,2025-05-16,Ahmedabad,Chinese,2,427.86,25,42.3,73,Debit Card,4.0,Delivered,DP142,106.96,363.2,307.91,55.29
ORD101448,CUST1312,REST073,Biryani House,2025-12-16,Ahmedabad,Italian,3,1544.62,0,94.65,49,Credit Card,4.0,Delivered,DP207,0.0,1639.27,975.05,664.22
ORD101449,CUST1116,REST095,Food Junction,2025-10-10,Chennai,South Indian,1,1090.89,15,51.38,65,Cash,4.5,Delivered,DP125,163.63,978.64,838.29,140.35
ORD101450,CUST1665,REST058,Dosa Express,2025-04-30,Mumbai,Chinese,3,567.25,25,73.69,35,Credit Card,4.0,Delivered,DP241,141.81,499.13,365.97,133.16
ORD101451,CUST1802,REST085,Sweet Treats,2025-01-25,Delhi,Fast Food,2,579.57,0,66.21,59,Cash,4.0,Delivered,DP101,0.0,645.78,402.86,242.92
ORD101452,CUST1574,REST056,Biryani House,2025-12-08,Chennai,Chinese,2,775.84,20,26.99,59,Debit Card,4.5,Delivered,DP033,155.17,647.66,466.27,181.39
ORD101453,CUST1243,REST034,Biryani House,2025-05-26,Ahmedabad,Biryani,4,893.01,10,94.86,37,Credit Card,4.5,Delivered,DP108,89.3,898.57,632.6,265.97
ORD101454,CUST1536,REST031,Dosa Express,2025-01-12,Delhi,Biryani,1,258.61,5,44.4,49,Debit Card,4.5,Delivered,DP147,12.93,290.08,172.8,117.28
ORD101455,CUST1601,REST052,Royal Kitchen,2025-03-28,Ahmedabad,North Indian,5,1534.56,25,18.8,66,UPI,4.5,Delivered,DP204,383.64,1169.72,964.8,204.92
ORD101456,CUST1074,REST089,Dragon Bowl,2025-04-19,Hyderabad,Italian,4,324.19,20,40.54,60,Credit Card,5.0,Delivered,DP171,64.84,299.89,204.25,95.64
ORD101457,CUST1805,REST076,Royal Kitchen,2025-12-11,Ahmedabad,Italian,3,932.21,20,43.53,16,Credit Card,4.0,Delivered,DP054,186.44,789.3,593.22,196.08
ORD101458,CUST1385,REST001,Urban Tadka,2025-09-23,Chennai,Italian,3,763.39,25,22.88,71,Credit Card,5.0,Delivered,DP201,190.85,595.42,496.67,98.75
ORD101459,CUST1209,REST055,Royal Kitchen,2025-08-10,Hyderabad,Fast Food,2,980.64,25,67.7,56,UPI,4.0,Delivered,DP211,245.16,803.18,595.21,207.97
ORD101460,CUST1474,REST022,Taste of India,2025-03-15,Chennai,South Indian,2,1610.97,10,44.47,23,UPI,4.5,Delivered,DP096,161.1,1494.34,988.82,505.52
ORD101461,CUST1417,REST040,Biryani House,2025-11-29,Mumbai,Fast Food,2,1781.67,5,68.48,27,Debit Card,4.5,Delivered,DP092,89.08,1761.07,1372.64,388.43
ORD101462,CUST1346,REST001,Dosa Express,2025-11-06,Ahmedabad,North Indian,5,154.06,25,15.57,57,UPI,4.5,Cancelled,DP092,38.52,131.11,95.41,35.7
ORD101463,CUST1528,REST065,Royal Kitchen,2025-04-12,Kolkata,Chinese,5,780.64,0,98.47,48,Cash,5.0,Cancelled,DP124,0.0,879.11,541.91,337.2
ORD101464,CUST1639,REST063,Taste of India,2025-05-17,Bengaluru,Desserts,4,1493.59,10,29.49,30,Wallet,4.0,Delivered,DP095,149.36,1373.72,940.11,433.61
ORD101465,CUST1875,REST054,Dosa Express,2025-07-10,Kolkata,Indian,5,668.69,20,71.04,19,Credit Card,4.0,Delivered,DP061,133.74,605.99,492.49,113.5
ORD101466,CUST1762,REST042,Dragon Bowl,2025-05-22,Bengaluru,South Indian,2,1210.38,25,75.84,15,Debit Card,3.5,Cancelled,DP228,302.6,983.62,859.45,124.17
ORD101467,CUST1178,REST021,Dosa Express,2025-12-23,Kolkata,Biryani,4,1787.0,0,29.59,54,Debit Card,3.5,Delivered,DP141,0.0,1816.59,1117.75,698.84
ORD101468,CUST1181,REST079,Urban Tadka,2025-03-14,Delhi,Biryani,4,1206.58,5,24.5,36,Debit Card,4.5,Delivered,DP170,60.33,1170.75,862.49,308.26
ORD101469,CUST1663,REST081,Dosa Express,2025-11-24,Pune,North Indian,1,306.8,15,27.97,62,Debit Card,3.0,Delivered,DP225,46.02,288.75,222.14,66.61
ORD101470,CUST1024,REST022,Food Junction,2025-06-16,Chennai,Desserts,5,1536.13,10,35.98,60,Credit Card,5.0,Delivered,DP234,153.61,1418.5,893.73,524.77
ORD101471,CUST1179,REST038,Biryani House,2025-06-17,Hyderabad,Biryani,3,1743.98,20,29.3,72,Debit Card,4.5,Cancelled,DP018,348.8,1424.48,1191.09,233.39
ORD101472,CUST1709,REST099,Spice Hub,2025-02-23,Pune,North Indian,3,1317.01,0,72.29,40,Credit Card,4.0,Cancelled,DP221,0.0,1389.3,969.04,420.26
ORD101473,CUST1500,REST080,Spice Hub,2025-09-16,Mumbai,Chinese,1,824.03,20,50.77,48,Debit Card,4.0,Cancelled,DP109,164.81,709.99,462.76,247.23
ORD101474,CUST1855,REST008,Spice Hub,2025-04-21,Mumbai,Chinese,2,1713.31,15,60.71,64,Debit Card,3.5,Delivered,DP231,257.0,1517.02,1142.45,374.57
ORD101475,CUST1160,REST062,Dosa Express,2025-08-20,Mumbai,Italian,1,1747.2,25,19.02,72,Wallet,5.0,Delivered,DP072,436.8,1329.42,1298.45,30.97
ORD101476,CUST1176,REST047,Dragon Bowl,2025-06-10,Bengaluru,Indian,2,1691.0,25,88.21,35,Cash,4.5,Delivered,DP113,422.75,1356.46,1300.61,55.85
ORD101477,CUST1284,REST017,Pizza Point,2025-12-18,Hyderabad,Italian,5,811.86,0,29.5,21,UPI,4.0,Delivered,DP249,0.0,841.36,569.01,272.35
ORD101478,CUST1062,REST017,Taste of India,2025-11-23,Mumbai,Chinese,5,1446.71,5,45.61,39,UPI,3.0,Cancelled,DP214,72.34,1419.98,904.77,515.21
ORD101479,CUST1661,REST090,Taste of India,2025-01-19,Mumbai,Fast Food,4,1219.02,10,21.11,71,UPI,4.0,Delivered,DP193,121.9,1118.23,840.04,278.19
ORD101480,CUST1665,REST013,Dosa Express,2025-10-17,Kolkata,Italian,4,421.91,0,26.63,26,Cash,3.5,Delivered,DP048,0.0,448.54,234.71,213.83
ORD101481,CUST1155,REST017,Food Junction,2025-02-19,Delhi,South Indian,4,1019.67,15,71.59,45,Credit Card,4.5,Delivered,DP095,152.95,938.31,667.73,270.58
ORD101482,CUST1881,REST038,Food Junction,2025-06-24,Chennai,Chinese,4,1376.12,20,73.87,61,UPI,4.5,Delivered,DP084,275.22,1174.77,987.07,187.7
ORD101483,CUST1468,REST081,Curry Corner,2025-10-29,Chennai,Chinese,3,1625.13,15,72.54,41,UPI,4.5,Delivered,DP164,243.77,1453.9,907.35,546.55
ORD101484,CUST1048,REST078,Dosa Express,2025-07-03,Ahmedabad,Desserts,4,1569.17,0,61.93,36,UPI,5.0,Delivered,DP087,0.0,1631.1,1080.76,550.34
ORD101485,CUST1848,REST045,The Food Factory,2025-07-04,Chennai,Desserts,4,379.83,0,95.96,48,Credit Card,3.5,Delivered,DP209,0.0,475.79,260.3,215.49
ORD101486,CUST1083,REST006,Urban Tadka,2025-12-05,Pune,Fast Food,4,939.9,10,58.11,68,Cash,4.0,Delivered,DP173,93.99,904.02,557.95,346.07
ORD101487,CUST1360,REST035,Spice Hub,2025-11-03,Kolkata,Fast Food,2,923.49,10,53.2,31,Cash,4.5,Delivered,DP138,92.35,884.34,628.82,255.52
ORD101488,CUST1688,REST014,Urban Tadka,2025-11-06,Kolkata,Fast Food,4,1629.88,20,36.04,73,Credit Card,3.0,Delivered,DP137,325.98,1339.94,1049.93,290.01
ORD101489,CUST1147,REST072,Spice Hub,2025-12-12,Delhi,Desserts,1,123.25,20,23.4,25,Wallet,4.0,Delivered,DP174,24.65,122.0,81.36,40.64
ORD101490,CUST1629,REST061,Sweet Treats,2025-03-22,Bengaluru,Indian,4,1361.04,25,61.59,43,Debit Card,4.5,Delivered,DP145,340.26,1082.37,850.44,231.93
ORD101491,CUST1341,REST015,Sweet Treats,2025-06-05,Pune,South Indian,4,1159.32,20,41.77,48,Credit Card,4.0,Delivered,DP250,231.86,969.23,853.7,115.53
ORD101492,CUST1475,REST054,Dosa Express,2025-10-02,Delhi,Chinese,3,1668.24,0,59.54,74,Debit Card,4.5,Cancelled,DP195,0.0,1727.78,1057.83,669.95
ORD101493,CUST1062,REST027,Sweet Treats,2025-10-10,Mumbai,Fast Food,4,887.62,15,32.52,65,Cash,4.5,Delivered,DP033,133.14,787.0,649.64,137.36
ORD101494,CUST1700,REST013,Royal Kitchen,2025-09-06,Hyderabad,Indian,2,1224.89,20,86.24,51,Debit Card,4.0,Delivered,DP065,244.98,1066.15,695.26,370.89
ORD101495,CUST1359,REST031,Pizza Point,2025-05-27,Pune,Biryani,5,1754.22,25,99.97,72,UPI,3.5,Delivered,DP148,438.56,1415.63,1077.22,338.41
ORD101496,CUST1560,REST035,Curry Corner,2025-01-07,Pune,South Indian,4,1369.76,0,42.4,63,Debit Card,3.5,Delivered,DP194,0.0,1412.16,880.23,531.93
ORD101497,CUST1326,REST060,Food Junction,2025-06-06,Mumbai,North Indian,4,233.21,20,86.6,62,Debit Card,4.5,Delivered,DP126,46.64,273.17,149.97,123.2
ORD101498,CUST1768,REST006,Pizza Point,2025-06-20,Mumbai,North Indian,4,401.46,15,89.2,74,Cash,3.5,Delivered,DP144,60.22,430.44,261.55,168.89
ORD101499,CUST1735,REST069,Urban Tadka,2025-03-10,Hyderabad,Desserts,3,1500.04,0,99.67,40,Wallet,5.0,Cancelled,DP201,0.0,1599.71,1050.1,549.61
ORD101500,CUST1140,REST086,Urban Tadka,2025-04-04,Chennai,Biryani,5,682.46,0,44.13,59,Debit Card,5.0,Delivered,DP142,0.0,726.59,465.46,261.13
ORD101501,CUST1214,REST058,Dragon Bowl,2025-12-29,Pune,Biryani,3,1305.94,0,79.26,59,Cash,4.0,Cancelled,DP129,0.0,1385.2,874.77,510.43
ORD101502,CUST1434,REST049,Sweet Treats,2025-07-05,Delhi,Chinese,3,1295.7,15,34.45,59,UPI,5.0,Cancelled,DP163,194.36,1135.79,962.27,173.52
ORD101503,CUST1890,REST023,Food Junction,2025-06-19,Bengaluru,Indian,3,1789.42,20,68.11,46,Debit Card,4.5,Delivered,DP210,357.88,1499.65,1064.92,434.73
ORD101504,CUST1722,REST089,Curry Corner,2025-07-23,Mumbai,Indian,2,909.39,15,74.91,51,Debit Card,3.5,Cancelled,DP129,136.41,847.89,680.09,167.8
ORD101505,CUST1317,REST034,Spice Hub,2025-02-11,Mumbai,Biryani,5,1359.56,15,78.0,19,UPI,4.5,Cancelled,DP171,203.93,1233.63,1001.49,232.14
ORD101506,CUST1031,REST026,Pizza Point,2025-01-13,Bengaluru,South Indian,2,201.9,5,32.61,34,Credit Card,4.5,Delivered,DP249,10.1,224.41,120.13,104.28
ORD101507,CUST1669,REST047,Royal Kitchen,2025-06-03,Delhi,Italian,2,897.15,25,87.14,65,Wallet,3.5,Delivered,DP069,224.29,760.0,622.2,137.8
ORD101508,CUST1284,REST005,Curry Corner,2025-10-01,Ahmedabad,Biryani,5,433.62,15,50.78,21,UPI,4.0,Delivered,DP075,65.04,419.36,260.76,158.6
ORD101509,CUST1304,REST090,Biryani House,2025-10-25,Mumbai,Chinese,2,1532.16,0,33.39,57,UPI,3.0,Delivered,DP230,0.0,1565.55,1174.93,390.62
ORD101510,CUST1428,REST020,Taste of India,2025-02-20,Bengaluru,Biryani,5,1531.05,25,61.12,37,UPI,4.0,Delivered,DP216,382.76,1209.41,1015.67,193.74
ORD101511,CUST1476,REST006,Sweet Treats,2025-07-31,Kolkata,South Indian,4,517.09,5,88.39,15,Credit Card,4.0,Delivered,DP231,25.85,579.63,308.63,271.0
ORD101512,CUST1285,REST070,Spice Hub,2025-05-24,Mumbai,South Indian,3,654.72,0,97.2,53,UPI,4.5,Cancelled,DP237,0.0,751.92,455.88,296.04
ORD101513,CUST1143,REST059,Biryani House,2025-12-23,Chennai,Biryani,2,1300.16,20,78.6,17,Credit Card,3.5,Delivered,DP096,260.03,1118.73,926.57,192.16
ORD101514,CUST1423,REST064,Spice Hub,2025-01-03,Chennai,Indian,5,1360.29,10,15.48,59,Wallet,3.0,Cancelled,DP183,136.03,1239.74,937.43,302.31
ORD101515,CUST1018,REST018,Spice Hub,2025-09-11,Mumbai,Biryani,1,1224.82,20,26.45,17,Credit Card,4.0,Delivered,DP144,244.96,1006.31,741.74,264.57
ORD101516,CUST1017,REST004,Sweet Treats,2025-12-01,Kolkata,Fast Food,2,1794.45,5,21.48,20,Wallet,5.0,Delivered,DP121,89.72,1726.21,1290.39,435.82
ORD101517,CUST1768,REST017,Spice Hub,2025-09-13,Mumbai,Fast Food,2,1579.39,25,23.6,45,Wallet,4.0,Delivered,DP195,394.85,1208.14,1206.34,1.8
ORD101518,CUST1589,REST014,Curry Corner,2025-04-08,Ahmedabad,Italian,5,820.66,5,47.56,68,Wallet,4.0,Delivered,DP250,41.03,827.19,631.08,196.11
ORD101519,CUST1370,REST078,Curry Corner,2025-06-22,Ahmedabad,Chinese,1,669.32,25,43.77,41,Cash,4.0,Delivered,DP111,167.33,545.76,472.73,73.03
ORD101520,CUST1174,REST013,Biryani House,2025-05-30,Chennai,Desserts,1,1122.71,25,24.66,43,Wallet,4.5,Delivered,DP191,280.68,866.69,834.46,32.23
ORD101521,CUST1193,REST007,Royal Kitchen,2025-10-06,Ahmedabad,Chinese,4,1493.63,0,89.99,29,Credit Card,4.5,Cancelled,DP072,0.0,1583.62,1157.69,425.93
ORD101522,CUST1501,REST044,Urban Tadka,2025-02-28,Kolkata,North Indian,2,918.58,15,67.31,50,Cash,3.5,Delivered,DP224,137.79,848.1,514.38,333.72
ORD101523,CUST1112,REST015,Royal Kitchen,2025-04-23,Ahmedabad,Indian,3,1359.32,15,82.7,19,UPI,4.0,Delivered,DP150,203.9,1238.12,896.75,341.37
ORD101524,CUST1113,REST019,Food Junction,2025-11-20,Mumbai,Desserts,2,152.19,5,46.58,17,UPI,3.5,Delivered,DP184,7.61,191.16,93.9,97.26
ORD101525,CUST1221,REST063,Pizza Point,2025-08-31,Kolkata,Chinese,3,1675.41,15,49.87,65,Debit Card,4.5,Delivered,DP052,251.31,1473.97,1104.43,369.54
ORD101526,CUST1677,REST035,Pizza Point,2025-11-06,Delhi,Italian,3,1420.04,5,42.0,39,Wallet,3.0,Delivered,DP240,71.0,1391.04,1080.5,310.54
ORD101527,CUST1830,REST081,Dragon Bowl,2025-02-26,Delhi,Fast Food,5,782.24,20,52.27,46,Debit Card,4.0,Cancelled,DP209,156.45,678.06,607.16,70.9
ORD101528,CUST1643,REST035,Dragon Bowl,2025-03-01,Hyderabad,Indian,2,765.14,10,66.88,35,Wallet,4.5,Delivered,DP155,76.51,755.51,580.08,175.43
ORD101529,CUST1896,REST019,The Food Factory,2025-11-25,Delhi,South Indian,5,292.85,20,56.9,62,Wallet,4.0,Delivered,DP064,58.57,291.18,174.34,116.84
ORD101530,CUST1263,REST020,Sweet Treats,2025-08-04,Pune,Fast Food,4,1491.14,10,86.22,31,Credit Card,4.5,Cancelled,DP045,149.11,1428.25,1095.48,332.77
ORD101531,CUST1054,REST100,Dosa Express,2025-08-21,Kolkata,Italian,3,1411.3,0,91.51,23,Credit Card,4.0,Delivered,DP195,0.0,1502.81,1041.63,461.18
ORD101532,CUST1870,REST035,Dragon Bowl,2025-02-24,Pune,Indian,1,1178.82,0,54.92,40,UPI,5.0,Cancelled,DP026,0.0,1233.74,805.44,428.3
ORD101533,CUST1642,REST032,Royal Kitchen,2025-07-27,Pune,Desserts,3,290.45,0,35.38,36,Cash,5.0,Cancelled,DP227,0.0,325.83,207.5,118.33
ORD101534,CUST1799,REST048,Dosa Express,2025-03-04,Mumbai,Biryani,4,560.73,20,95.34,55,UPI,4.5,Cancelled,DP141,112.15,543.92,425.16,118.76
ORD101535,CUST1777,REST044,Biryani House,2025-07-03,Mumbai,Chinese,3,890.98,15,77.48,60,Wallet,5.0,Delivered,DP209,133.65,834.81,693.77,141.04
ORD101536,CUST1457,REST024,Royal Kitchen,2025-11-07,Bengaluru,Italian,5,566.83,0,69.41,73,Cash,4.0,Delivered,DP158,0.0,636.24,316.98,319.26
ORD101537,CUST1877,REST061,Spice Hub,2025-10-08,Kolkata,Indian,2,849.08,10,78.36,37,Debit Card,4.5,Cancelled,DP221,84.91,842.53,517.21,325.32
ORD101538,CUST1161,REST017,Spice Hub,2025-01-26,Pune,Fast Food,1,499.61,0,21.46,25,Wallet,4.0,Delivered,DP078,0.0,521.07,382.18,138.89
ORD101539,CUST1379,REST071,Royal Kitchen,2025-06-26,Pune,Indian,5,707.33,10,20.75,72,Credit Card,4.5,Delivered,DP030,70.73,657.35,442.58,214.77
ORD101540,CUST1086,REST050,Sweet Treats,2025-03-04,Delhi,Biryani,2,1215.86,25,28.02,24,UPI,4.0,Cancelled,DP229,303.96,939.92,698.5,241.42
ORD101541,CUST1054,REST065,Taste of India,2025-03-14,Chennai,Italian,1,1619.17,5,27.53,37,UPI,4.0,Cancelled,DP172,80.96,1565.74,1007.21,558.53
ORD101542,CUST1475,REST099,Urban Tadka,2025-12-01,Kolkata,Indian,4,766.85,15,50.76,19,Debit Card,5.0,Delivered,DP176,115.03,702.58,513.22,189.36
ORD101543,CUST1799,REST032,The Food Factory,2025-06-16,Chennai,South Indian,3,1282.41,15,28.38,69,UPI,4.0,Delivered,DP102,192.36,1118.43,819.2,299.23
ORD101544,CUST1177,REST036,Curry Corner,2025-08-13,Kolkata,Italian,1,346.45,0,87.63,40,UPI,4.5,Cancelled,DP009,0.0,434.08,253.36,180.72
ORD101545,CUST1390,REST013,Spice Hub,2025-03-06,Kolkata,Italian,4,1028.57,5,64.14,18,Cash,4.5,Cancelled,DP176,51.43,1041.28,710.27,331.01
ORD101546,CUST1348,REST070,The Food Factory,2025-03-10,Hyderabad,Fast Food,2,1668.46,0,46.3,57,Wallet,4.0,Delivered,DP096,0.0,1714.76,1084.55,630.21
ORD101547,CUST1007,REST058,Pizza Point,2025-01-09,Bengaluru,Desserts,1,166.93,25,20.92,41,Cash,4.0,Delivered,DP184,41.73,146.12,130.1,16.02
ORD101548,CUST1832,REST014,Royal Kitchen,2025-08-24,Chennai,North Indian,4,569.5,0,65.24,52,Cash,3.5,Delivered,DP068,0.0,634.74,429.27,205.47
ORD101549,CUST1312,REST037,Taste of India,2025-07-17,Hyderabad,Chinese,2,342.59,0,24.91,48,UPI,5.0,Delivered,DP134,0.0,367.5,256.37,111.13
ORD101550,CUST1758,REST079,Royal Kitchen,2025-06-22,Delhi,North Indian,5,1015.64,5,78.17,72,Wallet,5.0,Delivered,DP243,50.78,1043.03,691.11,351.92
ORD101551,CUST1834,REST068,Curry Corner,2025-10-09,Bengaluru,Desserts,3,1261.8,0,83.23,17,UPI,4.5,Cancelled,DP193,0.0,1345.03,920.34,424.69
ORD101552,CUST1442,REST040,Sweet Treats,2025-01-28,Bengaluru,South Indian,4,217.07,25,61.24,64,UPI,5.0,Delivered,DP089,54.27,224.04,136.16,87.88
ORD101553,CUST1766,REST059,The Food Factory,2025-10-23,Pune,Biryani,5,238.08,15,27.72,46,Cash,3.5,Delivered,DP232,35.71,230.09,149.01,81.08
ORD101554,CUST1327,REST080,Biryani House,2025-05-14,Kolkata,Indian,2,1580.98,0,81.88,75,Credit Card,4.0,Delivered,DP230,0.0,1662.86,1193.91,468.95
ORD101555,CUST1053,REST092,Curry Corner,2025-01-27,Ahmedabad,North Indian,1,886.47,5,41.17,40,Credit Card,4.0,Delivered,DP195,44.32,883.32,609.25,274.07
ORD101556,CUST1760,REST016,Sweet Treats,2025-02-07,Kolkata,Chinese,3,897.76,5,33.93,32,Cash,4.5,Delivered,DP021,44.89,886.8,564.71,322.09
ORD101557,CUST1238,REST062,Dosa Express,2025-07-15,Mumbai,Desserts,2,1706.9,10,55.0,21,Cash,3.5,Delivered,DP078,170.69,1591.21,1270.66,320.55
ORD101558,CUST1228,REST004,Sweet Treats,2025-07-22,Kolkata,Fast Food,4,657.95,0,93.42,67,UPI,4.5,Cancelled,DP030,0.0,751.37,428.84,322.53
ORD101559,CUST1578,REST045,Sweet Treats,2025-03-26,Kolkata,Chinese,3,1627.0,5,40.28,59,Wallet,4.5,Delivered,DP057,81.35,1585.93,1044.52,541.41
ORD101560,CUST1050,REST090,Curry Corner,2025-11-16,Kolkata,Italian,5,1756.75,20,91.97,27,UPI,3.5,Delivered,DP055,351.35,1497.37,976.79,520.58
ORD101561,CUST1608,REST028,Royal Kitchen,2025-01-30,Pune,Italian,3,526.05,0,19.56,20,UPI,3.5,Delivered,DP002,0.0,545.61,371.48,174.13
ORD101562,CUST1603,REST096,Taste of India,2025-04-09,Delhi,Biryani,5,983.59,0,22.1,49,Debit Card,3.0,Delivered,DP048,0.0,1005.69,661.47,344.22
ORD101563,CUST1263,REST066,Curry Corner,2025-07-09,Kolkata,South Indian,2,1017.72,15,74.38,45,UPI,4.5,Delivered,DP022,152.66,939.44,632.74,306.7
ORD101564,CUST1417,REST031,Food Junction,2025-01-12,Ahmedabad,Indian,1,1575.16,15,31.2,56,Wallet,4.0,Delivered,DP141,236.27,1370.09,916.81,453.28
ORD101565,CUST1802,REST003,Urban Tadka,2025-04-01,Pune,Indian,3,630.57,20,41.91,67,UPI,4.0,Delivered,DP089,126.11,546.37,373.27,173.1
ORD101566,CUST1095,REST008,Dragon Bowl,2025-01-30,Ahmedabad,Fast Food,1,1460.71,0,26.59,51,Cash,4.5,Cancelled,DP112,0.0,1487.3,878.94,608.36
ORD101567,CUST1087,REST024,Taste of India,2025-08-01,Bengaluru,Biryani,1,1751.29,25,43.24,57,Wallet,3.5,Delivered,DP043,437.82,1356.71,1311.71,45.0
ORD101568,CUST1077,REST015,Biryani House,2025-02-07,Pune,Indian,3,1531.77,15,38.84,18,Cash,4.0,Delivered,DP075,229.77,1340.84,1011.8,329.04
ORD101569,CUST1287,REST043,Taste of India,2025-12-07,Kolkata,South Indian,3,1647.36,15,77.59,56,Debit Card,4.5,Delivered,DP240,247.1,1477.85,1169.57,308.28
ORD101570,CUST1119,REST031,Pizza Point,2025-03-01,Hyderabad,Desserts,1,1310.04,25,74.67,18,Debit Card,4.5,Cancelled,DP074,327.51,1057.2,859.52,197.68
ORD101571,CUST1813,REST073,Royal Kitchen,2025-10-21,Pune,Italian,4,1638.65,0,96.17,74,Wallet,4.5,Delivered,DP049,0.0,1734.82,1079.8,655.02
ORD101572,CUST1490,REST045,Biryani House,2025-12-26,Chennai,Desserts,4,396.95,15,76.58,59,Credit Card,3.5,Cancelled,DP236,59.54,413.99,293.38,120.61
ORD101573,CUST1451,REST066,Dosa Express,2025-05-23,Delhi,Desserts,3,1316.77,15,74.06,22,Credit Card,3.5,Delivered,DP165,197.52,1193.31,957.77,235.54
ORD101574,CUST1499,REST008,Curry Corner,2025-06-29,Delhi,Biryani,1,1349.55,5,74.01,52,Wallet,4.5,Cancelled,DP217,67.48,1356.08,814.31,541.77
ORD101575,CUST1164,REST071,Sweet Treats,2025-10-12,Bengaluru,Chinese,1,857.82,15,90.05,25,Wallet,3.0,Cancelled,DP108,128.67,819.2,595.25,223.95
ORD101576,CUST1181,REST057,Royal Kitchen,2025-04-22,Pune,North Indian,2,253.96,0,40.18,16,Cash,5.0,Delivered,DP035,0.0,294.14,179.41,114.73
ORD101577,CUST1468,REST080,Curry Corner,2025-08-18,Ahmedabad,North Indian,1,1165.71,15,40.51,32,Debit Card,4.0,Delivered,DP019,174.86,1031.36,749.67,281.69
ORD101578,CUST1734,REST099,Pizza Point,2025-01-21,Ahmedabad,Biryani,4,207.16,0,78.0,32,Wallet,4.0,Delivered,DP028,0.0,285.16,117.19,167.97
ORD101579,CUST1822,REST030,Royal Kitchen,2025-05-25,Bengaluru,Desserts,2,762.44,15,34.44,36,UPI,4.0,Cancelled,DP106,114.37,682.51,484.47,198.04
ORD101580,CUST1006,REST074,The Food Factory,2025-05-26,Bengaluru,Biryani,4,781.37,0,92.52,26,Cash,5.0,Delivered,DP112,0.0,873.89,494.15,379.74
ORD101581,CUST1329,REST018,Pizza Point,2025-11-12,Hyderabad,South Indian,5,1798.19,15,60.46,31,Debit Card,4.5,Delivered,DP185,269.73,1588.92,1274.64,314.28
ORD101582,CUST1774,REST069,Food Junction,2025-06-15,Mumbai,South Indian,3,623.67,20,40.51,65,Cash,4.0,Delivered,DP115,124.73,539.45,459.14,80.31
ORD101583,CUST1672,REST093,Sweet Treats,2025-05-20,Bengaluru,Indian,5,1498.36,0,80.97,31,Debit Card,4.5,Delivered,DP189,0.0,1579.33,960.57,618.76
ORD101584,CUST1150,REST039,Sweet Treats,2025-07-22,Mumbai,North Indian,3,209.33,15,41.55,50,UPI,4.0,Delivered,DP171,31.4,219.48,146.22,73.26
ORD101585,CUST1084,REST060,Spice Hub,2025-09-01,Ahmedabad,Fast Food,4,1010.01,25,96.88,43,Debit Card,4.0,Delivered,DP121,252.5,854.39,704.84,149.55
ORD101586,CUST1146,REST098,The Food Factory,2025-04-23,Mumbai,Fast Food,4,1021.64,0,98.55,63,Cash,4.0,Cancelled,DP240,0.0,1120.19,714.2,405.99
ORD101587,CUST1623,REST043,Spice Hub,2025-07-20,Delhi,Desserts,5,1176.3,5,71.68,30,Debit Card,4.0,Delivered,DP188,58.82,1189.16,796.93,392.23
ORD101588,CUST1380,REST045,Dosa Express,2025-11-10,Ahmedabad,South Indian,3,1480.81,5,24.66,55,Cash,4.0,Delivered,DP138,74.04,1431.43,1028.75,402.68
ORD101589,CUST1547,REST023,Urban Tadka,2025-09-16,Chennai,Indian,3,1400.03,5,37.37,25,Wallet,3.0,Delivered,DP079,70.0,1367.4,1049.42,317.98
ORD101590,CUST1284,REST069,Dragon Bowl,2025-09-12,Ahmedabad,Indian,2,1398.49,25,58.81,58,UPI,3.0,Delivered,DP096,349.62,1107.68,1065.68,42.0
ORD101591,CUST1699,REST094,Urban Tadka,2025-01-23,Chennai,Indian,1,846.25,5,87.37,57,Cash,3.5,Delivered,DP195,42.31,891.31,483.31,408.0
ORD101592,CUST1081,REST006,Curry Corner,2025-09-03,Pune,Desserts,2,1342.15,25,30.72,59,Credit Card,4.0,Cancelled,DP024,335.54,1037.33,741.81,295.52
ORD101593,CUST1513,REST056,Urban Tadka,2025-12-05,Hyderabad,Desserts,4,945.41,0,23.87,36,Credit Card,5.0,Cancelled,DP202,0.0,969.28,632.81,336.47
ORD101594,CUST1896,REST004,Sweet Treats,2025-11-07,Hyderabad,South Indian,5,232.48,20,21.33,44,Debit Card,4.5,Delivered,DP128,46.5,207.31,149.94,57.37
ORD101595,CUST1814,REST093,Pizza Point,2025-11-14,Chennai,Fast Food,3,1615.51,20,58.09,22,Wallet,5.0,Delivered,DP172,323.1,1350.5,1056.17,294.33
ORD101596,CUST1708,REST023,The Food Factory,2025-03-28,Pune,Indian,2,1615.47,0,90.2,60,Wallet,4.0,Delivered,DP158,0.0,1705.67,1058.87,646.8
ORD101597,CUST1522,REST006,Curry Corner,2025-08-07,Ahmedabad,South Indian,5,662.44,15,18.6,32,Credit Card,4.0,Delivered,DP233,99.37,581.67,500.73,80.94
ORD101598,CUST1745,REST032,Curry Corner,2025-12-22,Kolkata,Chinese,5,1655.36,0,33.05,60,Debit Card,4.5,Delivered,DP115,0.0,1688.41,1152.83,535.58
ORD101599,CUST1385,REST018,The Food Factory,2025-01-27,Chennai,Chinese,1,1393.41,5,73.93,30,Wallet,4.5,Delivered,DP225,69.67,1397.67,908.14,489.53
ORD101600,CUST1706,REST015,Sweet Treats,2025-10-17,Ahmedabad,Italian,3,793.35,25,85.2,61,Wallet,4.5,Cancelled,DP045,198.34,680.21,519.33,160.88
ORD101601,CUST1470,REST040,Dragon Bowl,2025-10-16,Pune,Chinese,5,676.93,20,83.63,68,Debit Card,4.5,Delivered,DP217,135.39,625.17,503.8,121.37
ORD101602,CUST1118,REST096,Dosa Express,2025-12-14,Pune,Biryani,3,1758.24,10,81.73,34,Cash,4.5,Delivered,DP231,175.82,1664.15,1054.81,609.34
ORD101603,CUST1395,REST073,Dosa Express,2025-08-11,Pune,Italian,2,1317.21,15,26.03,53,Credit Card,4.5,Delivered,DP118,197.58,1145.66,728.93,416.73
ORD101604,CUST1531,REST074,Curry Corner,2025-12-18,Pune,Chinese,5,756.4,0,48.77,22,Wallet,4.5,Delivered,DP060,0.0,805.17,499.21,305.96
ORD101605,CUST1260,REST084,Dosa Express,2025-06-27,Delhi,Biryani,5,1198.53,20,98.7,44,Cash,5.0,Delivered,DP116,239.71,1057.52,923.96,133.56
ORD101606,CUST1804,REST006,Sweet Treats,2025-05-28,Ahmedabad,Chinese,2,1080.16,5,99.06,52,Cash,5.0,Delivered,DP053,54.01,1125.21,796.41,328.8
ORD101607,CUST1255,REST063,Food Junction,2025-08-15,Delhi,South Indian,3,1001.23,25,66.21,43,Cash,4.0,Delivered,DP103,250.31,817.13,644.72,172.41
ORD101608,CUST1733,REST067,Food Junction,2025-12-17,Chennai,North Indian,3,1203.1,20,75.29,27,Cash,3.0,Delivered,DP025,240.62,1037.77,710.16,327.61
ORD101609,CUST1225,REST011,Spice Hub,2025-07-05,Pune,Biryani,5,1023.21,25,95.86,31,UPI,3.0,Delivered,DP102,255.8,863.27,696.94,166.33
ORD101610,CUST1052,REST043,Taste of India,2025-10-21,Bengaluru,Indian,2,1220.05,5,53.24,54,UPI,3.5,Delivered,DP204,61.0,1212.29,917.88,294.41
ORD101611,CUST1866,REST017,Biryani House,2025-02-10,Pune,South Indian,4,1644.72,5,26.63,57,Debit Card,3.0,Delivered,DP132,82.24,1589.11,1175.93,413.18
ORD101612,CUST1499,REST096,Urban Tadka,2025-07-10,Bengaluru,North Indian,3,1788.69,20,71.86,31,Credit Card,4.0,Cancelled,DP092,357.74,1502.81,1206.02,296.79
ORD101613,CUST1505,REST004,Dosa Express,2025-03-20,Delhi,Biryani,4,1311.6,20,96.61,23,Debit Card,3.0,Cancelled,DP212,262.32,1145.89,943.07,202.82
ORD101614,CUST1853,REST063,Food Junction,2025-07-24,Pune,South Indian,5,1678.74,20,74.26,16,UPI,4.5,Delivered,DP202,335.75,1417.25,1295.77,121.48
ORD101615,CUST1363,REST068,Pizza Point,2025-10-05,Mumbai,Indian,4,1562.13,0,83.28,73,Debit Card,3.5,Delivered,DP031,0.0,1645.41,1057.75,587.66
ORD101616,CUST1279,REST081,The Food Factory,2025-09-29,Chennai,Biryani,4,615.66,20,50.93,56,Debit Card,4.5,Cancelled,DP147,123.13,543.46,417.25,126.21
ORD101617,CUST1592,REST041,Taste of India,2025-02-01,Pune,Biryani,3,1687.29,25,23.2,68,Cash,3.5,Delivered,DP002,421.82,1288.67,1113.74,174.93
ORD101618,CUST1713,REST083,Spice Hub,2025-05-22,Hyderabad,North Indian,5,238.96,0,29.35,38,Wallet,5.0,Cancelled,DP004,0.0,268.31,162.57,105.74
ORD101619,CUST1157,REST005,Biryani House,2025-09-08,Bengaluru,South Indian,4,674.27,15,98.53,35,UPI,4.5,Delivered,DP079,101.14,671.66,469.35,202.31
ORD101620,CUST1631,REST032,Food Junction,2025-10-21,Kolkata,Chinese,3,1195.11,5,56.92,60,UPI,4.0,Cancelled,DP038,59.76,1192.27,713.46,478.81
ORD101621,CUST1058,REST086,Spice Hub,2025-04-08,Kolkata,Biryani,4,1005.22,20,16.02,16,Debit Card,5.0,Delivered,DP033,201.04,820.2,684.2,136.0
ORD101622,CUST1726,REST070,Royal Kitchen,2025-05-16,Pune,Chinese,3,1031.25,0,96.21,19,Wallet,3.5,Delivered,DP018,0.0,1127.46,570.38,557.08
ORD101623,CUST1127,REST035,Taste of India,2025-10-04,Ahmedabad,Biryani,5,1455.41,10,57.31,31,Debit Card,5.0,Cancelled,DP104,145.54,1367.18,1114.44,252.74
ORD101624,CUST1735,REST022,The Food Factory,2025-11-08,Mumbai,Fast Food,2,447.1,25,86.08,38,Credit Card,4.5,Delivered,DP160,111.78,421.4,249.8,171.6
ORD101625,CUST1720,REST065,Urban Tadka,2025-10-29,Bengaluru,Italian,3,1769.89,20,61.62,22,UPI,4.0,Cancelled,DP224,353.98,1477.53,1363.48,114.05
ORD101626,CUST1881,REST084,Food Junction,2025-02-12,Mumbai,Chinese,3,854.93,0,23.64,44,Cash,3.5,Cancelled,DP205,0.0,878.57,660.75,217.82
ORD101627,CUST1114,REST022,Dragon Bowl,2025-04-30,Kolkata,Chinese,4,1715.74,5,67.32,64,Cash,3.5,Delivered,DP115,85.79,1697.27,1151.54,545.73
ORD101628,CUST1208,REST011,The Food Factory,2025-08-08,Chennai,North Indian,5,763.63,0,99.78,36,Cash,5.0,Delivered,DP208,0.0,863.41,478.38,385.03
ORD101629,CUST1525,REST077,Biryani House,2025-02-15,Kolkata,Indian,1,1131.0,25,17.95,73,UPI,4.5,Delivered,DP161,282.75,866.2,670.16,196.04
ORD101630,CUST1520,REST003,Dosa Express,2025-08-24,Chennai,Fast Food,1,876.52,20,86.55,38,UPI,4.0,Delivered,DP034,175.3,787.77,514.78,272.99
ORD101631,CUST1551,REST009,Taste of India,2025-02-17,Chennai,Indian,2,1255.57,0,35.02,40,Cash,4.5,Delivered,DP051,0.0,1290.59,759.27,531.32
ORD101632,CUST1236,REST060,Biryani House,2025-07-17,Delhi,Fast Food,5,428.49,5,48.48,75,UPI,3.5,Delivered,DP063,21.42,455.55,282.6,172.95
ORD101633,CUST1280,REST076,Urban Tadka,2025-03-25,Kolkata,Fast Food,3,793.06,0,46.68,22,Cash,3.5,Cancelled,DP206,0.0,839.74,571.69,268.05
ORD101634,CUST1358,REST087,The Food Factory,2025-01-31,Ahmedabad,Desserts,1,234.88,0,91.4,26,Credit Card,5.0,Cancelled,DP047,0.0,326.28,150.72,175.56
ORD101635,CUST1200,REST014,Sweet Treats,2025-06-10,Kolkata,South Indian,2,1124.81,25,57.88,28,Credit Card,4.0,Delivered,DP194,281.2,901.49,820.7,80.79
ORD101636,CUST1757,REST097,Urban Tadka,2025-03-12,Mumbai,South Indian,5,1737.31,20,53.01,44,Credit Card,4.0,Delivered,DP141,347.46,1442.86,1181.12,261.74
ORD101637,CUST1277,REST018,Royal Kitchen,2025-01-08,Pune,South Indian,2,197.12,20,84.53,69,Debit Card,5.0,Delivered,DP052,39.42,242.23,109.29,132.94
ORD101638,CUST1234,REST073,Curry Corner,2025-02-21,Hyderabad,Biryani,1,1228.18,25,19.16,49,Debit Card,4.0,Delivered,DP093,307.04,940.3,712.73,227.57
ORD101639,CUST1493,REST023,Food Junction,2025-02-14,Hyderabad,North Indian,4,1422.16,15,22.35,75,Wallet,4.0,Delivered,DP052,213.32,1231.19,969.37,261.82
ORD101640,CUST1003,REST074,Dosa Express,2025-10-20,Ahmedabad,Indian,4,478.02,0,16.84,45,Wallet,4.0,Delivered,DP171,0.0,494.86,280.63,214.23
ORD101641,CUST1665,REST083,Dragon Bowl,2025-10-27,Chennai,Italian,5,578.76,15,73.48,42,Wallet,4.5,Delivered,DP106,86.81,565.43,399.29,166.14
ORD101642,CUST1441,REST047,Taste of India,2025-02-07,Ahmedabad,Fast Food,2,458.66,0,59.68,60,Credit Card,4.5,Delivered,DP098,0.0,518.34,299.24,219.1
ORD101643,CUST1028,REST069,Pizza Point,2025-12-21,Hyderabad,Fast Food,3,619.65,0,89.46,41,Credit Card,3.0,Delivered,DP189,0.0,709.11,439.16,269.95
ORD101644,CUST1108,REST047,Dragon Bowl,2025-08-19,Ahmedabad,North Indian,1,304.94,15,57.38,50,Credit Card,4.5,Delivered,DP209,45.74,316.58,188.16,128.42
ORD101645,CUST1609,REST087,The Food Factory,2025-09-19,Bengaluru,Chinese,4,742.18,25,33.85,15,UPI,4.5,Delivered,DP131,185.54,590.49,548.45,42.04
ORD101646,CUST1726,REST030,Royal Kitchen,2025-03-09,Mumbai,Biryani,4,739.8,5,83.44,55,UPI,4.5,Delivered,DP222,36.99,786.25,473.06,313.19
ORD101647,CUST1804,REST025,Sweet Treats,2025-06-28,Mumbai,Italian,2,1476.21,25,40.02,28,Credit Card,5.0,Delivered,DP196,369.05,1147.18,1082.4,64.78
ORD101648,CUST1074,REST028,Pizza Point,2025-12-23,Ahmedabad,South Indian,4,1465.61,0,94.53,72,Cash,4.0,Cancelled,DP223,0.0,1560.14,812.62,747.52
ORD101649,CUST1837,REST098,Dragon Bowl,2025-07-05,Mumbai,Fast Food,2,1458.5,10,36.29,24,Wallet,3.5,Delivered,DP059,145.85,1348.94,934.04,414.9
ORD101650,CUST1145,REST025,Royal Kitchen,2025-07-20,Bengaluru,Chinese,1,1072.62,15,29.26,64,Debit Card,4.5,Delivered,DP127,160.89,940.99,644.26,296.73
ORD101651,CUST1127,REST074,Food Junction,2025-01-13,Pune,Indian,2,667.48,15,56.93,56,Wallet,3.5,Delivered,DP182,100.12,624.29,435.23,189.06
ORD101652,CUST1852,REST078,Food Junction,2025-08-02,Delhi,Fast Food,4,810.42,5,19.29,21,Cash,3.5,Delivered,DP069,40.52,789.19,622.21,166.98
ORD101653,CUST1041,REST058,Taste of India,2025-08-08,Bengaluru,Chinese,2,653.81,0,18.09,54,UPI,3.5,Delivered,DP126,0.0,671.9,383.5,288.4
ORD101654,CUST1355,REST094,Dragon Bowl,2025-10-13,Mumbai,Indian,4,1097.64,20,57.16,28,Credit Card,4.5,Delivered,DP130,219.53,935.27,625.92,309.35
ORD101655,CUST1040,REST041,Sweet Treats,2025-09-01,Mumbai,Biryani,5,1695.8,25,33.28,50,UPI,3.0,Delivered,DP196,423.95,1305.13,955.51,349.62
ORD101656,CUST1033,REST025,Food Junction,2025-12-22,Kolkata,South Indian,4,597.95,15,15.79,41,UPI,4.0,Delivered,DP044,89.69,524.05,345.84,178.21
ORD101657,CUST1016,REST078,Pizza Point,2025-09-15,Mumbai,North Indian,4,890.87,10,40.16,25,Cash,3.5,Delivered,DP128,89.09,841.94,502.67,339.27
ORD101658,CUST1676,REST099,Sweet Treats,2025-02-27,Pune,Indian,4,1220.6,0,55.58,56,UPI,4.5,Cancelled,DP038,0.0,1276.18,863.56,412.62
ORD101659,CUST1152,REST048,Royal Kitchen,2025-02-05,Hyderabad,Fast Food,5,1539.09,15,48.51,63,UPI,4.5,Cancelled,DP188,230.86,1356.74,888.06,468.68
ORD101660,CUST1377,REST098,Pizza Point,2025-11-24,Delhi,Desserts,3,545.6,20,26.51,51,Wallet,4.0,Delivered,DP244,109.12,462.99,324.86,138.13
ORD101661,CUST1587,REST010,Urban Tadka,2025-07-12,Bengaluru,Desserts,4,590.89,15,64.27,56,Wallet,4.5,Cancelled,DP155,88.63,566.53,412.72,153.81
ORD101662,CUST1598,REST099,Royal Kitchen,2025-11-29,Ahmedabad,Italian,3,1607.08,20,75.38,24,Cash,4.5,Delivered,DP091,321.42,1361.04,1048.81,312.23
ORD101663,CUST1628,REST075,Biryani House,2025-02-19,Mumbai,Indian,1,254.83,0,72.42,68,Credit Card,4.5,Delivered,DP126,0.0,327.25,143.36,183.89
ORD101664,CUST1873,REST011,Sweet Treats,2025-02-01,Kolkata,Italian,2,1137.15,0,48.47,21,Wallet,4.0,Delivered,DP015,0.0,1185.62,879.31,306.31
ORD101665,CUST1341,REST085,Spice Hub,2025-04-08,Kolkata,Italian,3,1565.57,15,26.7,31,UPI,4.5,Cancelled,DP167,234.84,1357.43,1077.09,280.34
ORD101666,CUST1026,REST021,Biryani House,2025-02-12,Chennai,Indian,1,1668.53,5,57.46,75,Debit Card,5.0,Delivered,DP166,83.43,1642.56,1153.24,489.32
ORD101667,CUST1824,REST086,Royal Kitchen,2025-12-17,Delhi,North Indian,2,141.31,0,90.69,66,Wallet,3.0,Delivered,DP182,0.0,232.0,105.43,126.57
ORD101668,CUST1286,REST045,Dragon Bowl,2025-11-30,Kolkata,North Indian,4,741.04,15,54.84,26,Debit Card,4.0,Delivered,DP063,111.16,684.72,562.52,122.2
ORD101669,CUST1645,REST007,Biryani House,2025-11-06,Chennai,Desserts,4,552.2,20,31.63,51,Credit Card,4.0,Delivered,DP186,110.44,473.39,310.96,162.43
ORD101670,CUST1730,REST081,Sweet Treats,2025-02-16,Delhi,Biryani,4,1074.29,0,22.91,51,UPI,4.5,Delivered,DP062,0.0,1097.2,607.75,489.45
ORD101671,CUST1167,REST064,Dosa Express,2025-09-27,Mumbai,North Indian,5,1183.21,25,95.23,69,Wallet,4.5,Cancelled,DP078,295.8,982.64,862.09,120.55
ORD101672,CUST1609,REST064,Food Junction,2025-11-07,Delhi,Indian,5,1799.62,20,78.16,50,Credit Card,4.0,Cancelled,DP018,359.92,1517.86,1277.81,240.05
ORD101673,CUST1267,REST002,Urban Tadka,2025-03-04,Delhi,Desserts,5,981.44,10,41.6,72,Cash,4.0,Delivered,DP157,98.14,924.9,588.73,336.17
ORD101674,CUST1748,REST076,Dosa Express,2025-01-19,Ahmedabad,North Indian,5,1046.46,0,40.1,21,Credit Card,5.0,Delivered,DP071,0.0,1086.56,652.87,433.69
ORD101675,CUST1820,REST042,Dosa Express,2025-12-13,Mumbai,Chinese,1,816.05,25,91.09,38,Cash,4.5,Cancelled,DP185,204.01,703.13,563.51,139.62
ORD101676,CUST1454,REST082,Spice Hub,2025-04-11,Pune,South Indian,1,368.1,25,30.09,48,Cash,5.0,Delivered,DP230,92.02,306.17,269.25,36.92
ORD101677,CUST1684,REST054,The Food Factory,2025-02-06,Kolkata,Italian,4,629.59,25,60.48,15,Wallet,5.0,Delivered,DP024,157.4,532.67,433.61,99.06
ORD101678,CUST1400,REST075,Sweet Treats,2025-04-17,Chennai,South Indian,2,534.93,15,75.65,43,Debit Card,4.0,Delivered,DP038,80.24,530.34,391.65,138.69
ORD101679,CUST1475,REST016,Pizza Point,2025-04-02,Ahmedabad,Desserts,5,1466.05,0,48.69,40,Cash,3.5,Delivered,DP134,0.0,1514.74,883.42,631.32
ORD101680,CUST1701,REST018,Food Junction,2025-11-04,Ahmedabad,Fast Food,2,1036.97,20,18.39,24,UPI,4.5,Delivered,DP148,207.39,847.97,649.31,198.66
ORD101681,CUST1633,REST099,Dragon Bowl,2025-07-04,Pune,Italian,1,617.61,20,34.36,15,Wallet,4.0,Delivered,DP246,123.52,528.45,354.12,174.33
ORD101682,CUST1557,REST059,Dosa Express,2025-08-04,Chennai,Desserts,5,941.68,0,91.65,59,Cash,4.0,Cancelled,DP170,0.0,1033.33,731.22,302.11
ORD101683,CUST1575,REST090,Urban Tadka,2025-01-28,Hyderabad,Fast Food,1,487.69,5,59.47,31,Wallet,4.0,Delivered,DP228,24.38,522.78,358.97,163.81
ORD101684,CUST1129,REST016,The Food Factory,2025-02-05,Kolkata,Chinese,1,431.01,15,84.31,55,UPI,5.0,Delivered,DP202,64.65,450.67,308.01,142.66
ORD101685,CUST1821,REST006,Spice Hub,2025-11-16,Chennai,Chinese,3,1564.7,0,62.23,50,Wallet,3.0,Delivered,DP022,0.0,1626.93,930.69,696.24
ORD101686,CUST1362,REST057,Curry Corner,2025-01-18,Chennai,South Indian,1,1707.28,10,95.21,23,Wallet,3.5,Cancelled,DP161,170.73,1631.76,1213.36,418.4
ORD101687,CUST1704,REST047,Food Junction,2025-12-11,Delhi,Chinese,4,254.42,15,92.28,53,Cash,4.5,Delivered,DP215,38.16,308.54,190.4,118.14
ORD101688,CUST1818,REST048,Curry Corner,2025-07-15,Hyderabad,Desserts,1,1405.0,10,56.05,37,Credit Card,5.0,Delivered,DP046,140.5,1320.55,1034.61,285.94
ORD101689,CUST1692,REST042,Biryani House,2025-03-19,Mumbai,Desserts,5,881.56,5,42.05,43,Wallet,5.0,Delivered,DP242,44.08,879.53,637.88,241.65
ORD101690,CUST1291,REST076,Dosa Express,2025-06-16,Mumbai,Indian,4,773.47,15,66.14,16,Cash,4.5,Delivered,DP182,116.02,723.59,494.28,229.31
ORD101691,CUST1370,REST060,Taste of India,2025-03-31,Bengaluru,Italian,1,1278.21,15,72.37,32,UPI,3.0,Delivered,DP105,191.73,1158.85,928.49,230.36
ORD101692,CUST1793,REST077,Food Junction,2025-09-21,Hyderabad,Fast Food,4,567.31,25,57.36,42,UPI,4.0,Delivered,DP170,141.83,482.84,375.25,107.59
ORD101693,CUST1028,REST004,Pizza Point,2025-07-27,Delhi,North Indian,1,154.58,0,84.89,67,Credit Card,5.0,Delivered,DP179,0.0,239.47,99.4,140.07
ORD101694,CUST1148,REST002,The Food Factory,2025-07-31,Bengaluru,South Indian,4,479.52,0,30.58,61,UPI,4.5,Cancelled,DP196,0.0,510.1,370.14,139.96
ORD101695,CUST1778,REST090,Urban Tadka,2025-09-28,Bengaluru,South Indian,2,430.67,15,43.43,56,Cash,4.5,Delivered,DP085,64.6,409.5,251.4,158.1
ORD101696,CUST1295,REST059,Food Junction,2025-09-20,Mumbai,Chinese,3,177.2,5,73.34,63,Credit Card,4.0,Delivered,DP056,8.86,241.68,132.7,108.98
ORD101697,CUST1010,REST027,Pizza Point,2025-09-30,Chennai,Chinese,4,659.81,15,35.97,21,Cash,3.0,Delivered,DP077,98.97,596.81,411.78,185.03
ORD101698,CUST1511,REST027,Sweet Treats,2025-12-08,Delhi,Desserts,5,917.19,15,52.39,25,Credit Card,4.5,Delivered,DP042,137.58,832.0,613.39,218.61
ORD101699,CUST1675,REST079,Curry Corner,2025-08-02,Ahmedabad,Fast Food,3,1356.19,15,96.92,21,Credit Card,5.0,Delivered,DP013,203.43,1249.68,859.11,390.57
ORD101700,CUST1112,REST072,Sweet Treats,2025-03-05,Ahmedabad,Italian,3,667.11,25,68.2,57,Cash,5.0,Delivered,DP054,166.78,568.53,444.12,124.41
ORD101701,CUST1186,REST007,The Food Factory,2025-01-12,Hyderabad,Italian,1,446.83,15,95.67,38,Credit Card,5.0,Delivered,DP140,67.02,475.48,329.86,145.62
ORD101702,CUST1806,REST063,Spice Hub,2025-07-29,Bengaluru,Desserts,4,507.44,5,76.41,69,Cash,4.5,Cancelled,DP216,25.37,558.48,300.45,258.03
ORD101703,CUST1743,REST046,Dosa Express,2025-11-08,Delhi,South Indian,3,1617.18,0,76.6,70,UPI,4.5,Delivered,DP035,0.0,1693.78,1170.2,523.58
ORD101704,CUST1226,REST063,Food Junction,2025-06-23,Mumbai,Fast Food,5,463.93,0,65.31,29,UPI,5.0,Delivered,DP083,0.0,529.24,302.74,226.5
ORD101705,CUST1309,REST012,Taste of India,2025-09-13,Bengaluru,South Indian,5,1597.12,5,27.09,45,Wallet,3.0,Delivered,DP009,79.86,1544.35,1221.86,322.49
ORD101706,CUST1097,REST013,Curry Corner,2025-04-11,Bengaluru,Desserts,5,871.13,5,59.18,65,Debit Card,5.0,Delivered,DP013,43.56,886.75,588.72,298.03
ORD101707,CUST1054,REST043,Curry Corner,2025-01-16,Pune,North Indian,1,1689.79,10,36.48,33,Debit Card,4.5,Cancelled,DP022,168.98,1557.29,945.47,611.82
ORD101708,CUST1622,REST017,Food Junction,2025-07-16,Mumbai,Biryani,2,805.59,0,99.89,70,UPI,5.0,Delivered,DP040,0.0,905.48,611.72,293.76
ORD101709,CUST1663,REST063,Biryani House,2025-09-15,Ahmedabad,Italian,4,418.51,25,37.69,71,Wallet,4.5,Delivered,DP164,104.63,351.57,319.17,32.4
ORD101710,CUST1757,REST081,Sweet Treats,2025-09-01,Pune,Fast Food,3,1042.37,0,34.61,24,Debit Card,3.5,Delivered,DP117,0.0,1076.98,616.44,460.54
ORD101711,CUST1405,REST036,Curry Corner,2025-12-14,Mumbai,North Indian,4,1107.35,20,68.03,62,Cash,3.5,Delivered,DP220,221.47,953.91,856.77,97.14
ORD101712,CUST1068,REST085,Pizza Point,2025-09-06,Mumbai,Fast Food,3,1187.62,0,58.43,66,Cash,4.0,Delivered,DP127,0.0,1246.05,774.96,471.09
ORD101713,CUST1311,REST008,Urban Tadka,2025-04-15,Pune,South Indian,1,811.31,20,16.81,22,Credit Card,4.0,Delivered,DP169,162.26,665.86,616.85,49.01
ORD101714,CUST1288,REST069,Dosa Express,2025-07-01,Ahmedabad,Chinese,4,201.65,10,26.01,15,Debit Card,4.0,Delivered,DP007,20.16,207.5,127.79,79.71
ORD101715,CUST1761,REST090,Curry Corner,2025-06-04,Kolkata,Desserts,1,1172.89,10,83.94,16,Cash,4.5,Delivered,DP222,117.29,1139.54,651.21,488.33
ORD101716,CUST1547,REST080,Pizza Point,2025-10-14,Delhi,Fast Food,1,1687.49,25,56.11,43,Debit Card,4.0,Delivered,DP223,421.87,1321.73,1236.68,85.05
ORD101717,CUST1750,REST036,The Food Factory,2025-06-18,Delhi,South Indian,4,1728.7,5,27.41,56,Credit Card,3.0,Delivered,DP245,86.44,1669.67,1302.98,366.69
ORD101718,CUST1147,REST028,The Food Factory,2025-02-16,Kolkata,Indian,4,1122.77,0,54.55,24,UPI,5.0,Delivered,DP055,0.0,1177.32,659.57,517.75
ORD101719,CUST1466,REST093,Dosa Express,2025-02-12,Delhi,Chinese,3,153.41,20,36.52,56,Wallet,4.0,Delivered,DP203,30.68,159.25,103.92,55.33
ORD101720,CUST1738,REST047,Biryani House,2025-11-17,Chennai,Chinese,5,298.14,0,34.01,23,Credit Card,5.0,Delivered,DP121,0.0,332.15,221.0,111.15
ORD101721,CUST1243,REST076,Dragon Bowl,2025-11-02,Bengaluru,Italian,1,1521.1,20,96.41,64,Credit Card,3.0,Cancelled,DP222,304.22,1313.29,998.08,315.21
ORD101722,CUST1490,REST030,Dragon Bowl,2025-08-09,Delhi,Biryani,2,1513.97,0,45.77,45,Credit Card,5.0,Delivered,DP079,0.0,1559.74,1107.2,452.54
ORD101723,CUST1848,REST023,Taste of India,2025-01-01,Chennai,Italian,3,1709.31,5,18.95,46,Wallet,3.5,Delivered,DP141,85.47,1642.79,1190.98,451.81
ORD101724,CUST1506,REST016,Dosa Express,2025-07-19,Bengaluru,Indian,3,1067.14,20,97.48,16,Cash,4.5,Delivered,DP099,213.43,951.19,763.82,187.37
ORD101725,CUST1364,REST014,Spice Hub,2025-05-24,Delhi,South Indian,5,1571.21,0,82.56,38,Debit Card,4.5,Delivered,DP227,0.0,1653.77,1196.21,457.56
ORD101726,CUST1481,REST074,Biryani House,2025-01-28,Mumbai,Desserts,5,1505.81,15,36.63,51,UPI,5.0,Delivered,DP148,225.87,1316.57,972.56,344.01
ORD101727,CUST1200,REST071,Curry Corner,2025-12-08,Kolkata,Chinese,1,1110.23,10,49.76,67,UPI,4.0,Delivered,DP235,111.02,1048.97,807.5,241.47
ORD101728,CUST1153,REST052,Dragon Bowl,2025-12-04,Hyderabad,Chinese,3,1436.51,25,88.29,57,Wallet,3.5,Delivered,DP186,359.13,1165.67,1025.55,140.12
ORD101729,CUST1449,REST037,Dosa Express,2025-10-05,Delhi,North Indian,3,331.19,10,45.38,20,UPI,5.0,Delivered,DP023,33.12,343.45,215.59,127.86
ORD101730,CUST1500,REST029,Dragon Bowl,2025-02-10,Hyderabad,Fast Food,2,1193.86,20,63.23,22,Wallet,4.0,Delivered,DP181,238.77,1018.32,761.29,257.03
ORD101731,CUST1072,REST067,Royal Kitchen,2025-11-28,Delhi,Desserts,1,1721.8,10,60.46,54,Wallet,4.0,Cancelled,DP037,172.18,1610.08,1296.02,314.06
ORD101732,CUST1712,REST015,Sweet Treats,2025-05-27,Mumbai,Biryani,1,392.09,25,49.11,39,Debit Card,4.5,Delivered,DP020,98.02,343.18,234.11,109.07
ORD101733,CUST1295,REST100,The Food Factory,2025-12-11,Kolkata,Biryani,5,1369.99,10,69.36,56,Debit Card,3.5,Cancelled,DP120,137.0,1302.35,853.86,448.49
ORD101734,CUST1016,REST047,Royal Kitchen,2025-06-27,Ahmedabad,Fast Food,1,658.92,15,55.23,57,Wallet,4.0,Delivered,DP147,98.84,615.31,510.09,105.22
ORD101735,CUST1640,REST046,Pizza Point,2025-11-11,Kolkata,Desserts,2,1492.73,0,16.8,65,Debit Card,4.0,Delivered,DP236,0.0,1509.53,916.23,593.3
ORD101736,CUST1216,REST052,Dosa Express,2025-11-21,Hyderabad,Indian,1,1291.31,0,84.22,39,Cash,4.0,Delivered,DP146,0.0,1375.53,969.35,406.18
ORD101737,CUST1060,REST019,Sweet Treats,2025-06-16,Chennai,Biryani,4,1675.97,20,24.62,60,Credit Card,4.0,Delivered,DP068,335.19,1365.4,1064.96,300.44
ORD101738,CUST1615,REST077,Biryani House,2025-05-03,Mumbai,Chinese,4,1316.05,10,54.45,25,UPI,4.0,Delivered,DP189,131.6,1238.9,890.67,348.23
ORD101739,CUST1041,REST021,Spice Hub,2025-03-15,Hyderabad,Indian,2,809.32,0,64.29,49,UPI,4.5,Delivered,DP200,0.0,873.61,519.27,354.34
ORD101740,CUST1024,REST064,Pizza Point,2025-08-27,Hyderabad,Italian,5,138.3,0,74.97,15,UPI,5.0,Delivered,DP046,0.0,213.27,83.1,130.17
ORD101741,CUST1038,REST037,Urban Tadka,2025-09-06,Pune,Desserts,3,1452.1,15,49.92,74,UPI,3.5,Delivered,DP222,217.82,1284.2,1029.47,254.73
ORD101742,CUST1802,REST027,Dragon Bowl,2025-09-20,Pune,Italian,1,806.22,25,77.52,73,Cash,5.0,Cancelled,DP176,201.56,682.18,622.66,59.52
ORD101743,CUST1130,REST055,Spice Hub,2025-09-09,Mumbai,Indian,5,1246.67,0,26.16,67,Cash,5.0,Delivered,DP020,0.0,1272.83,941.67,331.16
ORD101744,CUST1497,REST029,Curry Corner,2025-12-23,Mumbai,Chinese,5,296.51,25,70.54,37,Credit Card,4.5,Delivered,DP072,74.13,292.92,230.27,62.65
ORD101745,CUST1228,REST020,Royal Kitchen,2025-04-21,Mumbai,North Indian,1,1616.83,10,85.24,17,Wallet,5.0,Delivered,DP197,161.68,1540.39,1146.27,394.12
ORD101746,CUST1107,REST025,Sweet Treats,2025-06-29,Bengaluru,Italian,3,851.91,20,90.6,55,Debit Card,4.0,Delivered,DP105,170.38,772.13,475.31,296.82
ORD101747,CUST1171,REST070,Dosa Express,2025-07-07,Chennai,South Indian,1,1665.08,0,64.26,15,Credit Card,5.0,Delivered,DP162,0.0,1729.34,1127.99,601.35
ORD101748,CUST1434,REST063,Dragon Bowl,2025-11-04,Delhi,Chinese,3,1307.79,15,41.6,68,UPI,4.5,Cancelled,DP104,196.17,1153.22,906.53,246.69
ORD101749,CUST1477,REST036,Royal Kitchen,2025-07-26,Ahmedabad,Fast Food,2,324.06,20,28.89,58,Debit Card,4.0,Cancelled,DP007,64.81,288.14,187.19,100.95
ORD101750,CUST1101,REST002,Royal Kitchen,2025-08-22,Pune,Biryani,3,1093.05,20,44.37,26,Credit Card,4.5,Cancelled,DP050,218.61,918.81,809.45,109.36
ORD101751,CUST1865,REST022,Dosa Express,2025-01-24,Kolkata,North Indian,5,1648.69,20,60.9,52,UPI,4.5,Delivered,DP053,329.74,1379.85,1183.63,196.22
ORD101752,CUST1523,REST096,Food Junction,2025-01-26,Kolkata,North Indian,2,1463.95,10,31.69,75,Credit Card,3.5,Delivered,DP214,146.4,1349.24,956.16,393.08
ORD101753,CUST1274,REST016,The Food Factory,2025-08-06,Hyderabad,Indian,4,822.21,15,95.96,54,UPI,3.5,Delivered,DP073,123.33,794.84,507.43,287.41
ORD101754,CUST1612,REST018,Curry Corner,2025-12-12,Pune,Biryani,2,1724.51,5,91.26,45,UPI,4.5,Delivered,DP011,86.23,1729.54,1036.46,693.08
ORD101755,CUST1043,REST069,Sweet Treats,2025-01-10,Delhi,Fast Food,3,571.21,0,17.8,43,Cash,4.5,Cancelled,DP204,0.0,589.01,440.87,148.14
ORD101756,CUST1816,REST054,Dosa Express,2025-01-17,Mumbai,Italian,2,750.18,0,62.77,49,UPI,4.5,Delivered,DP136,0.0,812.95,550.99,261.96
ORD101757,CUST1016,REST100,Urban Tadka,2025-09-02,Kolkata,North Indian,2,1379.52,0,82.09,42,Credit Card,4.5,Delivered,DP032,0.0,1461.61,978.74,482.87
ORD101758,CUST1329,REST030,Pizza Point,2025-07-25,Pune,South Indian,4,511.28,0,35.86,35,Debit Card,3.5,Delivered,DP191,0.0,547.14,392.73,154.41
ORD101759,CUST1568,REST045,Curry Corner,2025-09-15,Chennai,Chinese,3,985.83,25,59.53,25,Cash,4.0,Cancelled,DP183,246.46,798.9,588.35,210.55
ORD101760,CUST1822,REST019,Biryani House,2025-04-22,Chennai,Desserts,5,1344.37,5,49.51,40,Debit Card,5.0,Delivered,DP187,67.22,1326.66,1004.58,322.08
ORD101761,CUST1496,REST087,Urban Tadka,2025-07-24,Ahmedabad,North Indian,2,1201.87,20,31.71,25,Wallet,5.0,Delivered,DP063,240.37,993.21,822.31,170.9
ORD101762,CUST1814,REST034,Pizza Point,2025-01-27,Bengaluru,North Indian,1,381.02,20,67.25,19,Debit Card,4.5,Delivered,DP145,76.2,372.07,291.33,80.74
ORD101763,CUST1011,REST013,Dragon Bowl,2025-03-12,Pune,Chinese,5,1177.83,25,99.46,70,Wallet,5.0,Delivered,DP154,294.46,982.83,826.77,156.06
ORD101764,CUST1317,REST043,Taste of India,2025-06-25,Mumbai,Fast Food,2,1082.15,0,46.05,21,Wallet,5.0,Delivered,DP051,0.0,1128.2,779.75,348.45
ORD101765,CUST1591,REST062,The Food Factory,2025-07-21,Hyderabad,Indian,5,1057.18,15,61.95,65,Cash,3.5,Cancelled,DP033,158.58,960.55,635.49,325.06
ORD101766,CUST1215,REST093,Dragon Bowl,2025-09-05,Ahmedabad,North Indian,1,1507.76,5,42.87,45,Debit Card,4.0,Delivered,DP026,75.39,1475.24,948.91,526.33
ORD101767,CUST1338,REST100,Curry Corner,2025-04-28,Ahmedabad,North Indian,5,428.95,5,89.54,53,UPI,3.5,Delivered,DP022,21.45,497.04,265.75,231.29
ORD101768,CUST1775,REST022,Sweet Treats,2025-01-09,Bengaluru,Biryani,5,1382.63,10,88.49,56,Cash,4.0,Delivered,DP195,138.26,1332.86,981.19,351.67
ORD101769,CUST1660,REST052,Spice Hub,2025-03-27,Mumbai,Desserts,1,1398.36,20,30.2,22,Cash,4.5,Delivered,DP095,279.67,1148.89,901.34,247.55
ORD101770,CUST1080,REST052,Pizza Point,2025-01-23,Ahmedabad,South Indian,1,1334.04,5,91.5,67,UPI,3.5,Delivered,DP078,66.7,1358.84,997.59,361.25
ORD101771,CUST1726,REST036,Biryani House,2025-08-28,Bengaluru,Italian,1,970.03,5,27.88,41,Debit Card,5.0,Delivered,DP210,48.5,949.41,580.94,368.47
ORD101772,CUST1484,REST073,Dosa Express,2025-03-14,Pune,Indian,4,784.51,0,23.11,35,Cash,4.5,Delivered,DP250,0.0,807.62,575.05,232.57
ORD101773,CUST1373,REST019,Spice Hub,2025-01-27,Delhi,Desserts,1,783.06,25,70.5,44,Wallet,4.5,Delivered,DP226,195.76,657.8,577.15,80.65
ORD101774,CUST1709,REST038,Dragon Bowl,2025-12-15,Ahmedabad,South Indian,5,1352.8,20,47.8,28,UPI,3.0,Delivered,DP104,270.56,1130.04,939.4,190.64
ORD101775,CUST1199,REST070,Urban Tadka,2025-03-22,Kolkata,South Indian,1,956.47,10,60.11,73,Credit Card,3.5,Cancelled,DP191,95.65,920.93,558.68,362.25
ORD101776,CUST1536,REST079,The Food Factory,2025-03-25,Pune,Fast Food,2,688.57,15,70.47,15,Cash,4.5,Delivered,DP145,103.29,655.75,430.46,225.29
ORD101777,CUST1465,REST057,Dragon Bowl,2025-07-18,Mumbai,Desserts,1,1170.79,0,19.49,59,Wallet,5.0,Delivered,DP041,0.0,1190.28,751.04,439.24
ORD101778,CUST1088,REST020,Sweet Treats,2025-02-12,Hyderabad,Fast Food,1,1526.18,15,39.9,38,Debit Card,5.0,Cancelled,DP076,228.93,1337.15,1002.78,334.37
ORD101779,CUST1267,REST009,Dragon Bowl,2025-09-20,Hyderabad,Chinese,3,223.33,10,54.18,75,Debit Card,4.5,Delivered,DP039,22.33,255.18,160.68,94.5
ORD101780,CUST1654,REST032,Spice Hub,2025-04-02,Mumbai,Italian,5,1753.19,0,37.66,20,UPI,4.0,Cancelled,DP161,0.0,1790.85,1100.7,690.15
ORD101781,CUST1570,REST004,Biryani House,2025-12-05,Bengaluru,Indian,5,282.38,0,19.16,20,Wallet,3.5,Delivered,DP032,0.0,301.54,156.49,145.05
ORD101782,CUST1488,REST050,Pizza Point,2025-03-25,Chennai,Chinese,2,979.72,15,22.37,67,UPI,5.0,Delivered,DP149,146.96,855.13,734.0,121.13
ORD101783,CUST1876,REST082,Sweet Treats,2025-10-27,Mumbai,North Indian,4,1061.15,20,83.15,19,Cash,3.5,Delivered,DP181,212.23,932.07,689.15,242.92
ORD101784,CUST1537,REST005,Taste of India,2025-10-23,Kolkata,Italian,3,352.19,20,92.47,49,UPI,4.5,Delivered,DP192,70.44,374.22,216.62,157.6
ORD101785,CUST1046,REST020,Dosa Express,2025-05-15,Ahmedabad,Biryani,2,1658.2,0,27.94,58,Credit Card,4.5,Delivered,DP078,0.0,1686.14,1224.44,461.7
ORD101786,CUST1287,REST087,Dragon Bowl,2025-10-08,Pune,Biryani,2,912.06,0,36.19,29,UPI,4.0,Cancelled,DP066,0.0,948.25,685.99,262.26
ORD101787,CUST1777,REST075,Dragon Bowl,2025-02-28,Hyderabad,Chinese,5,360.44,0,70.44,49,UPI,4.0,Delivered,DP177,0.0,430.88,258.85,172.03
ORD101788,CUST1015,REST037,The Food Factory,2025-12-25,Delhi,Indian,3,1315.51,5,96.11,62,Cash,5.0,Delivered,DP071,65.78,1345.84,830.73,515.11
ORD101789,CUST1710,REST022,Spice Hub,2025-12-08,Hyderabad,Italian,5,1234.52,10,40.47,64,Wallet,5.0,Delivered,DP207,123.45,1151.54,744.6,406.94
ORD101790,CUST1400,REST058,The Food Factory,2025-08-29,Chennai,Biryani,4,1737.61,20,87.69,55,Credit Card,5.0,Delivered,DP031,347.52,1477.78,1240.56,237.22
ORD101791,CUST1793,REST068,The Food Factory,2025-12-08,Ahmedabad,Biryani,5,861.75,20,58.01,22,UPI,4.0,Delivered,DP092,172.35,747.41,485.35,262.06
ORD101792,CUST1085,REST093,The Food Factory,2025-04-08,Hyderabad,Indian,1,569.9,10,96.31,57,Cash,3.5,Delivered,DP169,56.99,609.22,364.7,244.52
ORD101793,CUST1249,REST044,Pizza Point,2025-03-03,Chennai,Desserts,5,220.79,0,26.58,49,Cash,5.0,Delivered,DP200,0.0,247.37,159.97,87.4
ORD101794,CUST1390,REST034,The Food Factory,2025-09-21,Ahmedabad,Chinese,1,1351.64,20,97.76,19,Cash,3.5,Delivered,DP199,270.33,1179.07,925.29,253.78
ORD101795,CUST1781,REST077,Taste of India,2025-04-23,Kolkata,Fast Food,2,1157.03,15,52.48,45,Wallet,4.5,Delivered,DP164,173.55,1035.96,831.66,204.3
ORD101796,CUST1334,REST042,Dragon Bowl,2025-05-26,Ahmedabad,North Indian,4,1753.99,0,96.0,56,UPI,4.0,Delivered,DP074,0.0,1849.99,1195.82,654.17
ORD101797,CUST1628,REST009,Urban Tadka,2025-08-04,Mumbai,South Indian,1,1316.44,25,53.99,45,Debit Card,4.5,Cancelled,DP167,329.11,1041.32,796.61,244.71
ORD101798,CUST1518,REST095,Biryani House,2025-09-13,Hyderabad,North Indian,4,1687.71,25,60.06,51,Credit Card,4.0,Delivered,DP111,421.93,1325.84,1115.81,210.03
ORD101799,CUST1136,REST007,Sweet Treats,2025-11-12,Bengaluru,Italian,5,1785.85,15,83.41,22,Debit Card,5.0,Delivered,DP126,267.88,1601.38,1299.75,301.63
ORD101800,CUST1882,REST068,Taste of India,2025-11-12,Pune,Biryani,5,839.76,0,76.42,20,Wallet,5.0,Delivered,DP094,0.0,916.18,506.37,409.81
ORD101801,CUST1687,REST019,Sweet Treats,2025-12-28,Bengaluru,South Indian,2,372.5,20,67.67,37,UPI,4.0,Delivered,DP109,74.5,365.67,287.38,78.29
ORD101802,CUST1839,REST094,Biryani House,2025-09-15,Pune,South Indian,5,449.03,15,50.44,67,Debit Card,3.0,Delivered,DP104,67.35,432.12,267.92,164.2
ORD101803,CUST1497,REST031,Urban Tadka,2025-07-13,Hyderabad,Fast Food,1,654.87,15,82.36,30,Debit Card,4.5,Delivered,DP169,98.23,639.0,362.32,276.68
ORD101804,CUST1826,REST035,Curry Corner,2025-12-13,Kolkata,South Indian,2,974.94,0,95.6,58,Debit Card,4.0,Delivered,DP041,0.0,1070.54,710.69,359.85
ORD101805,CUST1726,REST057,Sweet Treats,2025-01-14,Hyderabad,Indian,4,325.67,25,15.83,63,Credit Card,5.0,Delivered,DP005,81.42,260.08,248.66,11.42
ORD101806,CUST1476,REST085,Sweet Treats,2025-10-31,Pune,Chinese,2,626.89,0,64.97,22,UPI,3.5,Delivered,DP213,0.0,691.86,380.35,311.51
ORD101807,CUST1593,REST061,Urban Tadka,2025-04-13,Kolkata,Italian,4,637.09,15,88.61,18,Cash,3.5,Cancelled,DP006,95.56,630.14,373.12,257.02
ORD101808,CUST1222,REST031,Spice Hub,2025-09-02,Delhi,Indian,3,126.86,20,70.51,46,UPI,4.5,Delivered,DP062,25.37,172.0,76.31,95.69
ORD101809,CUST1371,REST083,Taste of India,2025-09-02,Kolkata,Chinese,1,715.0,0,83.07,67,Debit Card,4.5,Cancelled,DP016,0.0,798.07,496.5,301.57
ORD101810,CUST1401,REST095,Royal Kitchen,2025-11-08,Hyderabad,Indian,1,315.14,0,91.08,63,UPI,4.0,Delivered,DP208,0.0,406.22,215.3,190.92
ORD101811,CUST1442,REST053,Spice Hub,2025-09-25,Delhi,Biryani,4,841.92,10,78.83,17,Cash,4.0,Delivered,DP088,84.19,836.56,583.37,253.19
ORD101812,CUST1489,REST032,Spice Hub,2025-08-12,Delhi,Biryani,5,450.18,25,75.95,64,Credit Card,4.0,Delivered,DP110,112.54,413.59,248.4,165.19
ORD101813,CUST1614,REST066,Spice Hub,2025-08-08,Pune,Fast Food,5,1501.15,20,97.0,30,UPI,4.0,Delivered,DP147,300.23,1297.92,879.83,418.09
ORD101814,CUST1272,REST059,The Food Factory,2025-11-07,Delhi,Indian,3,255.28,20,88.41,74,UPI,4.0,Delivered,DP083,51.06,292.63,154.69,137.94
ORD101815,CUST1525,REST010,Dosa Express,2025-08-05,Delhi,North Indian,4,1574.31,0,84.31,48,Credit Card,5.0,Cancelled,DP240,0.0,1658.62,1118.28,540.34
ORD101816,CUST1158,REST002,Sweet Treats,2025-01-04,Mumbai,South Indian,3,1095.28,0,22.34,27,Credit Card,3.0,Delivered,DP123,0.0,1117.62,755.76,361.86
ORD101817,CUST1151,REST066,Dragon Bowl,2025-02-05,Kolkata,Biryani,4,890.52,5,35.32,47,Debit Card,4.0,Delivered,DP165,44.53,881.31,617.57,263.74
ORD101818,CUST1619,REST060,Royal Kitchen,2025-06-27,Ahmedabad,Desserts,3,1043.57,20,62.32,36,Debit Card,4.5,Delivered,DP064,208.71,897.18,710.95,186.23
ORD101819,CUST1187,REST088,Spice Hub,2025-09-14,Bengaluru,Chinese,4,751.86,25,75.31,45,Credit Card,3.0,Delivered,DP187,187.96,639.21,542.27,96.94
ORD101820,CUST1812,REST017,Taste of India,2025-01-17,Delhi,Desserts,1,334.39,0,40.77,38,Cash,5.0,Delivered,DP097,0.0,375.16,256.34,118.82
ORD101821,CUST1097,REST096,Dosa Express,2025-07-18,Ahmedabad,Desserts,3,1406.68,5,22.93,17,Debit Card,4.5,Delivered,DP069,70.33,1359.28,991.6,367.68
ORD101822,CUST1130,REST016,Dosa Express,2025-11-14,Bengaluru,Fast Food,3,1678.89,20,41.44,47,Cash,3.0,Delivered,DP201,335.78,1384.55,1211.05,173.5
ORD101823,CUST1804,REST016,Spice Hub,2025-02-17,Ahmedabad,Desserts,4,1716.11,0,80.54,44,Credit Card,5.0,Delivered,DP213,0.0,1796.65,1183.91,612.74
ORD101824,CUST1170,REST046,Pizza Point,2025-03-03,Delhi,Desserts,2,1246.8,25,89.58,40,UPI,4.5,Cancelled,DP135,311.7,1024.68,914.47,110.21
ORD101825,CUST1182,REST039,Spice Hub,2025-03-10,Bengaluru,Desserts,2,809.38,0,92.6,48,Credit Card,4.5,Delivered,DP042,0.0,901.98,620.7,281.28
ORD101826,CUST1363,REST031,Pizza Point,2025-05-27,Hyderabad,South Indian,1,923.64,20,47.2,65,Credit Card,5.0,Delivered,DP153,184.73,786.11,636.55,149.56
ORD101827,CUST1038,REST088,Spice Hub,2025-12-25,Hyderabad,Italian,5,1223.7,5,46.67,36,Wallet,5.0,Delivered,DP056,61.18,1209.19,723.98,485.21
ORD101828,CUST1526,REST001,Royal Kitchen,2025-06-11,Bengaluru,Indian,5,1502.76,0,49.57,44,Credit Card,4.0,Cancelled,DP175,0.0,1552.33,1092.75,459.58
ORD101829,CUST1887,REST011,Taste of India,2025-08-15,Kolkata,North Indian,1,749.27,0,46.94,49,Debit Card,4.0,Delivered,DP085,0.0,796.21,524.26,271.95
ORD101830,CUST1496,REST085,Pizza Point,2025-12-13,Delhi,Desserts,5,1660.19,10,71.63,39,UPI,4.0,Delivered,DP108,166.02,1565.8,1269.6,296.2
ORD101831,CUST1515,REST004,The Food Factory,2025-08-18,Mumbai,Desserts,4,664.78,15,45.46,42,Cash,4.5,Cancelled,DP205,99.72,610.52,407.24,203.28
ORD101832,CUST1348,REST071,Dosa Express,2025-06-27,Ahmedabad,Biryani,2,1011.84,20,16.73,47,Wallet,5.0,Delivered,DP178,202.37,826.2,782.26,43.94
ORD101833,CUST1396,REST026,Spice Hub,2025-12-11,Kolkata,North Indian,1,1735.09,10,52.32,37,Debit Card,3.0,Delivered,DP085,173.51,1613.9,1174.52,439.38
ORD101834,CUST1721,REST050,Dosa Express,2025-02-25,Bengaluru,South Indian,4,1696.17,25,34.05,40,UPI,3.0,Delivered,DP202,424.04,1306.18,1308.97,-2.79
ORD101835,CUST1160,REST012,Spice Hub,2025-03-19,Kolkata,Chinese,1,1288.85,15,17.45,70,Cash,5.0,Delivered,DP216,193.33,1112.97,941.28,171.69
ORD101836,CUST1015,REST095,Sweet Treats,2025-09-27,Ahmedabad,Indian,2,665.26,20,55.02,23,UPI,4.0,Delivered,DP091,133.05,587.23,498.39,88.84
ORD101837,CUST1492,REST081,Sweet Treats,2025-07-25,Chennai,North Indian,5,487.98,10,32.51,22,Debit Card,4.0,Delivered,DP033,48.8,471.69,304.74,166.95
ORD101838,CUST1425,REST097,Food Junction,2025-10-08,Mumbai,Chinese,4,254.64,10,53.48,51,UPI,3.5,Delivered,DP026,25.46,282.66,152.9,129.76
ORD101839,CUST1107,REST075,Spice Hub,2025-08-16,Ahmedabad,Fast Food,2,1310.54,20,38.61,47,Credit Card,4.0,Delivered,DP228,262.11,1087.04,908.91,178.13
ORD101840,CUST1893,REST092,Food Junction,2025-08-27,Chennai,Biryani,1,965.8,0,66.32,29,UPI,5.0,Delivered,DP017,0.0,1032.12,614.34,417.78
ORD101841,CUST1449,REST096,Royal Kitchen,2025-10-15,Ahmedabad,Biryani,3,1081.44,5,99.22,63,Credit Card,5.0,Cancelled,DP021,54.07,1126.59,840.01,286.58
ORD101842,CUST1310,REST065,Dragon Bowl,2025-03-23,Ahmedabad,Fast Food,4,913.62,20,61.51,61,Debit Card,4.0,Delivered,DP237,182.72,792.41,606.61,185.8
ORD101843,CUST1738,REST047,Urban Tadka,2025-11-30,Bengaluru,Chinese,1,931.35,10,69.99,22,Wallet,5.0,Delivered,DP002,93.14,908.2,535.91,372.29
ORD101844,CUST1169,REST092,Urban Tadka,2025-09-07,Delhi,North Indian,1,1079.74,0,93.14,69,Credit Card,4.0,Cancelled,DP079,0.0,1172.88,717.73,455.15
ORD101845,CUST1545,REST053,Dosa Express,2025-07-12,Kolkata,Indian,2,1655.96,10,46.79,35,UPI,5.0,Delivered,DP044,165.6,1537.15,1114.58,422.57
ORD101846,CUST1413,REST071,Pizza Point,2025-04-16,Kolkata,Chinese,1,169.34,5,29.16,72,UPI,4.0,Delivered,DP194,8.47,190.03,93.32,96.71
ORD101847,CUST1250,REST002,Spice Hub,2025-07-08,Chennai,Indian,4,1466.75,25,39.04,17,UPI,5.0,Delivered,DP071,366.69,1139.1,889.53,249.57
ORD101848,CUST1758,REST024,Royal Kitchen,2025-10-03,Kolkata,South Indian,4,776.07,0,49.24,23,Debit Card,4.0,Cancelled,DP036,0.0,825.31,427.08,398.23
ORD101849,CUST1780,REST004,Biryani House,2025-03-15,Bengaluru,Desserts,1,1371.47,20,69.83,66,Cash,3.5,Delivered,DP046,274.29,1167.01,931.27,235.74
ORD101850,CUST1140,REST019,Spice Hub,2025-01-10,Mumbai,Fast Food,2,1713.52,15,15.39,28,UPI,5.0,Delivered,DP178,257.03,1471.88,1057.57,414.31
ORD101851,CUST1273,REST026,Spice Hub,2025-05-03,Delhi,Italian,4,634.56,25,87.54,52,UPI,4.0,Delivered,DP235,158.64,563.46,374.29,189.17
ORD101852,CUST1415,REST075,Royal Kitchen,2025-08-04,Chennai,Indian,3,270.45,5,21.47,41,Credit Card,5.0,Delivered,DP224,13.52,278.4,200.91,77.49
ORD101853,CUST1607,REST040,Royal Kitchen,2025-10-17,Kolkata,Biryani,5,510.26,0,91.56,34,Wallet,3.5,Cancelled,DP067,0.0,601.82,284.17,317.65
ORD101854,CUST1738,REST050,Biryani House,2025-02-09,Bengaluru,Desserts,2,493.12,20,95.7,71,UPI,3.0,Delivered,DP003,98.62,490.2,349.67,140.53
ORD101855,CUST1890,REST043,Urban Tadka,2025-07-12,Delhi,South Indian,2,1366.31,20,99.16,18,Debit Card,5.0,Delivered,DP242,273.26,1192.21,931.54,260.67
ORD101856,CUST1038,REST075,Food Junction,2025-05-07,Delhi,Biryani,5,223.92,20,83.81,38,Cash,4.5,Delivered,DP119,44.78,262.95,162.89,100.06
ORD101857,CUST1813,REST067,Dragon Bowl,2025-10-16,Hyderabad,South Indian,5,205.57,0,27.06,41,Cash,4.0,Delivered,DP161,0.0,232.63,119.32,113.31
ORD101858,CUST1028,REST012,Dosa Express,2025-03-12,Delhi,Biryani,4,1285.26,0,75.02,26,Cash,3.5,Delivered,DP045,0.0,1360.28,964.54,395.74
ORD101859,CUST1476,REST067,Urban Tadka,2025-05-17,Ahmedabad,Chinese,1,1055.29,25,32.28,42,Debit Card,4.5,Cancelled,DP025,263.82,823.75,658.47,165.28
ORD101860,CUST1317,REST027,Biryani House,2025-05-24,Bengaluru,North Indian,1,821.85,25,91.26,49,Cash,4.0,Cancelled,DP165,205.46,707.65,453.63,254.02
ORD101861,CUST1244,REST054,Spice Hub,2025-12-20,Mumbai,Chinese,3,1086.62,0,41.91,38,Cash,4.5,Delivered,DP164,0.0,1128.53,761.76,366.77
ORD101862,CUST1747,REST066,Urban Tadka,2025-10-26,Pune,Chinese,1,1355.22,15,42.78,45,Credit Card,4.5,Delivered,DP035,203.28,1194.72,1013.23,181.49
ORD101863,CUST1696,REST049,Taste of India,2025-12-11,Hyderabad,North Indian,3,293.83,0,93.0,73,Cash,4.5,Cancelled,DP019,0.0,386.83,185.51,201.32
ORD101864,CUST1271,REST016,Sweet Treats,2025-09-26,Bengaluru,South Indian,3,1049.52,20,16.12,17,Credit Card,5.0,Delivered,DP045,209.9,855.74,704.59,151.15
ORD101865,CUST1439,REST002,Spice Hub,2025-05-19,Bengaluru,South Indian,2,1505.02,10,31.49,44,Credit Card,4.5,Cancelled,DP112,150.5,1386.01,970.49,415.52
ORD101866,CUST1747,REST060,Dragon Bowl,2025-02-21,Bengaluru,North Indian,2,728.88,0,50.86,41,Credit Card,4.0,Delivered,DP211,0.0,779.74,408.0,371.74
ORD101867,CUST1238,REST054,Curry Corner,2025-01-17,Chennai,Biryani,4,1401.87,0,74.56,67,Debit Card,4.0,Delivered,DP225,0.0,1476.43,1013.86,462.57
ORD101868,CUST1376,REST030,Biryani House,2025-06-14,Kolkata,Indian,5,1540.31,25,70.04,31,UPI,4.0,Delivered,DP146,385.08,1225.27,1180.71,44.56
ORD101869,CUST1265,REST084,The Food Factory,2025-01-13,Chennai,South Indian,5,1499.16,25,71.9,20,Wallet,4.0,Cancelled,DP155,374.79,1196.27,969.38,226.89
ORD101870,CUST1358,REST038,Pizza Point,2025-07-09,Ahmedabad,Biryani,3,1212.6,0,89.8,61,Cash,4.0,Delivered,DP094,0.0,1302.4,707.21,595.19
ORD101871,CUST1339,REST028,The Food Factory,2025-12-06,Mumbai,Indian,5,1325.14,10,25.29,57,Wallet,5.0,Delivered,DP031,132.51,1217.92,882.76,335.16
ORD101872,CUST1388,REST025,Urban Tadka,2025-12-19,Ahmedabad,North Indian,3,1443.29,10,59.38,32,UPI,5.0,Delivered,DP167,144.33,1358.34,1094.15,264.19
ORD101873,CUST1576,REST096,Spice Hub,2025-12-28,Bengaluru,Chinese,5,1352.63,0,76.67,74,Credit Card,4.5,Delivered,DP067,0.0,1429.3,932.42,496.88
ORD101874,CUST1688,REST010,Pizza Point,2025-12-18,Kolkata,South Indian,4,878.82,5,69.07,49,Credit Card,4.5,Delivered,DP150,43.94,903.95,526.27,377.68
ORD101875,CUST1002,REST060,Pizza Point,2025-09-21,Ahmedabad,Italian,2,387.32,15,53.11,41,Credit Card,4.0,Delivered,DP180,58.1,382.33,262.31,120.02
ORD101876,CUST1428,REST042,Dosa Express,2025-11-08,Chennai,Chinese,2,640.35,0,16.45,31,Credit Card,4.5,Delivered,DP010,0.0,656.8,400.33,256.47
ORD101877,CUST1141,REST040,The Food Factory,2025-08-09,Chennai,Fast Food,3,468.17,20,20.14,25,Cash,5.0,Cancelled,DP117,93.63,394.68,260.03,134.65
ORD101878,CUST1375,REST097,Royal Kitchen,2025-04-14,Chennai,Indian,5,727.23,10,25.11,52,UPI,4.5,Delivered,DP008,72.72,679.62,552.79,126.83
ORD101879,CUST1669,REST077,Spice Hub,2025-12-05,Mumbai,Italian,1,942.08,15,44.17,51,UPI,3.0,Delivered,DP034,141.31,844.94,690.29,154.65
ORD101880,CUST1323,REST042,Dosa Express,2025-07-17,Mumbai,Chinese,4,1731.2,0,25.0,56,UPI,4.5,Delivered,DP234,0.0,1756.2,1320.11,436.09
ORD101881,CUST1145,REST047,Royal Kitchen,2025-10-27,Bengaluru,Desserts,5,1731.9,15,51.22,48,Wallet,4.5,Delivered,DP181,259.79,1523.33,1224.53,298.8
ORD101882,CUST1292,REST037,Food Junction,2025-12-25,Hyderabad,South Indian,1,1412.91,5,30.18,61,Credit Card,3.5,Delivered,DP146,70.65,1372.44,923.25,449.19
ORD101883,CUST1664,REST080,Dragon Bowl,2025-06-18,Ahmedabad,Italian,4,1766.64,10,81.23,46,Debit Card,3.5,Delivered,DP012,176.66,1671.21,1172.05,499.16
ORD101884,CUST1431,REST022,The Food Factory,2025-05-29,Bengaluru,Biryani,4,1796.67,5,89.08,57,UPI,4.5,Delivered,DP238,89.83,1795.92,1072.72,723.2
ORD101885,CUST1704,REST057,Sweet Treats,2025-09-06,Chennai,Indian,2,1607.23,25,48.12,70,Wallet,4.5,Delivered,DP192,401.81,1253.54,1026.78,226.76
ORD101886,CUST1584,REST084,Sweet Treats,2025-09-13,Pune,Fast Food,3,253.57,5,58.46,71,Cash,5.0,Delivered,DP185,12.68,299.35,149.02,150.33
ORD101887,CUST1398,REST027,Dragon Bowl,2025-02-11,Ahmedabad,Biryani,5,835.75,10,96.05,60,Credit Card,3.5,Delivered,DP096,83.58,848.22,550.67,297.55
ORD101888,CUST1816,REST041,Royal Kitchen,2025-07-21,Kolkata,Desserts,4,1017.32,25,60.52,60,Wallet,3.0,Cancelled,DP130,254.33,823.51,710.66,112.85
ORD101889,CUST1888,REST080,Dosa Express,2025-09-01,Chennai,Italian,5,328.46,20,99.58,49,Debit Card,3.5,Delivered,DP017,65.69,362.35,200.04,162.31
ORD101890,CUST1343,REST034,Dragon Bowl,2025-06-06,Delhi,Chinese,4,1478.5,5,27.08,42,Debit Card,4.0,Delivered,DP180,73.92,1431.66,1134.11,297.55
ORD101891,CUST1139,REST032,Food Junction,2025-10-13,Pune,Indian,2,369.79,0,88.29,68,Cash,4.5,Cancelled,DP076,0.0,458.08,258.4,199.68
ORD101892,CUST1186,REST090,Taste of India,2025-10-09,Pune,South Indian,3,763.99,0,57.26,36,UPI,5.0,Delivered,DP071,0.0,821.25,458.84,362.41
ORD101893,CUST1804,REST089,Taste of India,2025-08-26,Kolkata,Fast Food,1,235.77,15,16.93,30,UPI,4.5,Delivered,DP079,35.37,217.33,138.73,78.6
ORD101894,CUST1060,REST066,Sweet Treats,2025-01-19,Bengaluru,Chinese,1,1001.32,0,97.64,60,Wallet,5.0,Delivered,DP002,0.0,1098.96,589.87,509.09
ORD101895,CUST1379,REST012,Curry Corner,2025-02-22,Chennai,Fast Food,2,1123.03,0,97.03,56,Wallet,3.0,Delivered,DP027,0.0,1220.06,869.21,350.85
ORD101896,CUST1709,REST040,Biryani House,2025-03-26,Chennai,South Indian,4,1355.1,25,47.58,68,UPI,3.5,Cancelled,DP154,338.78,1063.9,819.05,244.85
ORD101897,CUST1806,REST073,Dragon Bowl,2025-09-30,Hyderabad,North Indian,2,690.3,25,96.1,54,UPI,3.5,Delivered,DP153,172.58,613.82,406.4,207.42
ORD101898,CUST1439,REST076,Biryani House,2025-12-26,Delhi,Indian,3,1112.09,15,26.99,26,Wallet,4.5,Delivered,DP140,166.81,972.27,653.59,318.68
ORD101899,CUST1318,REST090,Curry Corner,2025-08-01,Bengaluru,Italian,1,1353.37,0,72.81,19,Credit Card,4.0,Delivered,DP145,0.0,1426.18,851.52,574.66
ORD101900,CUST1301,REST073,Dosa Express,2025-12-27,Mumbai,Fast Food,5,1400.22,10,31.31,40,Debit Card,4.5,Cancelled,DP193,140.02,1291.51,968.28,323.23
ORD101901,CUST1343,REST010,Dragon Bowl,2025-04-14,Bengaluru,Indian,1,626.76,0,35.97,40,Debit Card,3.5,Delivered,DP095,0.0,662.73,356.12,306.61
ORD101902,CUST1010,REST096,Biryani House,2025-07-11,Ahmedabad,Fast Food,3,233.74,15,81.24,27,Cash,3.5,Delivered,DP168,35.06,279.92,137.13,142.79
ORD101903,CUST1061,REST098,Biryani House,2025-06-26,Ahmedabad,Chinese,4,183.2,5,47.08,38,Debit Card,4.0,Delivered,DP005,9.16,221.12,141.9,79.22
ORD101904,CUST1844,REST048,The Food Factory,2025-05-27,Pune,Fast Food,2,1410.34,5,15.61,58,Wallet,4.0,Delivered,DP220,70.52,1355.43,976.09,379.34
ORD101905,CUST1225,REST020,The Food Factory,2025-03-22,Bengaluru,North Indian,1,767.54,25,50.21,17,Credit Card,5.0,Delivered,DP028,191.88,625.87,446.81,179.06
ORD101906,CUST1152,REST039,Curry Corner,2025-07-12,Hyderabad,Chinese,1,345.02,20,34.39,46,Wallet,5.0,Delivered,DP249,69.0,310.41,233.41,77.0
ORD101907,CUST1710,REST060,Spice Hub,2025-02-06,Bengaluru,Chinese,5,429.94,0,73.08,37,UPI,3.5,Delivered,DP072,0.0,503.02,260.29,242.73
ORD101908,CUST1563,REST066,Dragon Bowl,2025-11-22,Hyderabad,Indian,2,1407.13,10,31.53,63,UPI,5.0,Delivered,DP246,140.71,1297.95,1089.02,208.93
ORD101909,CUST1771,REST065,Food Junction,2025-06-03,Pune,Biryani,5,1126.16,15,86.59,66,Debit Card,4.5,Cancelled,DP052,168.92,1043.83,720.1,323.73
ORD101910,CUST1570,REST051,Dosa Express,2025-05-10,Hyderabad,South Indian,5,962.36,25,37.7,51,Credit Card,4.5,Delivered,DP142,240.59,759.47,560.81,198.66
ORD101911,CUST1583,REST036,The Food Factory,2025-02-28,Kolkata,Fast Food,4,1166.65,20,48.41,69,Cash,3.5,Delivered,DP134,233.33,981.73,806.13,175.6
ORD101912,CUST1659,REST024,The Food Factory,2025-08-12,Kolkata,Italian,1,351.0,20,40.33,52,Wallet,4.5,Delivered,DP018,70.2,321.13,204.13,117.0
ORD101913,CUST1860,REST027,Taste of India,2025-09-06,Ahmedabad,Desserts,2,655.99,15,69.73,59,Cash,3.0,Cancelled,DP037,98.4,627.32,438.96,188.36
ORD101914,CUST1574,REST002,Dragon Bowl,2025-08-28,Chennai,Chinese,4,748.43,25,23.6,52,Cash,4.0,Delivered,DP202,187.11,584.92,558.34,26.58
ORD101915,CUST1309,REST031,Food Junction,2025-10-20,Mumbai,Biryani,4,648.36,25,55.64,27,Cash,3.5,Delivered,DP192,162.09,541.91,408.15,133.76
ORD101916,CUST1884,REST057,Dragon Bowl,2025-10-14,Pune,Chinese,4,1572.22,15,43.43,29,Cash,4.5,Cancelled,DP239,235.83,1379.82,1037.38,342.44
ORD101917,CUST1242,REST078,Taste of India,2025-07-23,Ahmedabad,Biryani,3,1096.79,15,90.15,16,Wallet,4.5,Delivered,DP099,164.52,1022.42,630.56,391.86
ORD101918,CUST1492,REST066,Spice Hub,2025-04-09,Hyderabad,Biryani,3,1345.26,15,21.24,25,UPI,5.0,Delivered,DP035,201.79,1164.71,939.88,224.83
ORD101919,CUST1365,REST029,Food Junction,2025-12-16,Delhi,Italian,4,517.67,10,85.52,30,Wallet,4.5,Delivered,DP126,51.77,551.42,298.07,253.35
ORD101920,CUST1329,REST015,Biryani House,2025-06-25,Pune,Biryani,3,563.64,15,29.25,32,UPI,5.0,Delivered,DP017,84.55,508.34,352.39,155.95
ORD101921,CUST1106,REST012,Taste of India,2025-09-19,Delhi,Italian,2,498.56,25,22.53,48,UPI,4.5,Delivered,DP110,124.64,396.45,370.67,25.78
ORD101922,CUST1225,REST028,Sweet Treats,2025-09-28,Mumbai,Indian,1,1275.81,10,32.2,24,Wallet,4.0,Delivered,DP219,127.58,1180.43,745.69,434.74
ORD101923,CUST1824,REST084,Dosa Express,2025-05-23,Hyderabad,Chinese,2,706.39,10,23.73,27,Wallet,4.5,Delivered,DP088,70.64,659.48,525.02,134.46
ORD101924,CUST1217,REST024,Biryani House,2025-07-08,Pune,Italian,1,800.54,10,59.28,46,Wallet,4.0,Delivered,DP010,80.05,779.77,556.4,223.37
ORD101925,CUST1752,REST021,Food Junction,2025-09-29,Pune,South Indian,3,1311.32,5,99.0,74,UPI,4.5,Delivered,DP051,65.57,1344.75,763.77,580.98
ORD101926,CUST1505,REST010,Sweet Treats,2025-01-20,Mumbai,North Indian,2,1752.62,0,17.92,22,Wallet,4.5,Delivered,DP112,0.0,1770.54,1031.86,738.68
ORD101927,CUST1258,REST078,Spice Hub,2025-11-29,Chennai,Chinese,5,391.95,20,54.2,21,Credit Card,4.5,Delivered,DP081,78.39,367.76,275.36,92.4
ORD101928,CUST1887,REST018,Sweet Treats,2025-10-27,Delhi,North Indian,4,225.3,0,47.82,62,Debit Card,3.5,Delivered,DP052,0.0,273.12,161.7,111.42
ORD101929,CUST1773,REST088,The Food Factory,2025-02-15,Pune,South Indian,1,447.34,5,43.87,31,Debit Card,4.5,Delivered,DP237,22.37,468.84,313.5,155.34
ORD101930,CUST1516,REST014,Curry Corner,2025-04-05,Bengaluru,Fast Food,1,1354.73,25,43.21,55,Credit Card,3.5,Cancelled,DP064,338.68,1059.26,967.59,91.67
ORD101931,CUST1772,REST034,Sweet Treats,2025-03-05,Delhi,South Indian,5,446.97,0,91.08,41,Debit Card,3.0,Cancelled,DP033,0.0,538.05,283.01,255.04
ORD101932,CUST1053,REST058,Pizza Point,2025-05-11,Ahmedabad,Indian,5,1101.71,20,16.61,73,UPI,4.5,Delivered,DP097,220.34,897.98,606.3,291.68
ORD101933,CUST1046,REST076,Royal Kitchen,2025-01-09,Hyderabad,Fast Food,4,1111.73,5,80.87,22,Wallet,4.5,Delivered,DP017,55.59,1137.01,746.69,390.32
ORD101934,CUST1726,REST022,Spice Hub,2025-07-22,Mumbai,Fast Food,3,614.63,20,36.5,43,Wallet,3.0,Cancelled,DP210,122.93,528.2,422.09,106.11
ORD101935,CUST1688,REST070,Royal Kitchen,2025-10-25,Ahmedabad,Biryani,2,235.46,10,47.58,71,Wallet,4.5,Delivered,DP124,23.55,259.49,166.74,92.75
ORD101936,CUST1520,REST036,Biryani House,2025-06-23,Delhi,South Indian,2,790.66,10,50.71,66,Credit Card,4.5,Delivered,DP177,79.07,762.3,476.93,285.37
ORD101937,CUST1098,REST045,Dragon Bowl,2025-03-14,Bengaluru,Desserts,2,433.8,15,40.9,51,Credit Card,3.0,Cancelled,DP108,65.07,409.63,255.57,154.06
ORD101938,CUST1019,REST036,Taste of India,2025-03-25,Kolkata,Biryani,3,429.91,25,22.95,41,UPI,4.5,Delivered,DP230,107.48,345.38,318.55,26.83
ORD101939,CUST1889,REST022,Urban Tadka,2025-02-28,Bengaluru,South Indian,4,997.95,10,24.72,51,Credit Card,4.0,Delivered,DP127,99.8,922.87,741.97,180.9
ORD101940,CUST1752,REST078,Spice Hub,2025-01-21,Ahmedabad,Fast Food,2,1250.84,5,40.34,73,Wallet,4.5,Delivered,DP007,62.54,1228.64,972.09,256.55
ORD101941,CUST1572,REST080,Pizza Point,2025-06-06,Mumbai,Desserts,1,246.7,20,84.85,71,UPI,4.0,Delivered,DP241,49.34,282.21,154.96,127.25
ORD101942,CUST1890,REST061,The Food Factory,2025-11-15,Ahmedabad,Biryani,1,1091.58,0,26.44,38,UPI,4.0,Delivered,DP218,0.0,1118.02,615.19,502.83
ORD101943,CUST1489,REST100,Taste of India,2025-11-25,Mumbai,North Indian,1,533.62,25,78.12,59,Wallet,5.0,Delivered,DP112,133.4,478.34,351.9,126.44
ORD101944,CUST1418,REST056,Dosa Express,2025-03-02,Kolkata,Chinese,5,1251.14,20,39.55,30,Cash,5.0,Cancelled,DP193,250.23,1040.46,826.18,214.28
ORD101945,CUST1689,REST089,Dragon Bowl,2025-03-05,Delhi,Desserts,5,1481.16,10,90.09,40,Wallet,4.5,Delivered,DP127,148.12,1423.13,827.08,596.05
ORD101946,CUST1849,REST096,Dragon Bowl,2025-11-21,Hyderabad,South Indian,3,1475.78,20,51.41,68,UPI,3.5,Delivered,DP190,295.16,1232.03,1006.87,225.16
ORD101947,CUST1061,REST033,Urban Tadka,2025-06-17,Chennai,South Indian,2,741.37,0,29.6,45,Cash,3.0,Cancelled,DP203,0.0,770.97,452.23,318.74
ORD101948,CUST1144,REST045,Sweet Treats,2025-07-22,Bengaluru,Biryani,5,1073.01,20,98.8,41,Wallet,4.5,Delivered,DP010,214.6,957.21,619.55,337.66
ORD101949,CUST1215,REST036,Royal Kitchen,2025-05-09,Mumbai,South Indian,1,1453.41,5,30.01,40,Wallet,4.0,Delivered,DP031,72.67,1410.75,1001.58,409.17
ORD101950,CUST1002,REST020,Pizza Point,2025-09-02,Chennai,Fast Food,5,222.16,0,63.25,57,Cash,5.0,Delivered,DP025,0.0,285.41,136.61,148.8
ORD101951,CUST1159,REST018,Dragon Bowl,2025-04-16,Ahmedabad,Biryani,1,1137.45,25,63.39,29,Cash,4.0,Cancelled,DP185,284.36,916.48,772.51,143.97
ORD101952,CUST1738,REST038,Sweet Treats,2025-11-17,Chennai,Biryani,2,1525.36,15,46.69,72,Debit Card,4.0,Cancelled,DP065,228.8,1343.25,844.28,498.97
ORD101953,CUST1780,REST067,Dosa Express,2025-05-02,Chennai,Desserts,3,745.56,15,95.88,63,Cash,4.5,Cancelled,DP171,111.83,729.61,472.86,256.75
ORD101954,CUST1119,REST023,Spice Hub,2025-11-14,Hyderabad,Italian,4,885.09,20,86.73,29,Credit Card,4.5,Delivered,DP248,177.02,794.8,662.97,131.83
ORD101955,CUST1892,REST096,Curry Corner,2025-07-01,Mumbai,North Indian,4,1293.86,0,85.53,37,Cash,4.0,Delivered,DP131,0.0,1379.39,905.09,474.3
ORD101956,CUST1088,REST016,Pizza Point,2025-04-13,Ahmedabad,North Indian,1,234.05,5,97.8,39,UPI,5.0,Delivered,DP055,11.7,320.15,175.43,144.72
ORD101957,CUST1328,REST059,Food Junction,2025-11-12,Bengaluru,Italian,5,767.87,0,53.85,58,Cash,4.5,Cancelled,DP048,0.0,821.72,553.1,268.62
ORD101958,CUST1579,REST069,Biryani House,2025-10-29,Mumbai,Desserts,5,616.79,0,23.26,18,Wallet,5.0,Delivered,DP065,0.0,640.05,441.33,198.72
ORD101959,CUST1356,REST068,Food Junction,2025-09-18,Delhi,Fast Food,1,148.55,0,80.06,50,Credit Card,4.5,Delivered,DP199,0.0,228.61,111.43,117.18
ORD101960,CUST1609,REST021,Curry Corner,2025-04-23,Ahmedabad,Chinese,2,449.23,25,47.37,67,Cash,4.5,Delivered,DP235,112.31,384.29,249.1,135.19
ORD101961,CUST1266,REST078,Dosa Express,2025-03-11,Bengaluru,South Indian,1,785.08,0,31.18,30,Credit Card,3.0,Cancelled,DP113,0.0,816.26,507.63,308.63
ORD101962,CUST1616,REST095,Food Junction,2025-06-09,Ahmedabad,Desserts,2,451.68,25,56.08,61,Debit Card,4.5,Delivered,DP115,112.92,394.84,348.2,46.64
ORD101963,CUST1322,REST078,The Food Factory,2025-08-28,Mumbai,Indian,3,1132.03,0,93.69,54,Credit Card,4.5,Delivered,DP060,0.0,1225.72,668.74,556.98
ORD101964,CUST1634,REST070,Pizza Point,2025-01-11,Bengaluru,South Indian,3,873.74,15,29.57,73,Wallet,4.0,Cancelled,DP014,131.06,772.25,611.93,160.32
ORD101965,CUST1540,REST012,The Food Factory,2025-05-18,Delhi,Indian,1,186.33,5,87.14,35,Debit Card,3.5,Delivered,DP087,9.32,264.15,136.35,127.8
ORD101966,CUST1648,REST016,Urban Tadka,2025-06-16,Pune,Desserts,3,582.07,0,50.55,66,Cash,4.5,Delivered,DP240,0.0,632.62,445.13,187.49
ORD101967,CUST1194,REST081,Curry Corner,2025-09-04,Bengaluru,North Indian,5,152.72,20,26.63,54,Credit Card,3.5,Delivered,DP081,30.54,148.81,114.62,34.19
ORD101968,CUST1737,REST087,Urban Tadka,2025-12-20,Pune,Fast Food,2,721.67,25,87.11,57,Debit Card,3.5,Delivered,DP014,180.42,628.36,509.22,119.14
ORD101969,CUST1331,REST014,Urban Tadka,2025-01-31,Chennai,Chinese,4,555.3,0,97.42,67,Cash,3.5,Delivered,DP137,0.0,652.72,396.24,256.48
ORD101970,CUST1169,REST061,Urban Tadka,2025-01-12,Kolkata,Chinese,4,1276.15,25,39.76,70,Cash,3.0,Delivered,DP085,319.04,996.87,802.57,194.3
ORD101971,CUST1520,REST071,Dragon Bowl,2025-08-31,Ahmedabad,Chinese,3,636.44,20,40.8,31,Credit Card,4.5,Cancelled,DP173,127.29,549.95,382.82,167.13
ORD101972,CUST1462,REST046,Spice Hub,2025-04-18,Hyderabad,Italian,2,750.27,5,48.2,17,Credit Card,4.0,Delivered,DP002,37.51,760.96,578.07,182.89
ORD101973,CUST1039,REST032,Dragon Bowl,2025-12-02,Delhi,Fast Food,5,1338.56,20,84.2,21,Debit Card,3.5,Delivered,DP244,267.71,1155.05,1036.55,118.5
ORD101974,CUST1536,REST015,Spice Hub,2025-11-19,Bengaluru,Indian,4,927.94,15,15.89,26,Credit Card,4.0,Cancelled,DP160,139.19,804.64,600.99,203.65
ORD101975,CUST1260,REST044,Curry Corner,2025-07-13,Delhi,Chinese,5,1054.84,25,34.04,15,Cash,4.5,Delivered,DP008,263.71,825.17,679.83,145.34
ORD101976,CUST1394,REST017,Royal Kitchen,2025-11-04,Chennai,Fast Food,5,1533.46,15,75.0,57,Wallet,4.5,Delivered,DP036,230.02,1378.44,1002.72,375.72
ORD101977,CUST1225,REST041,Taste of India,2025-05-13,Pune,South Indian,4,467.57,10,49.48,51,Debit Card,4.0,Cancelled,DP218,46.76,470.29,306.78,163.51
ORD101978,CUST1123,REST054,Dragon Bowl,2025-10-08,Hyderabad,Indian,4,1781.83,5,43.08,20,Wallet,4.5,Delivered,DP165,89.09,1735.82,1325.14,410.68
ORD101979,CUST1037,REST044,Food Junction,2025-10-18,Delhi,North Indian,3,1632.18,0,89.14,60,Wallet,4.0,Delivered,DP015,0.0,1721.32,1059.38,661.94
ORD101980,CUST1327,REST098,Spice Hub,2025-06-12,Pune,Italian,2,601.41,15,92.97,74,Cash,5.0,Delivered,DP034,90.21,604.17,452.83,151.34
ORD101981,CUST1250,REST005,Dragon Bowl,2025-10-05,Chennai,Biryani,1,1620.14,0,95.58,75,Wallet,3.0,Delivered,DP149,0.0,1715.72,1150.13,565.59
ORD101982,CUST1175,REST027,Sweet Treats,2025-07-22,Chennai,Desserts,2,1386.65,25,38.17,63,UPI,5.0,Delivered,DP215,346.66,1078.16,1070.55,7.61
ORD101983,CUST1601,REST087,The Food Factory,2025-04-06,Chennai,Desserts,1,1683.67,0,92.56,37,Debit Card,4.0,Delivered,DP009,0.0,1776.23,1187.24,588.99
ORD101984,CUST1453,REST078,Dragon Bowl,2025-08-11,Ahmedabad,Indian,4,1281.11,25,77.64,39,Cash,4.5,Delivered,DP040,320.28,1038.47,826.06,212.41
ORD101985,CUST1036,REST079,Spice Hub,2025-08-25,Kolkata,North Indian,5,1253.12,0,28.11,39,Credit Card,4.0,Delivered,DP026,0.0,1281.23,953.79,327.44
ORD101986,CUST1315,REST043,Dosa Express,2025-04-27,Ahmedabad,North Indian,2,125.82,20,66.87,17,Cash,4.0,Delivered,DP235,25.16,167.53,75.85,91.68
ORD101987,CUST1687,REST097,Urban Tadka,2025-07-11,Pune,North Indian,5,917.35,0,17.24,18,Credit Card,4.5,Delivered,DP150,0.0,934.59,708.14,226.45
ORD101988,CUST1795,REST031,Spice Hub,2025-10-03,Bengaluru,South Indian,2,456.45,25,75.21,44,Cash,4.5,Cancelled,DP141,114.11,417.55,255.61,161.94
ORD101989,CUST1592,REST099,Royal Kitchen,2025-04-16,Mumbai,Indian,2,664.46,10,77.35,47,UPI,4.0,Cancelled,DP025,66.45,675.36,463.41,211.95
ORD101990,CUST1113,REST017,Curry Corner,2025-01-04,Delhi,Indian,5,1764.41,5,82.09,43,Debit Card,4.0,Cancelled,DP199,88.22,1758.28,977.83,780.45
ORD101991,CUST1039,REST092,The Food Factory,2025-01-18,Kolkata,Biryani,3,263.64,5,29.66,18,Wallet,3.0,Delivered,DP115,13.18,280.12,157.37,122.75
ORD101992,CUST1300,REST083,The Food Factory,2025-11-03,Mumbai,Chinese,4,1333.78,0,68.4,28,Cash,5.0,Delivered,DP091,0.0,1402.18,875.91,526.27
ORD101993,CUST1223,REST054,Taste of India,2025-01-20,Chennai,South Indian,3,410.55,10,30.2,35,Debit Card,5.0,Delivered,DP143,41.06,399.69,240.75,158.94
ORD101994,CUST1317,REST062,Dragon Bowl,2025-05-02,Mumbai,North Indian,3,132.43,20,95.47,21,Debit Card,4.0,Delivered,DP204,26.49,201.41,102.95,98.46
ORD101995,CUST1348,REST087,Biryani House,2025-05-17,Pune,Biryani,2,962.38,10,72.38,35,Debit Card,4.5,Delivered,DP045,96.24,938.52,700.41,238.11
ORD101996,CUST1114,REST032,Dragon Bowl,2025-03-21,Ahmedabad,Indian,4,390.84,25,23.1,70,Debit Card,4.0,Delivered,DP225,97.71,316.23,291.45,24.78
ORD101997,CUST1697,REST040,Biryani House,2025-06-03,Chennai,South Indian,2,1741.98,5,30.9,21,Debit Card,4.5,Delivered,DP021,87.1,1685.78,1350.36,335.42
ORD101998,CUST1322,REST013,Food Junction,2025-12-24,Ahmedabad,Italian,1,462.21,10,71.39,15,Wallet,4.5,Delivered,DP089,46.22,487.38,325.95,161.43
ORD101999,CUST1567,REST084,Sweet Treats,2025-01-25,Kolkata,Indian,2,442.62,20,55.52,74,Wallet,4.0,Delivered,DP040,88.52,409.62,270.58,139.04
ORD102000,CUST1039,REST035,Pizza Point,2025-06-18,Chennai,Italian,5,174.04,15,77.59,48,Cash,3.0,Delivered,DP175,26.11,225.52,126.02,99.5
ORD102001,CUST1865,REST005,Curry Corner,2025-02-28,Hyderabad,Fast Food,2,674.1,0,38.87,37,Credit Card,5.0,Delivered,DP086,0.0,712.97,461.35,251.62
ORD102002,CUST1039,REST073,Dosa Express,2025-10-28,Hyderabad,Italian,1,160.51,25,70.92,17,Cash,5.0,Cancelled,DP061,40.13,191.3,98.16,93.14
ORD102003,CUST1858,REST029,Spice Hub,2025-02-10,Kolkata,Indian,2,958.13,0,30.04,32,Debit Card,4.5,Cancelled,DP014,0.0,988.17,607.91,380.26
ORD102004,CUST1748,REST070,Curry Corner,2025-02-07,Pune,Biryani,1,969.43,5,61.22,57,Credit Card,4.0,Delivered,DP200,48.47,982.18,668.72,313.46
ORD102005,CUST1288,REST025,Sweet Treats,2025-04-27,Pune,Indian,4,209.45,5,96.41,26,Cash,4.0,Delivered,DP088,10.47,295.39,134.25,161.14
ORD102006,CUST1261,REST095,Biryani House,2025-10-02,Mumbai,Indian,2,523.3,20,68.4,28,Credit Card,4.5,Delivered,DP067,104.66,487.04,316.12,170.92
ORD102007,CUST1215,REST022,Curry Corner,2025-09-27,Kolkata,Fast Food,1,1517.94,10,19.25,55,Wallet,5.0,Delivered,DP076,151.79,1385.4,984.96,400.44
ORD102008,CUST1146,REST066,Royal Kitchen,2025-05-07,Ahmedabad,North Indian,4,897.08,20,99.04,42,Debit Card,5.0,Delivered,DP175,179.42,816.7,541.59,275.11
ORD102009,CUST1335,REST045,Spice Hub,2025-01-03,Delhi,Chinese,5,850.14,0,28.33,56,Credit Card,4.0,Delivered,DP214,0.0,878.47,638.69,239.78
ORD102010,CUST1167,REST069,Taste of India,2025-10-20,Kolkata,Indian,3,1293.95,5,76.04,59,UPI,4.5,Cancelled,DP144,64.7,1305.29,918.23,387.06
ORD102011,CUST1091,REST091,Food Junction,2025-01-16,Mumbai,Fast Food,1,1321.0,25,60.27,38,Debit Card,4.5,Cancelled,DP071,330.25,1051.02,840.95,210.07
ORD102012,CUST1352,REST089,Taste of India,2025-09-22,Pune,Biryani,5,1400.1,25,40.02,38,Wallet,4.0,Delivered,DP018,350.02,1090.1,1074.51,15.59
ORD102013,CUST1570,REST072,Biryani House,2025-08-27,Delhi,Fast Food,4,1515.21,5,30.07,17,Wallet,4.0,Cancelled,DP173,75.76,1469.52,968.91,500.61
ORD102014,CUST1570,REST001,Urban Tadka,2025-09-20,Kolkata,Desserts,5,510.18,5,30.1,73,Cash,3.5,Cancelled,DP023,25.51,514.77,348.01,166.76
ORD102015,CUST1815,REST084,Dragon Bowl,2025-05-14,Mumbai,Fast Food,2,231.52,20,87.96,72,UPI,4.5,Delivered,DP026,46.3,273.18,154.59,118.59
ORD102016,CUST1680,REST044,Biryani House,2025-08-01,Bengaluru,Italian,3,758.84,25,89.2,23,Credit Card,5.0,Delivered,DP230,189.71,658.33,438.64,219.69
ORD102017,CUST1780,REST087,Food Junction,2025-01-15,Ahmedabad,Chinese,1,1556.56,20,54.54,38,Cash,5.0,Delivered,DP194,311.31,1299.79,1007.83,291.96
ORD102018,CUST1362,REST096,Spice Hub,2025-11-24,Bengaluru,Chinese,4,251.09,10,23.81,74,Wallet,4.5,Cancelled,DP130,25.11,249.79,142.58,107.21
ORD102019,CUST1556,REST075,Royal Kitchen,2025-12-26,Ahmedabad,South Indian,3,1087.6,15,90.15,16,Credit Card,4.0,Delivered,DP150,163.14,1014.61,640.84,373.77
ORD102020,CUST1344,REST039,Sweet Treats,2025-05-09,Delhi,North Indian,4,1297.82,5,56.4,69,Wallet,4.5,Delivered,DP115,64.89,1289.33,948.88,340.45
ORD102021,CUST1692,REST054,Pizza Point,2025-12-18,Hyderabad,Biryani,5,928.76,15,52.29,54,Wallet,5.0,Delivered,DP166,139.31,841.74,575.47,266.27
ORD102022,CUST1169,REST088,Taste of India,2025-05-02,Ahmedabad,South Indian,4,548.69,20,49.63,42,UPI,4.5,Delivered,DP249,109.74,488.58,313.01,175.57
ORD102023,CUST1355,REST075,Biryani House,2025-08-29,Delhi,North Indian,4,668.2,10,46.03,21,Debit Card,4.0,Delivered,DP170,66.82,647.41,478.0,169.41
ORD102024,CUST1190,REST029,Sweet Treats,2025-04-25,Mumbai,North Indian,5,240.38,20,59.71,23,Credit Card,5.0,Delivered,DP156,48.08,252.01,176.57,75.44
ORD102025,CUST1666,REST054,Royal Kitchen,2025-07-16,Chennai,Fast Food,5,611.54,0,66.39,59,UPI,5.0,Cancelled,DP063,0.0,677.93,417.66,260.27
ORD102026,CUST1421,REST090,Taste of India,2025-08-10,Bengaluru,Biryani,3,194.56,25,54.65,53,Wallet,5.0,Delivered,DP017,48.64,200.57,147.98,52.59
ORD102027,CUST1699,REST016,Biryani House,2025-08-02,Chennai,North Indian,1,1340.23,0,91.22,74,Wallet,5.0,Delivered,DP243,0.0,1431.45,998.97,432.48
ORD102028,CUST1006,REST099,Food Junction,2025-03-21,Bengaluru,Biryani,5,1628.63,0,42.0,53,UPI,4.0,Delivered,DP112,0.0,1670.63,1102.78,567.85
ORD102029,CUST1132,REST020,Taste of India,2025-09-20,Mumbai,Chinese,3,1184.3,20,64.16,47,Credit Card,5.0,Delivered,DP210,236.86,1011.6,852.12,159.48
ORD102030,CUST1746,REST046,Biryani House,2025-05-15,Bengaluru,Chinese,4,1223.26,0,40.5,48,Wallet,4.5,Delivered,DP187,0.0,1263.76,765.43,498.33
ORD102031,CUST1556,REST067,Spice Hub,2025-11-02,Delhi,Chinese,4,913.2,0,79.03,35,Credit Card,3.0,Cancelled,DP115,0.0,992.23,635.9,356.33
ORD102032,CUST1825,REST065,Royal Kitchen,2025-08-30,Chennai,Indian,2,382.14,10,23.68,75,UPI,4.5,Cancelled,DP002,38.21,367.61,296.04,71.57
ORD102033,CUST1760,REST058,Food Junction,2025-10-30,Pune,Fast Food,5,132.98,0,31.04,43,Wallet,4.0,Delivered,DP099,0.0,164.02,97.6,66.42
ORD102034,CUST1030,REST053,Sweet Treats,2025-09-27,Chennai,Desserts,3,697.88,10,83.1,41,Cash,4.0,Delivered,DP079,69.79,711.19,443.95,267.24
ORD102035,CUST1534,REST001,Sweet Treats,2025-10-14,Mumbai,Biryani,3,1382.5,0,30.57,31,Cash,5.0,Delivered,DP207,0.0,1413.07,1056.84,356.23
ORD102036,CUST1425,REST081,Pizza Point,2025-02-19,Pune,Fast Food,1,1733.53,5,68.19,74,Wallet,3.0,Delivered,DP108,86.68,1715.04,1282.43,432.61
ORD102037,CUST1393,REST066,Curry Corner,2025-07-08,Chennai,North Indian,3,844.22,5,97.47,56,Debit Card,5.0,Delivered,DP116,42.21,899.48,471.55,427.93
ORD102038,CUST1671,REST029,Urban Tadka,2025-10-24,Ahmedabad,Biryani,5,733.86,5,59.45,61,Wallet,3.5,Cancelled,DP109,36.69,756.62,529.54,227.08
ORD102039,CUST1362,REST084,Spice Hub,2025-01-14,Kolkata,Biryani,3,869.21,25,30.93,62,Wallet,4.0,Delivered,DP247,217.3,682.84,673.27,9.57
ORD102040,CUST1436,REST070,Food Junction,2025-08-20,Ahmedabad,South Indian,2,838.66,10,42.26,37,Wallet,4.0,Delivered,DP226,83.87,797.05,522.55,274.5
ORD102041,CUST1669,REST008,Taste of India,2025-09-18,Mumbai,Biryani,4,1171.48,10,84.99,67,UPI,4.5,Delivered,DP178,117.15,1139.32,718.5,420.82
ORD102042,CUST1550,REST029,Sweet Treats,2025-07-11,Kolkata,Biryani,4,1353.37,10,44.89,59,Wallet,4.0,Delivered,DP143,135.34,1262.92,943.59,319.33
ORD102043,CUST1081,REST051,Dragon Bowl,2025-07-22,Hyderabad,Italian,3,1438.73,0,76.5,35,Wallet,5.0,Delivered,DP146,0.0,1515.23,827.74,687.49
ORD102044,CUST1355,REST033,Royal Kitchen,2025-09-18,Delhi,Desserts,3,1211.34,15,81.07,22,UPI,4.5,Delivered,DP077,181.7,1110.71,854.29,256.42
ORD102045,CUST1257,REST003,Spice Hub,2025-04-23,Ahmedabad,Italian,3,855.38,10,57.6,23,Wallet,4.5,Delivered,DP038,85.54,827.44,515.04,312.4
ORD102046,CUST1717,REST060,Food Junction,2025-12-18,Bengaluru,South Indian,3,1716.17,10,81.57,72,Cash,3.5,Delivered,DP136,171.62,1626.12,1122.12,504.0
ORD102047,CUST1588,REST035,Food Junction,2025-02-05,Kolkata,Indian,2,1314.51,5,41.94,47,Cash,4.0,Cancelled,DP080,65.73,1290.72,992.66,298.06
ORD102048,CUST1523,REST069,Taste of India,2025-03-20,Bengaluru,Chinese,5,836.79,20,58.87,72,Wallet,5.0,Cancelled,DP148,167.36,728.3,613.59,114.71
ORD102049,CUST1294,REST091,Food Junction,2025-10-02,Bengaluru,North Indian,2,870.26,25,73.36,18,UPI,4.0,Delivered,DP188,217.56,726.06,500.26,225.8
ORD102050,CUST1223,REST076,Dosa Express,2025-10-05,Hyderabad,North Indian,2,1494.21,0,29.29,73,Wallet,3.5,Delivered,DP026,0.0,1523.5,1083.48,440.02
ORD102051,CUST1524,REST084,Spice Hub,2025-06-11,Delhi,Desserts,2,860.11,0,38.26,32,Wallet,4.5,Delivered,DP163,0.0,898.37,554.51,343.86
ORD102052,CUST1045,REST020,Biryani House,2025-11-08,Chennai,Biryani,4,987.34,0,70.42,46,Credit Card,5.0,Delivered,DP121,0.0,1057.76,768.86,288.9
ORD102053,CUST1666,REST073,Sweet Treats,2025-01-17,Kolkata,Fast Food,2,609.81,0,70.71,44,Debit Card,4.5,Delivered,DP081,0.0,680.52,377.44,303.08
ORD102054,CUST1112,REST039,Sweet Treats,2025-07-23,Chennai,North Indian,3,1529.38,15,56.93,39,UPI,4.0,Delivered,DP154,229.41,1356.9,1006.7,350.2
ORD102055,CUST1232,REST004,Biryani House,2025-01-17,Ahmedabad,Italian,2,997.44,5,82.62,71,Debit Card,4.5,Delivered,DP018,49.87,1030.19,626.86,403.33
ORD102056,CUST1016,REST019,Spice Hub,2025-07-21,Delhi,Chinese,3,1048.26,0,55.97,47,Credit Card,5.0,Cancelled,DP172,0.0,1104.23,717.87,386.36
ORD102057,CUST1359,REST091,Urban Tadka,2025-07-29,Pune,Indian,5,1599.53,0,89.91,49,Debit Card,3.0,Delivered,DP135,0.0,1689.44,977.56,711.88
ORD102058,CUST1222,REST045,Dragon Bowl,2025-03-19,Delhi,Chinese,4,1666.47,0,77.55,56,Wallet,3.5,Delivered,DP236,0.0,1744.02,1266.37,477.65
ORD102059,CUST1865,REST043,Spice Hub,2025-02-25,Bengaluru,Biryani,5,1504.65,20,41.75,70,Cash,3.5,Delivered,DP035,300.93,1245.47,1041.08,204.39
ORD102060,CUST1699,REST013,The Food Factory,2025-03-21,Chennai,Desserts,5,229.82,5,48.6,48,UPI,3.5,Delivered,DP012,11.49,266.93,176.23,90.7
ORD102061,CUST1447,REST013,Food Junction,2025-11-02,Delhi,Chinese,4,865.1,0,71.75,64,UPI,4.0,Delivered,DP121,0.0,936.85,611.21,325.64
ORD102062,CUST1855,REST060,Curry Corner,2025-02-27,Chennai,Biryani,3,696.8,5,91.03,16,Wallet,4.0,Delivered,DP239,34.84,752.99,413.02,339.97
ORD102063,CUST1364,REST057,Taste of India,2025-01-18,Delhi,South Indian,3,478.7,0,30.19,27,Debit Card,4.5,Delivered,DP113,0.0,508.89,264.98,243.91
ORD102064,CUST1674,REST086,Dosa Express,2025-07-27,Mumbai,Italian,3,1647.04,25,58.75,67,UPI,4.0,Delivered,DP044,411.76,1294.03,1060.27,233.76
ORD102065,CUST1325,REST092,Curry Corner,2025-05-15,Ahmedabad,Italian,4,1615.32,25,25.1,55,Credit Card,4.0,Delivered,DP041,403.83,1236.59,1257.54,-20.95
ORD102066,CUST1466,REST052,Biryani House,2025-11-28,Kolkata,Biryani,2,901.7,0,38.75,37,Credit Card,5.0,Delivered,DP054,0.0,940.45,677.8,262.65
ORD102067,CUST1413,REST053,Taste of India,2025-01-10,Bengaluru,Fast Food,1,346.06,5,73.31,75,Debit Card,3.5,Delivered,DP129,17.3,402.07,257.73,144.34
ORD102068,CUST1454,REST086,Taste of India,2025-03-10,Delhi,Italian,2,142.45,5,21.61,37,Credit Card,4.0,Cancelled,DP025,7.12,156.94,96.98,59.96
ORD102069,CUST1585,REST043,Dragon Bowl,2025-12-07,Hyderabad,Desserts,2,856.62,15,71.3,45,Cash,4.0,Delivered,DP080,128.49,799.43,489.83,309.6
ORD102070,CUST1232,REST083,Taste of India,2025-03-24,Delhi,Fast Food,5,187.12,25,91.57,16,Wallet,4.5,Delivered,DP249,46.78,231.91,103.57,128.34
ORD102071,CUST1223,REST072,Sweet Treats,2025-04-19,Mumbai,Biryani,1,1144.05,20,97.4,16,UPI,4.5,Delivered,DP122,228.81,1012.64,849.9,162.74
ORD102072,CUST1830,REST072,Dosa Express,2025-02-13,Ahmedabad,South Indian,3,1142.13,5,33.41,19,Wallet,5.0,Delivered,DP015,57.11,1118.43,674.77,443.66
ORD102073,CUST1411,REST042,Sweet Treats,2025-05-12,Hyderabad,Biryani,2,1630.22,0,78.66,74,Debit Card,4.5,Delivered,DP075,0.0,1708.88,925.38,783.5
ORD102074,CUST1571,REST090,Food Junction,2025-01-18,Hyderabad,South Indian,4,439.28,15,93.74,28,Wallet,5.0,Delivered,DP101,65.89,467.13,313.31,153.82
ORD102075,CUST1334,REST026,The Food Factory,2025-04-03,Ahmedabad,North Indian,2,743.94,5,22.77,37,UPI,4.5,Delivered,DP231,37.2,729.51,409.37,320.14
ORD102076,CUST1221,REST023,Pizza Point,2025-10-21,Delhi,Italian,3,1564.04,5,50.19,69,UPI,3.5,Delivered,DP131,78.2,1536.03,1126.72,409.31
ORD102077,CUST1036,REST043,Dragon Bowl,2025-05-28,Mumbai,Desserts,2,916.82,15,93.15,71,Debit Card,4.0,Delivered,DP173,137.52,872.45,544.81,327.64
ORD102078,CUST1277,REST077,Dosa Express,2025-06-21,Hyderabad,Fast Food,5,220.34,0,32.24,49,UPI,4.5,Delivered,DP120,0.0,252.58,137.47,115.11
ORD102079,CUST1195,REST028,Curry Corner,2025-02-20,Kolkata,Desserts,5,306.12,5,94.37,60,Credit Card,5.0,Delivered,DP045,15.31,385.18,180.45,204.73
ORD102080,CUST1863,REST009,Royal Kitchen,2025-01-19,Bengaluru,Biryani,2,1486.6,10,59.81,15,Wallet,4.0,Delivered,DP179,148.66,1397.75,1083.35,314.4
ORD102081,CUST1483,REST020,Food Junction,2025-04-30,Pune,North Indian,5,1369.41,20,23.49,55,Cash,4.0,Delivered,DP170,273.88,1119.02,905.86,213.16
ORD102082,CUST1241,REST056,Spice Hub,2025-11-20,Bengaluru,Italian,4,1591.48,0,53.24,62,Cash,5.0,Delivered,DP167,0.0,1644.72,936.01,708.71
ORD102083,CUST1323,REST083,Biryani House,2025-08-13,Chennai,Desserts,1,319.69,5,42.73,63,Cash,3.5,Delivered,DP020,15.98,346.44,178.66,167.78
ORD102084,CUST1730,REST039,The Food Factory,2025-03-07,Chennai,North Indian,2,1397.5,0,38.99,54,Debit Card,4.5,Cancelled,DP245,0.0,1436.49,1085.78,350.71
ORD102085,CUST1191,REST051,Food Junction,2025-05-21,Mumbai,South Indian,4,1220.58,0,61.03,29,Cash,3.0,Cancelled,DP215,0.0,1281.61,871.87,409.74
ORD102086,CUST1016,REST012,Spice Hub,2025-07-08,Hyderabad,Biryani,4,510.25,0,56.11,44,Wallet,3.0,Delivered,DP207,0.0,566.36,360.44,205.92
ORD102087,CUST1523,REST079,The Food Factory,2025-06-07,Bengaluru,North Indian,4,1756.16,15,55.97,35,UPI,4.0,Delivered,DP146,263.42,1548.71,1168.98,379.73
ORD102088,CUST1400,REST095,Spice Hub,2025-04-08,Bengaluru,Desserts,3,1078.2,5,22.49,22,Credit Card,4.5,Delivered,DP116,53.91,1046.78,700.88,345.9
ORD102089,CUST1885,REST055,Dosa Express,2025-06-07,Pune,North Indian,2,1643.55,0,83.2,21,Cash,3.5,Delivered,DP167,0.0,1726.75,1204.84,521.91
ORD102090,CUST1704,REST078,Dragon Bowl,2025-09-03,Mumbai,South Indian,2,1563.28,10,55.92,55,Cash,4.5,Delivered,DP099,156.33,1462.87,1157.01,305.86
ORD102091,CUST1021,REST011,Royal Kitchen,2025-12-10,Kolkata,Chinese,2,679.65,0,84.78,48,Cash,3.5,Delivered,DP029,0.0,764.43,383.36,381.07
ORD102092,CUST1473,REST026,Spice Hub,2025-08-24,Hyderabad,Desserts,1,1020.41,0,85.09,71,Credit Card,4.5,Delivered,DP020,0.0,1105.5,762.93,342.57
ORD102093,CUST1119,REST042,The Food Factory,2025-02-02,Mumbai,South Indian,4,844.7,25,41.96,56,Wallet,4.0,Cancelled,DP170,211.18,675.48,612.54,62.94
ORD102094,CUST1209,REST027,Spice Hub,2025-12-27,Delhi,Chinese,2,1311.25,0,15.37,51,Cash,4.5,Delivered,DP079,0.0,1326.62,867.82,458.8
ORD102095,CUST1305,REST011,Royal Kitchen,2025-08-29,Bengaluru,Italian,5,1107.91,15,92.46,62,UPI,5.0,Delivered,DP096,166.19,1034.18,730.73,303.45
ORD102096,CUST1269,REST038,Curry Corner,2025-11-26,Mumbai,Biryani,3,1438.55,0,79.66,67,Debit Card,3.0,Delivered,DP012,0.0,1518.21,1067.41,450.8
ORD102097,CUST1703,REST098,Food Junction,2025-12-04,Mumbai,North Indian,1,139.74,25,24.12,46,Credit Card,3.5,Delivered,DP240,34.94,128.92,102.36,26.56
ORD102098,CUST1686,REST043,The Food Factory,2025-10-02,Pune,Italian,3,1275.49,0,74.65,47,Wallet,5.0,Delivered,DP056,0.0,1350.14,742.24,607.9
ORD102099,CUST1284,REST019,Curry Corner,2025-03-12,Kolkata,Indian,4,656.03,0,16.7,20,UPI,4.0,Delivered,DP115,0.0,672.73,443.68,229.05
ORD102100,CUST1715,REST064,Spice Hub,2025-11-09,Delhi,South Indian,5,496.69,0,17.36,56,Credit Card,4.0,Delivered,DP012,0.0,514.05,383.92,130.13
ORD102101,CUST1675,REST006,Spice Hub,2025-08-04,Chennai,Italian,4,1466.09,0,59.69,24,Credit Card,3.5,Delivered,DP217,0.0,1525.78,1054.35,471.43
ORD102102,CUST1762,REST046,Taste of India,2025-03-20,Bengaluru,Italian,2,269.89,0,23.16,40,Debit Card,5.0,Delivered,DP053,0.0,293.05,208.84,84.21
ORD102103,CUST1226,REST042,The Food Factory,2025-06-18,Pune,North Indian,3,503.81,20,96.97,72,Debit Card,5.0,Delivered,DP098,100.76,500.02,367.02,133.0
ORD102104,CUST1380,REST092,Dosa Express,2025-10-25,Kolkata,Chinese,5,462.27,10,90.98,65,Wallet,3.0,Cancelled,DP008,46.23,507.02,310.03,196.99
ORD102105,CUST1459,REST065,Spice Hub,2025-06-29,Kolkata,South Indian,3,825.31,0,70.23,59,Cash,4.5,Cancelled,DP058,0.0,895.54,568.74,326.8
ORD102106,CUST1006,REST099,Biryani House,2025-04-26,Mumbai,Chinese,1,661.53,20,20.42,40,Debit Card,5.0,Cancelled,DP024,132.31,549.64,471.78,77.86
ORD102107,CUST1028,REST072,Sweet Treats,2025-09-17,Bengaluru,Biryani,5,1330.39,20,42.61,33,Wallet,4.0,Delivered,DP109,266.08,1106.92,954.73,152.19
ORD102108,CUST1032,REST059,Pizza Point,2025-09-17,Ahmedabad,Italian,1,1294.94,0,46.6,49,Credit Card,4.0,Delivered,DP061,0.0,1341.54,934.87,406.67
ORD102109,CUST1645,REST052,Sweet Treats,2025-01-05,Chennai,South Indian,5,666.79,15,55.87,59,Cash,4.0,Delivered,DP129,100.02,622.64,509.4,113.24
ORD102110,CUST1878,REST047,Dosa Express,2025-10-24,Ahmedabad,Italian,2,854.13,0,29.36,18,UPI,3.0,Delivered,DP089,0.0,883.49,530.51,352.98
ORD102111,CUST1078,REST007,Food Junction,2025-04-18,Ahmedabad,Biryani,3,469.29,20,64.09,39,Credit Card,4.5,Cancelled,DP226,93.86,439.52,347.64,91.88
ORD102112,CUST1458,REST011,Dragon Bowl,2025-12-09,Ahmedabad,Fast Food,3,1247.0,20,52.04,75,Wallet,4.0,Delivered,DP078,249.4,1049.64,849.24,200.4
ORD102113,CUST1569,REST061,Urban Tadka,2025-12-26,Kolkata,Biryani,4,785.65,25,95.52,22,UPI,4.5,Delivered,DP228,196.41,684.76,592.09,92.67
ORD102114,CUST1537,REST068,Biryani House,2025-04-27,Mumbai,Chinese,5,343.15,15,94.58,26,Credit Card,4.0,Delivered,DP070,51.47,386.26,238.54,147.72
ORD102115,CUST1481,REST025,Urban Tadka,2025-12-23,Kolkata,Chinese,5,333.81,5,63.07,68,Debit Card,4.5,Delivered,DP173,16.69,380.19,255.39,124.8
ORD102116,CUST1429,REST012,Spice Hub,2025-11-27,Delhi,Desserts,1,661.5,15,69.77,38,Wallet,4.5,Delivered,DP137,99.22,632.05,428.34,203.71
ORD102117,CUST1737,REST026,Royal Kitchen,2025-11-27,Kolkata,Italian,5,1375.51,25,26.71,38,UPI,4.5,Cancelled,DP112,343.88,1058.34,787.94,270.4
ORD102118,CUST1284,REST012,Food Junction,2025-01-13,Bengaluru,Chinese,3,162.85,5,33.98,31,Debit Card,5.0,Delivered,DP129,8.14,188.69,113.72,74.97
ORD102119,CUST1515,REST043,Curry Corner,2025-05-22,Kolkata,South Indian,5,553.06,5,91.56,39,UPI,3.5,Cancelled,DP201,27.65,616.97,402.71,214.26
ORD102120,CUST1098,REST051,Spice Hub,2025-07-07,Kolkata,Biryani,4,392.98,15,74.43,47,Cash,4.5,Delivered,DP152,58.95,408.46,278.63,129.83
ORD102121,CUST1396,REST037,Urban Tadka,2025-10-08,Ahmedabad,Italian,4,1726.88,10,31.1,41,Cash,4.5,Delivered,DP060,172.69,1585.29,1237.73,347.56
ORD102122,CUST1488,REST046,Spice Hub,2025-04-25,Pune,Biryani,3,1304.87,15,63.47,16,Wallet,4.0,Delivered,DP231,195.73,1172.61,726.35,446.26
ORD102123,CUST1038,REST053,Pizza Point,2025-08-24,Delhi,Biryani,3,511.83,20,94.45,23,UPI,3.5,Delivered,DP210,102.37,503.91,395.1,108.81
ORD102124,CUST1270,REST088,Taste of India,2025-12-04,Chennai,Italian,3,468.53,0,44.34,69,Cash,4.0,Cancelled,DP176,0.0,512.87,286.16,226.71
ORD102125,CUST1886,REST080,Pizza Point,2025-01-10,Chennai,North Indian,5,1561.49,15,30.79,72,Credit Card,5.0,Delivered,DP167,234.22,1358.06,1007.46,350.6
ORD102126,CUST1796,REST013,Food Junction,2025-07-18,Bengaluru,Fast Food,5,439.58,10,95.07,47,Credit Card,4.5,Delivered,DP018,43.96,490.69,284.07,206.62
ORD102127,CUST1156,REST089,Royal Kitchen,2025-09-09,Chennai,Desserts,2,1795.06,15,54.21,33,Cash,4.5,Delivered,DP105,269.26,1580.01,1361.65,218.36
ORD102128,CUST1074,REST054,Curry Corner,2025-02-19,Hyderabad,North Indian,1,594.27,10,50.47,63,Cash,3.5,Delivered,DP092,59.43,585.31,428.51,156.8
ORD102129,CUST1883,REST057,Pizza Point,2025-05-22,Pune,Chinese,5,261.68,0,37.74,19,Wallet,5.0,Cancelled,DP052,0.0,299.42,181.25,118.17
ORD102130,CUST1799,REST004,The Food Factory,2025-09-28,Bengaluru,Indian,2,1280.78,0,90.78,61,Wallet,4.0,Cancelled,DP002,0.0,1371.56,739.77,631.79
ORD102131,CUST1129,REST075,Curry Corner,2025-01-16,Kolkata,Desserts,2,1144.2,10,86.88,34,Credit Card,4.5,Delivered,DP101,114.42,1116.66,714.43,402.23
ORD102132,CUST1686,REST096,Royal Kitchen,2025-01-02,Hyderabad,North Indian,4,1799.7,10,49.25,38,Debit Card,5.0,Delivered,DP233,179.97,1668.98,1193.39,475.59
ORD102133,CUST1083,REST049,Urban Tadka,2025-06-07,Chennai,Indian,5,1467.5,20,17.6,71,UPI,3.5,Delivered,DP164,293.5,1191.6,845.91,345.69
ORD102134,CUST1021,REST007,Pizza Point,2025-01-30,Kolkata,Indian,2,840.45,10,52.97,45,Debit Card,4.5,Delivered,DP048,84.04,809.38,572.68,236.7
ORD102135,CUST1458,REST011,Taste of India,2025-03-23,Bengaluru,Chinese,4,1256.71,0,30.37,58,Wallet,3.0,Delivered,DP117,0.0,1287.08,753.14,533.94
ORD102136,CUST1538,REST092,Curry Corner,2025-01-31,Ahmedabad,Fast Food,1,1493.99,5,27.13,18,Debit Card,3.5,Cancelled,DP088,74.7,1446.42,1105.0,341.42
ORD102137,CUST1706,REST054,Spice Hub,2025-08-24,Hyderabad,Biryani,4,983.06,10,48.41,46,Wallet,4.5,Delivered,DP035,98.31,933.16,728.11,205.05
ORD102138,CUST1848,REST087,Taste of India,2025-11-29,Chennai,Italian,1,578.42,25,23.42,61,Debit Card,3.5,Cancelled,DP198,144.6,457.24,397.81,59.43
ORD102139,CUST1381,REST045,Spice Hub,2025-05-28,Mumbai,Fast Food,3,472.98,0,96.38,49,Credit Card,4.0,Delivered,DP081,0.0,569.36,299.25,270.11
ORD102140,CUST1747,REST023,Royal Kitchen,2025-06-26,Mumbai,Indian,3,616.07,20,19.04,28,Wallet,4.0,Delivered,DP094,123.21,511.9,345.15,166.75
ORD102141,CUST1439,REST028,Pizza Point,2025-02-04,Delhi,Desserts,4,1544.76,25,49.12,50,Credit Card,4.0,Delivered,DP115,386.19,1207.69,1073.09,134.6
ORD102142,CUST1603,REST057,Biryani House,2025-01-23,Mumbai,South Indian,3,759.13,20,28.83,65,Debit Card,3.0,Delivered,DP072,151.83,636.13,554.51,81.62
ORD102143,CUST1020,REST026,Biryani House,2025-04-16,Ahmedabad,Chinese,5,601.6,0,73.55,20,Cash,4.5,Delivered,DP170,0.0,675.15,440.25,234.9
ORD102144,CUST1302,REST025,Urban Tadka,2025-04-07,Hyderabad,North Indian,4,1473.89,10,21.7,31,Cash,3.0,Delivered,DP202,147.39,1348.2,974.87,373.33
ORD102145,CUST1868,REST054,Taste of India,2025-08-18,Ahmedabad,Desserts,2,173.63,5,61.48,32,UPI,5.0,Delivered,DP080,8.68,226.43,101.1,125.33
ORD102146,CUST1083,REST029,Spice Hub,2025-08-15,Pune,Chinese,5,1117.85,0,80.71,22,Cash,4.5,Cancelled,DP038,0.0,1198.56,631.48,567.08
ORD102147,CUST1773,REST083,Dosa Express,2025-04-10,Mumbai,North Indian,4,1587.7,0,95.76,65,UPI,4.0,Delivered,DP154,0.0,1683.46,893.59,789.87
ORD102148,CUST1658,REST097,Taste of India,2025-02-24,Bengaluru,Italian,1,808.94,5,74.37,66,Debit Card,5.0,Delivered,DP031,40.45,842.86,491.33,351.53
ORD102149,CUST1452,REST036,The Food Factory,2025-07-14,Bengaluru,South Indian,3,572.45,0,23.46,26,UPI,3.5,Delivered,DP180,0.0,595.91,333.48,262.43
ORD102150,CUST1386,REST014,Urban Tadka,2025-01-08,Bengaluru,Biryani,3,946.07,5,22.52,31,UPI,4.0,Cancelled,DP188,47.3,921.29,557.08,364.21
ORD102151,CUST1506,REST078,Sweet Treats,2025-11-11,Mumbai,Fast Food,3,1325.36,15,77.19,45,UPI,3.5,Cancelled,DP008,198.8,1203.75,942.02,261.73
ORD102152,CUST1256,REST035,Sweet Treats,2025-05-08,Kolkata,South Indian,4,987.9,15,33.3,65,Credit Card,4.0,Delivered,DP189,148.18,873.02,584.13,288.89
ORD102153,CUST1569,REST030,Spice Hub,2025-02-01,Ahmedabad,Fast Food,5,132.83,15,53.02,15,UPI,5.0,Delivered,DP035,19.92,165.93,94.21,71.72
ORD102154,CUST1891,REST092,Biryani House,2025-04-03,Mumbai,Fast Food,1,251.59,0,98.01,25,Wallet,3.5,Cancelled,DP034,0.0,349.6,158.72,190.88
ORD102155,CUST1526,REST017,Curry Corner,2025-01-07,Delhi,Biryani,3,1331.83,15,84.69,56,Debit Card,5.0,Cancelled,DP138,199.77,1216.75,969.84,246.91
ORD102156,CUST1161,REST067,The Food Factory,2025-09-15,Pune,Biryani,5,791.92,0,86.96,30,Credit Card,4.5,Delivered,DP168,0.0,878.88,464.53,414.35
ORD102157,CUST1162,REST080,Sweet Treats,2025-12-07,Kolkata,North Indian,2,1438.42,0,88.17,51,Wallet,3.0,Cancelled,DP108,0.0,1526.59,798.86,727.73
ORD102158,CUST1831,REST030,Spice Hub,2025-08-08,Pune,Biryani,2,1211.14,15,67.66,63,Debit Card,5.0,Delivered,DP052,181.67,1097.13,690.98,406.15
ORD102159,CUST1792,REST093,Spice Hub,2025-08-28,Kolkata,Italian,1,1096.95,5,78.23,42,Credit Card,5.0,Cancelled,DP140,54.85,1120.33,847.08,273.25
ORD102160,CUST1791,REST045,Pizza Point,2025-04-16,Kolkata,Chinese,3,1634.31,5,45.51,23,Debit Card,5.0,Delivered,DP105,81.72,1598.1,1101.08,497.02
ORD102161,CUST1523,REST079,Biryani House,2025-02-05,Chennai,Indian,2,155.82,0,99.87,69,Cash,4.5,Cancelled,DP155,0.0,255.69,107.46,148.23
ORD102162,CUST1785,REST089,Taste of India,2025-02-14,Delhi,Biryani,5,380.46,5,38.77,73,Debit Card,4.0,Delivered,DP147,19.02,400.21,293.87,106.34
ORD102163,CUST1270,REST051,Curry Corner,2025-10-25,Hyderabad,Chinese,5,1168.95,25,65.15,22,Cash,4.0,Delivered,DP057,292.24,941.86,851.56,90.3
ORD102164,CUST1491,REST047,Pizza Point,2025-11-05,Bengaluru,North Indian,2,230.59,25,38.98,39,Cash,4.5,Delivered,DP218,57.65,211.92,132.8,79.12
ORD102165,CUST1207,REST053,Sweet Treats,2025-01-09,Mumbai,Biryani,3,1203.55,25,24.53,24,Debit Card,4.0,Cancelled,DP054,300.89,927.19,778.71,148.48
ORD102166,CUST1538,REST064,Curry Corner,2025-03-28,Chennai,Indian,1,1773.32,10,63.24,54,Cash,4.5,Cancelled,DP015,177.33,1659.23,1310.34,348.89
ORD102167,CUST1583,REST038,Urban Tadka,2025-11-27,Chennai,South Indian,3,1596.4,5,45.03,17,Credit Card,4.5,Delivered,DP223,79.82,1561.61,1122.19,439.42
ORD102168,CUST1059,REST064,Biryani House,2025-06-26,Kolkata,Desserts,4,1112.74,0,64.57,69,Cash,4.0,Delivered,DP110,0.0,1177.31,667.22,510.09
ORD102169,CUST1429,REST087,Sweet Treats,2025-05-10,Mumbai,Biryani,2,1621.88,20,62.49,37,UPI,4.0,Cancelled,DP165,324.38,1359.99,1192.59,167.4
ORD102170,CUST1656,REST089,Royal Kitchen,2025-07-14,Delhi,Chinese,4,315.33,5,61.09,37,Credit Card,5.0,Delivered,DP189,15.77,360.65,213.96,146.69
ORD102171,CUST1604,REST007,Spice Hub,2025-01-11,Chennai,North Indian,2,883.89,25,25.48,58,Credit Card,4.0,Delivered,DP146,220.97,688.4,646.4,42.0
ORD102172,CUST1308,REST022,Sweet Treats,2025-11-02,Pune,North Indian,1,840.18,0,52.42,70,Credit Card,4.0,Delivered,DP221,0.0,892.6,583.16,309.44
ORD102173,CUST1519,REST081,Dosa Express,2025-05-02,Delhi,Desserts,3,685.23,5,84.02,18,UPI,3.0,Delivered,DP044,34.26,734.99,449.83,285.16
ORD102174,CUST1590,REST082,Food Junction,2025-08-23,Mumbai,Italian,3,120.34,25,41.79,73,UPI,4.0,Delivered,DP091,30.08,132.05,86.35,45.7
ORD102175,CUST1026,REST041,Royal Kitchen,2025-11-27,Kolkata,North Indian,2,1616.93,0,52.73,68,UPI,4.0,Delivered,DP102,0.0,1669.66,1211.24,458.42
ORD102176,CUST1685,REST074,Food Junction,2025-01-31,Delhi,South Indian,5,1426.55,10,56.98,64,UPI,3.5,Delivered,DP128,142.66,1340.87,937.36,403.51
ORD102177,CUST1561,REST010,Sweet Treats,2025-12-14,Kolkata,North Indian,4,1216.8,15,88.33,37,UPI,3.0,Delivered,DP084,182.52,1122.61,677.58,445.03
ORD102178,CUST1198,REST057,Dosa Express,2025-08-12,Pune,North Indian,3,336.66,10,70.73,23,Wallet,4.5,Delivered,DP149,33.67,373.72,231.1,142.62
ORD102179,CUST1386,REST007,Sweet Treats,2025-06-02,Bengaluru,South Indian,3,755.38,0,23.52,67,Wallet,4.0,Delivered,DP029,0.0,778.9,431.15,347.75
ORD102180,CUST1348,REST050,Food Junction,2025-07-31,Kolkata,Desserts,2,1672.87,20,88.54,18,UPI,3.0,Delivered,DP107,334.57,1426.84,1044.94,381.9
ORD102181,CUST1692,REST091,Pizza Point,2025-04-02,Kolkata,Desserts,5,1156.44,10,85.73,48,Credit Card,5.0,Delivered,DP015,115.64,1126.53,782.27,344.26
ORD102182,CUST1535,REST052,Urban Tadka,2025-11-27,Ahmedabad,South Indian,4,1133.73,10,79.06,53,Cash,4.5,Delivered,DP086,113.37,1099.42,713.58,385.84
ORD102183,CUST1827,REST033,Food Junction,2025-12-14,Mumbai,Indian,5,1654.05,0,54.61,32,Cash,3.5,Delivered,DP087,0.0,1708.66,1016.6,692.06
ORD102184,CUST1377,REST001,Urban Tadka,2025-05-09,Pune,Chinese,5,1060.52,0,79.39,48,Wallet,5.0,Delivered,DP068,0.0,1139.91,588.19,551.72
ORD102185,CUST1898,REST053,Spice Hub,2025-07-16,Mumbai,Fast Food,2,1124.01,15,55.69,71,UPI,4.0,Delivered,DP088,168.6,1011.1,687.82,323.28
ORD102186,CUST1557,REST060,Urban Tadka,2025-02-11,Pune,North Indian,5,700.8,15,77.61,48,Debit Card,4.0,Delivered,DP064,105.12,673.29,447.46,225.83
ORD102187,CUST1526,REST034,Pizza Point,2025-08-16,Pune,Desserts,4,744.02,5,89.81,56,Cash,5.0,Cancelled,DP014,37.2,796.63,458.88,337.75
ORD102188,CUST1152,REST004,Dosa Express,2025-07-13,Chennai,Fast Food,1,1271.82,0,90.7,17,Cash,3.5,Delivered,DP165,0.0,1362.52,883.33,479.19
ORD102189,CUST1733,REST017,Urban Tadka,2025-01-18,Chennai,Fast Food,1,658.33,0,53.64,33,Credit Card,5.0,Delivered,DP247,0.0,711.97,462.9,249.07
ORD102190,CUST1205,REST004,Curry Corner,2025-11-29,Chennai,Italian,4,1059.3,10,88.04,48,Cash,5.0,Cancelled,DP054,105.93,1041.41,772.63,268.78
ORD102191,CUST1454,REST043,Taste of India,2025-08-31,Bengaluru,Biryani,2,589.05,10,23.62,40,Wallet,4.0,Delivered,DP059,58.9,553.77,349.16,204.61
ORD102192,CUST1272,REST090,Food Junction,2025-10-03,Bengaluru,North Indian,3,399.09,15,23.65,49,UPI,3.0,Delivered,DP128,59.86,362.88,276.31,86.57
ORD102193,CUST1893,REST004,Dosa Express,2025-05-07,Pune,Biryani,2,883.4,0,61.6,55,UPI,3.5,Delivered,DP187,0.0,945.0,573.25,371.75
ORD102194,CUST1235,REST001,The Food Factory,2025-03-16,Hyderabad,Biryani,4,485.31,25,70.41,57,Cash,3.5,Delivered,DP213,121.33,434.39,302.96,131.43
ORD102195,CUST1851,REST071,Dragon Bowl,2025-03-03,Mumbai,Italian,5,1629.47,0,28.0,45,Debit Card,5.0,Delivered,DP055,0.0,1657.47,1077.14,580.33
ORD102196,CUST1739,REST094,Spice Hub,2025-10-15,Chennai,Fast Food,1,630.07,15,55.14,57,Wallet,4.0,Delivered,DP171,94.51,590.7,416.29,174.41
ORD102197,CUST1520,REST050,Taste of India,2025-07-05,Mumbai,South Indian,5,1123.64,25,23.02,41,Cash,3.0,Delivered,DP180,280.91,865.75,783.24,82.51
ORD102198,CUST1677,REST073,Curry Corner,2025-06-27,Kolkata,Biryani,2,562.58,0,66.18,17,Wallet,4.5,Delivered,DP039,0.0,628.76,381.78,246.98
ORD102199,CUST1830,REST061,Biryani House,2025-06-15,Pune,Desserts,4,553.47,0,87.68,51,Debit Card,4.0,Cancelled,DP077,0.0,641.15,384.77,256.38
ORD102200,CUST1725,REST035,Pizza Point,2025-07-02,Delhi,South Indian,1,709.07,10,77.7,26,Wallet,4.0,Delivered,DP147,70.91,715.86,549.89,165.97
ORD102201,CUST1500,REST008,Sweet Treats,2025-01-28,Pune,South Indian,4,1658.67,10,47.15,61,Wallet,3.5,Delivered,DP184,165.87,1539.95,1221.46,318.49
ORD102202,CUST1116,REST024,Taste of India,2025-11-26,Bengaluru,Italian,1,777.72,15,99.47,37,Wallet,4.5,Delivered,DP218,116.66,760.53,479.99,280.54
ORD102203,CUST1385,REST083,Dosa Express,2025-09-04,Hyderabad,Desserts,1,1499.73,0,71.35,31,UPI,3.0,Delivered,DP164,0.0,1571.08,1008.87,562.21
ORD102204,CUST1343,REST036,Dosa Express,2025-12-03,Delhi,Italian,1,451.46,10,84.3,30,Debit Card,4.0,Cancelled,DP180,45.15,490.61,272.12,218.49
ORD102205,CUST1583,REST050,Dosa Express,2025-01-22,Mumbai,Chinese,2,200.92,25,71.92,31,UPI,3.5,Delivered,DP044,50.23,222.61,134.48,88.13
ORD102206,CUST1394,REST043,Spice Hub,2025-04-06,Bengaluru,North Indian,4,1433.22,0,99.1,29,Credit Card,4.5,Cancelled,DP046,0.0,1532.32,1023.0,509.32
ORD102207,CUST1063,REST027,Urban Tadka,2025-05-02,Chennai,Biryani,3,1030.35,15,84.82,40,Cash,4.0,Cancelled,DP097,154.55,960.62,582.28,378.34
ORD102208,CUST1716,REST032,Food Junction,2025-09-07,Delhi,Fast Food,3,966.26,25,59.15,59,UPI,3.0,Cancelled,DP168,241.56,783.85,561.98,221.87
ORD102209,CUST1720,REST078,Biryani House,2025-11-04,Bengaluru,Indian,3,577.31,25,46.18,16,Wallet,4.0,Delivered,DP080,144.33,479.16,318.49,160.67
ORD102210,CUST1071,REST018,Sweet Treats,2025-11-30,Mumbai,Desserts,4,241.49,5,72.98,31,Credit Card,4.5,Cancelled,DP181,12.07,302.4,153.85,148.55
ORD102211,CUST1788,REST028,Dosa Express,2025-11-22,Pune,Italian,5,931.2,0,65.17,15,Debit Card,4.0,Delivered,DP185,0.0,996.37,676.5,319.87
ORD102212,CUST1273,REST029,Sweet Treats,2025-05-17,Mumbai,South Indian,4,1576.94,20,68.49,44,Debit Card,4.5,Delivered,DP147,315.39,1330.04,1030.35,299.69
ORD102213,CUST1319,REST016,The Food Factory,2025-10-04,Delhi,Chinese,1,321.64,0,44.16,46,UPI,4.0,Delivered,DP229,0.0,365.8,219.13,146.67
ORD102214,CUST1337,REST099,Spice Hub,2025-11-16,Ahmedabad,Indian,5,1681.01,15,51.44,44,Wallet,4.5,Delivered,DP206,252.15,1480.3,1152.62,327.68
ORD102215,CUST1365,REST047,Royal Kitchen,2025-11-28,Delhi,Italian,1,581.54,20,62.44,56,Wallet,4.5,Delivered,DP044,116.31,527.67,331.82,195.85
ORD102216,CUST1494,REST059,Dosa Express,2025-03-02,Pune,Chinese,1,1014.07,5,86.34,18,Debit Card,5.0,Delivered,DP236,50.7,1049.71,598.43,451.28
ORD102217,CUST1606,REST031,The Food Factory,2025-09-07,Delhi,South Indian,4,231.73,10,79.85,56,Wallet,4.5,Cancelled,DP094,23.17,288.41,176.23,112.18
ORD102218,CUST1165,REST004,Biryani House,2025-04-05,Hyderabad,Biryani,3,834.08,0,25.09,58,Cash,3.5,Cancelled,DP223,0.0,859.17,546.74,312.43
ORD102219,CUST1543,REST037,Biryani House,2025-10-23,Chennai,North Indian,5,331.51,15,35.87,46,UPI,5.0,Cancelled,DP148,49.73,317.65,214.25,103.4
ORD102220,CUST1010,REST017,Food Junction,2025-07-03,Bengaluru,North Indian,2,200.6,0,17.27,74,UPI,4.5,Delivered,DP044,0.0,217.87,144.98,72.89
ORD102221,CUST1300,REST039,Curry Corner,2025-09-17,Pune,Chinese,3,1743.82,5,15.68,49,Wallet,5.0,Cancelled,DP171,87.19,1672.31,977.23,695.08
ORD102222,CUST1728,REST048,Food Junction,2025-10-14,Mumbai,Italian,2,1346.56,20,34.07,15,Debit Card,3.5,Delivered,DP111,269.31,1111.32,1001.01,110.31
ORD102223,CUST1800,REST046,Urban Tadka,2025-06-04,Mumbai,North Indian,4,1328.02,5,82.94,33,Cash,4.5,Cancelled,DP007,66.4,1344.56,935.19,409.37
ORD102224,CUST1101,REST090,Sweet Treats,2025-07-05,Chennai,North Indian,5,272.12,0,91.9,47,Cash,4.5,Delivered,DP042,0.0,364.02,158.74,205.28
ORD102225,CUST1424,REST048,Pizza Point,2025-03-10,Delhi,Biryani,4,1681.31,0,48.3,33,Cash,4.5,Cancelled,DP062,0.0,1729.61,949.83,779.78
ORD102226,CUST1391,REST039,Biryani House,2025-11-22,Delhi,South Indian,2,908.71,0,62.87,50,Credit Card,5.0,Delivered,DP229,0.0,971.58,500.39,471.19
ORD102227,CUST1778,REST004,Pizza Point,2025-09-18,Mumbai,Fast Food,1,1551.84,5,75.01,41,Wallet,4.5,Delivered,DP239,77.59,1549.26,958.5,590.76
ORD102228,CUST1213,REST030,Spice Hub,2025-04-25,Chennai,North Indian,4,141.17,20,96.0,27,Cash,4.5,Delivered,DP002,28.23,208.94,88.19,120.75
ORD102229,CUST1690,REST030,Taste of India,2025-12-13,Mumbai,Chinese,5,620.99,0,92.6,41,Wallet,4.0,Delivered,DP214,0.0,713.59,366.8,346.79
ORD102230,CUST1087,REST022,Dosa Express,2025-01-08,Delhi,Indian,4,1793.36,25,19.86,60,Debit Card,4.0,Delivered,DP077,448.34,1364.88,1104.76,260.12
ORD102231,CUST1552,REST075,Spice Hub,2025-09-22,Pune,Desserts,3,838.77,10,36.09,28,Debit Card,4.0,Delivered,DP046,83.88,790.98,569.75,221.23
ORD102232,CUST1400,REST066,Dragon Bowl,2025-09-28,Bengaluru,South Indian,4,1612.67,5,19.18,38,Debit Card,3.0,Delivered,DP244,80.63,1551.22,928.83,622.39
ORD102233,CUST1587,REST012,Biryani House,2025-09-06,Delhi,Biryani,2,671.04,0,67.41,49,Credit Card,4.0,Delivered,DP038,0.0,738.45,400.12,338.33
ORD102234,CUST1888,REST094,The Food Factory,2025-04-15,Pune,South Indian,4,1002.55,0,75.39,33,Debit Card,3.5,Delivered,DP095,0.0,1077.94,680.99,396.95
ORD102235,CUST1045,REST036,Sweet Treats,2025-09-20,Bengaluru,Biryani,5,1555.09,0,41.2,75,Wallet,4.0,Delivered,DP129,0.0,1596.29,1107.27,489.02
ORD102236,CUST1671,REST018,Pizza Point,2025-08-12,Kolkata,South Indian,4,1137.78,0,87.58,39,UPI,4.0,Cancelled,DP175,0.0,1225.36,869.48,355.88
ORD102237,CUST1462,REST090,Food Junction,2025-11-24,Hyderabad,Desserts,4,1338.32,5,53.49,25,UPI,4.5,Delivered,DP107,66.92,1324.89,893.23,431.66
ORD102238,CUST1591,REST053,Taste of India,2025-09-28,Chennai,Fast Food,5,504.44,0,99.86,23,Wallet,4.5,Delivered,DP141,0.0,604.3,290.58,313.72
ORD102239,CUST1309,REST071,Curry Corner,2025-06-14,Pune,Chinese,4,381.9,5,15.03,20,UPI,4.0,Delivered,DP060,19.1,377.83,262.0,115.83
ORD102240,CUST1085,REST001,Spice Hub,2025-03-24,Hyderabad,Indian,5,506.91,0,24.31,72,Cash,4.0,Delivered,DP209,0.0,531.22,394.85,136.37
ORD102241,CUST1091,REST058,Curry Corner,2025-10-22,Delhi,North Indian,2,948.32,10,40.65,50,UPI,5.0,Delivered,DP192,94.83,894.14,714.18,179.96
ORD102242,CUST1659,REST090,Royal Kitchen,2025-05-14,Kolkata,Fast Food,5,1465.62,10,17.17,72,Credit Card,3.5,Delivered,DP196,146.56,1336.23,1069.08,267.15
ORD102243,CUST1672,REST087,Dragon Bowl,2025-07-30,Chennai,Chinese,2,714.71,10,81.5,51,Debit Card,5.0,Delivered,DP055,71.47,724.74,513.85,210.89
ORD102244,CUST1713,REST090,Pizza Point,2025-11-09,Pune,Indian,2,1068.89,0,19.49,43,UPI,4.0,Delivered,DP107,0.0,1088.38,773.64,314.74
ORD102245,CUST1241,REST006,Pizza Point,2025-04-02,Kolkata,South Indian,5,1472.08,0,78.66,23,UPI,3.5,Delivered,DP031,0.0,1550.74,840.36,710.38
ORD102246,CUST1864,REST070,Dosa Express,2025-12-03,Ahmedabad,Desserts,4,521.14,0,19.47,47,Credit Card,4.0,Delivered,DP247,0.0,540.61,348.98,191.63
ORD102247,CUST1001,REST044,The Food Factory,2025-05-07,Delhi,North Indian,3,1603.4,5,36.48,37,Credit Card,3.0,Cancelled,DP097,80.17,1559.71,1136.17,423.54
ORD102248,CUST1224,REST072,Royal Kitchen,2025-07-10,Chennai,Indian,5,1721.18,10,86.51,29,UPI,3.5,Cancelled,DP142,172.12,1635.57,975.44,660.13
ORD102249,CUST1800,REST024,The Food Factory,2025-06-08,Ahmedabad,Italian,4,185.47,5,95.84,25,Cash,4.0,Delivered,DP213,9.27,272.04,141.03,131.01
ORD102250,CUST1744,REST086,Urban Tadka,2025-11-27,Chennai,Indian,2,219.31,0,50.23,37,UPI,4.5,Delivered,DP086,0.0,269.54,127.06,142.48
ORD102251,CUST1588,REST019,Food Junction,2025-12-01,Delhi,Chinese,1,272.81,15,97.44,40,Cash,3.5,Cancelled,DP133,40.92,329.33,155.58,173.75
ORD102252,CUST1115,REST018,Biryani House,2025-01-10,Delhi,Fast Food,3,1424.97,15,68.28,15,Debit Card,4.5,Delivered,DP119,213.75,1279.5,824.19,455.31
ORD102253,CUST1665,REST095,Biryani House,2025-04-17,Kolkata,North Indian,4,438.09,25,50.35,44,Wallet,5.0,Delivered,DP182,109.52,378.92,283.6,95.32
ORD102254,CUST1102,REST030,Pizza Point,2025-03-28,Kolkata,Fast Food,3,1339.17,0,83.24,31,Debit Card,4.5,Delivered,DP181,0.0,1422.41,903.85,518.56
ORD102255,CUST1193,REST042,Spice Hub,2025-03-08,Pune,North Indian,1,861.34,0,40.1,61,UPI,4.0,Delivered,DP165,0.0,901.44,492.51,408.93
ORD102256,CUST1165,REST033,Sweet Treats,2025-03-03,Chennai,Italian,1,1524.91,20,37.59,60,UPI,3.5,Delivered,DP096,304.98,1257.52,1114.37,143.15
ORD102257,CUST1870,REST074,Biryani House,2025-05-26,Pune,Chinese,1,1478.37,5,70.81,55,Cash,3.0,Delivered,DP185,73.92,1475.26,881.16,594.1
ORD102258,CUST1089,REST012,Dragon Bowl,2025-06-02,Kolkata,Desserts,5,1732.23,0,48.19,37,Credit Card,4.5,Delivered,DP003,0.0,1780.42,1176.02,604.4
ORD102259,CUST1685,REST094,Royal Kitchen,2025-04-17,Chennai,Desserts,3,541.74,0,26.55,50,Cash,4.5,Delivered,DP233,0.0,568.29,359.15,209.14
ORD102260,CUST1121,REST027,Dragon Bowl,2025-05-28,Pune,Indian,5,505.12,15,20.69,55,Credit Card,4.0,Delivered,DP205,75.77,450.04,383.03,67.01
ORD102261,CUST1142,REST039,Dragon Bowl,2025-07-05,Delhi,Italian,1,172.93,10,81.97,74,Credit Card,3.5,Delivered,DP139,17.29,237.61,130.64,106.97
ORD102262,CUST1105,REST009,Biryani House,2025-12-15,Delhi,South Indian,4,809.5,10,72.45,19,Credit Card,4.0,Delivered,DP242,80.95,801.0,489.61,311.39
ORD102263,CUST1886,REST021,Spice Hub,2025-12-08,Ahmedabad,Biryani,1,891.23,20,50.0,49,Credit Card,5.0,Cancelled,DP042,178.25,762.98,600.54,162.44
ORD102264,CUST1427,REST076,Food Junction,2025-06-27,Mumbai,South Indian,5,1740.38,0,91.18,64,UPI,4.0,Delivered,DP183,0.0,1831.56,1351.65,479.91
ORD102265,CUST1304,REST029,Taste of India,2025-12-01,Kolkata,Chinese,1,1515.72,0,49.92,23,Wallet,5.0,Delivered,DP166,0.0,1565.64,949.33,616.31
ORD102266,CUST1871,REST033,The Food Factory,2025-09-23,Pune,Italian,1,400.21,20,75.38,18,Wallet,5.0,Delivered,DP152,80.04,395.55,226.9,168.65
ORD102267,CUST1316,REST062,Dosa Express,2025-05-29,Mumbai,Fast Food,5,1461.46,0,92.27,21,Debit Card,5.0,Cancelled,DP137,0.0,1553.73,1045.16,508.57
ORD102268,CUST1634,REST015,Dosa Express,2025-09-04,Mumbai,Italian,5,419.54,25,86.46,15,Debit Card,4.0,Delivered,DP141,104.88,401.12,279.3,121.82
ORD102269,CUST1008,REST002,Dosa Express,2025-09-11,Hyderabad,Biryani,4,250.65,25,58.44,30,Debit Card,4.0,Delivered,DP086,62.66,246.43,192.03,54.4
ORD102270,CUST1773,REST052,Dragon Bowl,2025-01-29,Chennai,Desserts,5,1526.3,15,72.85,71,Cash,4.0,Delivered,DP146,228.94,1370.21,1041.39,328.82
ORD102271,CUST1072,REST044,Spice Hub,2025-12-18,Bengaluru,Chinese,4,1759.61,0,50.16,74,Debit Card,5.0,Delivered,DP010,0.0,1809.77,1174.79,634.98
ORD102272,CUST1358,REST054,Royal Kitchen,2025-09-23,Hyderabad,Italian,2,268.04,0,70.01,39,Debit Card,4.0,Cancelled,DP239,0.0,338.05,203.82,134.23
ORD102273,CUST1222,REST018,Dosa Express,2025-01-13,Kolkata,North Indian,2,1487.39,15,36.89,72,Debit Card,4.5,Delivered,DP140,223.11,1301.17,948.19,352.98
ORD102274,CUST1415,REST003,Pizza Point,2025-02-16,Ahmedabad,South Indian,5,1563.48,25,51.95,20,UPI,5.0,Delivered,DP244,390.87,1224.56,1074.76,149.8
ORD102275,CUST1552,REST007,Urban Tadka,2025-05-31,Chennai,Indian,1,319.51,5,32.81,52,Debit Card,5.0,Cancelled,DP222,15.98,336.34,237.88,98.46
ORD102276,CUST1369,REST043,Dragon Bowl,2025-02-19,Bengaluru,South Indian,3,595.87,0,18.25,28,Wallet,4.5,Delivered,DP047,0.0,614.12,409.63,204.49
ORD102277,CUST1715,REST082,Spice Hub,2025-08-03,Mumbai,Chinese,1,1352.55,20,65.03,68,UPI,3.5,Delivered,DP238,270.51,1147.07,836.54,310.53
ORD102278,CUST1263,REST038,Spice Hub,2025-05-12,Ahmedabad,Desserts,5,1476.99,5,88.48,51,Credit Card,3.5,Delivered,DP211,73.85,1491.62,1002.01,489.61
ORD102279,CUST1839,REST037,Royal Kitchen,2025-04-23,Bengaluru,Italian,4,714.68,10,17.17,25,Cash,4.5,Delivered,DP083,71.47,660.38,464.09,196.29
ORD102280,CUST1689,REST058,The Food Factory,2025-09-09,Delhi,Desserts,1,388.68,10,31.66,15,UPI,5.0,Delivered,DP117,38.87,381.47,301.8,79.67
ORD102281,CUST1859,REST033,Dosa Express,2025-12-07,Kolkata,South Indian,2,1209.22,0,54.12,66,UPI,5.0,Cancelled,DP010,0.0,1263.34,679.24,584.1
ORD102282,CUST1317,REST059,Curry Corner,2025-02-22,Ahmedabad,Italian,5,1299.31,0,71.6,56,Wallet,3.5,Delivered,DP129,0.0,1370.91,944.12,426.79
ORD102283,CUST1083,REST095,Taste of India,2025-05-10,Delhi,South Indian,1,966.06,0,29.55,15,Debit Card,4.0,Delivered,DP185,0.0,995.61,536.67,458.94
ORD102284,CUST1317,REST011,Dragon Bowl,2025-11-20,Pune,Chinese,1,363.5,0,19.82,67,Credit Card,4.5,Delivered,DP244,0.0,383.32,250.42,132.9
ORD102285,CUST1110,REST068,Urban Tadka,2025-07-12,Ahmedabad,Fast Food,4,1538.74,20,59.12,75,Wallet,4.0,Delivered,DP071,307.75,1290.11,998.82,291.29
ORD102286,CUST1250,REST082,Spice Hub,2025-03-20,Ahmedabad,Desserts,4,1204.05,10,84.59,50,Wallet,3.5,Cancelled,DP119,120.4,1168.24,914.36,253.88
ORD102287,CUST1382,REST068,Urban Tadka,2025-02-26,Chennai,Desserts,4,1580.2,25,17.99,22,UPI,4.0,Delivered,DP119,395.05,1203.14,1065.13,138.01
ORD102288,CUST1006,REST098,Spice Hub,2025-04-07,Hyderabad,South Indian,3,1687.39,25,44.7,46,Credit Card,5.0,Delivered,DP139,421.85,1310.24,1249.15,61.09
ORD102289,CUST1458,REST093,Food Junction,2025-07-17,Kolkata,Indian,5,1473.57,0,71.4,47,Wallet,5.0,Cancelled,DP181,0.0,1544.97,1038.27,506.7
ORD102290,CUST1083,REST088,The Food Factory,2025-05-15,Mumbai,South Indian,5,1730.54,0,26.11,22,Cash,4.5,Delivered,DP127,0.0,1756.65,1129.74,626.91
ORD102291,CUST1207,REST022,Pizza Point,2025-05-27,Kolkata,Chinese,2,1723.15,20,35.06,28,Cash,4.5,Cancelled,DP004,344.63,1413.58,1081.58,332.0
ORD102292,CUST1899,REST066,Food Junction,2025-06-21,Chennai,South Indian,2,1160.5,25,60.52,38,Wallet,4.0,Cancelled,DP228,290.12,930.9,669.51,261.39
ORD102293,CUST1389,REST044,Sweet Treats,2025-03-04,Ahmedabad,Indian,5,1343.33,0,96.02,63,UPI,4.5,Delivered,DP189,0.0,1439.35,743.01,696.34
ORD102294,CUST1313,REST006,Dosa Express,2025-03-06,Mumbai,North Indian,1,1295.01,10,39.42,55,Cash,3.0,Delivered,DP213,129.5,1204.93,712.67,492.26
ORD102295,CUST1021,REST042,Sweet Treats,2025-10-22,Delhi,Indian,5,1163.51,10,56.44,43,UPI,4.0,Cancelled,DP086,116.35,1103.6,700.38,403.22
ORD102296,CUST1409,REST025,Taste of India,2025-07-30,Kolkata,Chinese,3,152.52,0,48.99,39,Debit Card,3.0,Delivered,DP010,0.0,201.51,103.56,97.95
ORD102297,CUST1894,REST057,Curry Corner,2025-04-19,Hyderabad,Italian,2,717.92,20,91.28,20,Debit Card,4.0,Delivered,DP215,143.58,665.62,555.93,109.69
ORD102298,CUST1514,REST085,Pizza Point,2025-10-09,Hyderabad,South Indian,2,288.13,0,21.11,15,UPI,5.0,Cancelled,DP133,0.0,309.24,205.21,104.03
ORD102299,CUST1126,REST055,Food Junction,2025-06-21,Delhi,Fast Food,2,624.44,20,63.12,69,Wallet,5.0,Delivered,DP189,124.89,562.67,353.59,209.08
ORD102300,CUST1808,REST016,Urban Tadka,2025-01-12,Bengaluru,Indian,5,235.19,0,86.92,37,Debit Card,4.5,Delivered,DP240,0.0,322.11,164.26,157.85
ORD102301,CUST1699,REST095,Urban Tadka,2025-11-29,Hyderabad,North Indian,2,1665.65,10,98.99,55,Debit Card,4.5,Delivered,DP124,166.56,1598.08,1102.1,495.98
ORD102302,CUST1873,REST014,Taste of India,2025-08-08,Bengaluru,Indian,2,878.23,10,74.39,47,Cash,4.0,Cancelled,DP076,87.82,864.8,611.53,253.27
ORD102303,CUST1013,REST039,Spice Hub,2025-12-08,Mumbai,South Indian,5,438.13,0,47.29,28,Wallet,4.5,Delivered,DP249,0.0,485.42,303.77,181.65
ORD102304,CUST1011,REST028,Urban Tadka,2025-10-13,Hyderabad,Italian,1,1102.43,25,50.01,70,UPI,4.5,Delivered,DP158,275.61,876.83,642.84,233.99
ORD102305,CUST1086,REST096,Dosa Express,2025-06-21,Pune,Desserts,2,450.04,25,44.89,42,Debit Card,4.5,Delivered,DP057,112.51,382.42,342.69,39.73
ORD102306,CUST1523,REST092,Curry Corner,2025-08-24,Ahmedabad,South Indian,2,1471.46,20,66.31,43,Wallet,3.5,Delivered,DP161,294.29,1243.48,996.98,246.5
ORD102307,CUST1536,REST051,The Food Factory,2025-06-15,Delhi,Desserts,2,633.94,10,77.85,57,Debit Card,4.5,Delivered,DP165,63.39,648.4,450.84,197.56
ORD102308,CUST1300,REST049,Dosa Express,2025-07-06,Ahmedabad,North Indian,3,649.03,20,84.65,54,Cash,4.0,Cancelled,DP082,129.81,603.87,414.75,189.12
ORD102309,CUST1242,REST009,Curry Corner,2025-06-19,Ahmedabad,North Indian,5,1581.52,20,50.41,37,Wallet,3.5,Delivered,DP196,316.3,1315.63,914.32,401.31
ORD102310,CUST1121,REST058,Dragon Bowl,2025-02-21,Kolkata,Chinese,2,1059.46,5,75.92,58,Credit Card,4.0,Cancelled,DP219,52.97,1082.41,751.07,331.34
ORD102311,CUST1146,REST045,Taste of India,2025-11-15,Bengaluru,Fast Food,3,1610.67,5,92.88,52,Cash,3.0,Cancelled,DP239,80.53,1623.02,1235.02,388.0
ORD102312,CUST1566,REST022,Dosa Express,2025-07-08,Pune,South Indian,1,813.65,0,93.27,63,UPI,4.5,Delivered,DP023,0.0,906.92,556.26,350.66
ORD102313,CUST1749,REST032,The Food Factory,2025-04-30,Mumbai,Indian,1,697.8,25,74.84,57,Wallet,4.5,Delivered,DP250,174.45,598.19,415.67,182.52
ORD102314,CUST1355,REST069,The Food Factory,2025-04-15,Mumbai,Indian,3,970.42,20,69.14,24,Debit Card,4.0,Cancelled,DP070,194.08,845.48,672.84,172.64
ORD102315,CUST1684,REST087,Dragon Bowl,2025-06-11,Hyderabad,Chinese,1,223.31,0,60.18,41,Wallet,5.0,Delivered,DP007,0.0,283.49,144.85,138.64
ORD102316,CUST1732,REST069,Biryani House,2025-10-22,Hyderabad,Italian,4,379.06,0,30.57,22,UPI,5.0,Delivered,DP019,0.0,409.63,243.27,166.36
ORD102317,CUST1630,REST042,Royal Kitchen,2025-02-10,Pune,South Indian,1,488.8,0,25.51,58,Wallet,3.5,Cancelled,DP238,0.0,514.31,371.54,142.77
ORD102318,CUST1308,REST053,Spice Hub,2025-12-30,Chennai,Biryani,4,1492.02,5,56.29,67,Debit Card,4.5,Cancelled,DP143,74.6,1473.71,1073.55,400.16
ORD102319,CUST1694,REST096,Taste of India,2025-06-14,Chennai,Italian,3,1352.78,5,28.55,18,Cash,4.0,Delivered,DP117,67.64,1313.69,902.33,411.36
ORD102320,CUST1287,REST059,Dragon Bowl,2025-11-17,Hyderabad,Indian,4,444.76,10,64.04,35,Cash,4.5,Delivered,DP240,44.48,464.32,287.33,176.99
ORD102321,CUST1306,REST074,Dosa Express,2025-12-01,Chennai,North Indian,1,584.94,5,69.88,35,Debit Card,5.0,Cancelled,DP086,29.25,625.57,354.4,271.17
ORD102322,CUST1811,REST039,Pizza Point,2025-06-09,Delhi,South Indian,2,1706.36,10,59.68,44,Credit Card,3.5,Delivered,DP160,170.64,1595.4,1073.29,522.11
ORD102323,CUST1593,REST015,Pizza Point,2025-09-21,Pune,North Indian,4,264.15,20,18.1,27,Credit Card,4.5,Cancelled,DP079,52.83,229.42,178.13,51.29
ORD102324,CUST1722,REST071,Taste of India,2025-12-19,Delhi,Indian,1,1039.72,0,19.91,72,Cash,5.0,Delivered,DP059,0.0,1059.63,583.41,476.22
ORD102325,CUST1661,REST029,Royal Kitchen,2025-01-18,Chennai,Fast Food,2,996.97,0,24.63,17,UPI,4.0,Delivered,DP070,0.0,1021.6,630.31,391.29
ORD102326,CUST1548,REST003,Dosa Express,2025-06-22,Hyderabad,Italian,3,1339.19,0,28.06,34,Wallet,3.5,Delivered,DP198,0.0,1367.25,888.74,478.51
ORD102327,CUST1351,REST083,Food Junction,2025-12-18,Ahmedabad,Biryani,3,559.21,20,99.14,50,Debit Card,3.0,Delivered,DP249,111.84,546.51,385.8,160.71
ORD102328,CUST1311,REST010,Food Junction,2025-02-02,Ahmedabad,Fast Food,5,1690.42,10,44.28,54,UPI,3.5,Delivered,DP006,169.04,1565.66,1218.65,347.01
ORD102329,CUST1872,REST092,Spice Hub,2025-09-18,Delhi,Biryani,3,809.78,15,39.82,19,Wallet,3.0,Delivered,DP076,121.47,728.13,447.96,280.17
ORD102330,CUST1058,REST029,Dosa Express,2025-07-29,Mumbai,Fast Food,5,600.01,20,19.44,36,Cash,4.0,Delivered,DP194,120.0,499.45,370.69,128.76
ORD102331,CUST1642,REST079,The Food Factory,2025-11-26,Kolkata,Italian,3,685.94,10,69.0,72,Debit Card,4.0,Delivered,DP217,68.59,686.35,418.44,267.91
ORD102332,CUST1713,REST035,Urban Tadka,2025-06-13,Ahmedabad,Indian,3,705.85,20,70.44,16,UPI,3.5,Cancelled,DP132,141.17,635.12,472.84,162.28
ORD102333,CUST1754,REST006,Pizza Point,2025-01-05,Ahmedabad,Biryani,3,454.2,0,29.91,39,Wallet,4.5,Delivered,DP119,0.0,484.11,298.49,185.62
ORD102334,CUST1034,REST012,Royal Kitchen,2025-02-03,Hyderabad,Desserts,5,1679.13,20,93.14,54,Cash,5.0,Delivered,DP070,335.83,1436.44,954.38,482.06
ORD102335,CUST1444,REST038,Dosa Express,2025-10-07,Pune,Italian,5,413.79,20,83.04,38,Cash,5.0,Delivered,DP185,82.76,414.07,300.04,114.03
ORD102336,CUST1092,REST077,Dosa Express,2025-05-25,Bengaluru,Biryani,4,1603.16,5,34.58,72,Wallet,4.0,Delivered,DP234,80.16,1557.58,1135.15,422.43
ORD102337,CUST1206,REST093,Urban Tadka,2025-12-17,Bengaluru,Desserts,1,800.28,10,56.3,19,Credit Card,4.5,Delivered,DP189,80.03,776.55,591.3,185.25
ORD102338,CUST1352,REST019,Urban Tadka,2025-03-12,Hyderabad,Italian,1,572.38,0,53.96,30,Credit Card,5.0,Delivered,DP115,0.0,626.34,329.43,296.91
ORD102339,CUST1331,REST067,Curry Corner,2025-12-14,Chennai,Fast Food,1,453.5,25,44.62,67,Wallet,5.0,Delivered,DP184,113.38,384.74,302.23,82.51
ORD102340,CUST1816,REST008,Dragon Bowl,2025-08-18,Ahmedabad,Italian,3,967.3,0,84.5,29,Wallet,5.0,Delivered,DP101,0.0,1051.8,666.33,385.47
ORD102341,CUST1861,REST008,Biryani House,2025-05-05,Ahmedabad,Fast Food,1,1244.35,15,24.29,65,Wallet,4.5,Delivered,DP230,186.65,1081.99,698.4,383.59
ORD102342,CUST1724,REST084,Spice Hub,2025-10-05,Delhi,Indian,5,1629.01,15,50.3,27,Cash,4.0,Cancelled,DP142,244.35,1434.96,1255.42,179.54
ORD102343,CUST1158,REST047,Pizza Point,2025-09-28,Delhi,Fast Food,4,1216.11,10,51.38,25,Debit Card,3.5,Delivered,DP111,121.61,1145.88,891.07,254.81
ORD102344,CUST1023,REST004,Urban Tadka,2025-12-23,Hyderabad,Chinese,2,932.55,20,54.84,30,Cash,4.5,Delivered,DP083,186.51,800.88,565.16,235.72
ORD102345,CUST1403,REST051,Food Junction,2025-01-15,Mumbai,Indian,4,176.24,5,88.21,32,Cash,3.0,Cancelled,DP243,8.81,255.64,122.42,133.22
ORD102346,CUST1804,REST085,Taste of India,2025-08-30,Pune,North Indian,1,1657.92,20,33.54,39,Credit Card,5.0,Delivered,DP007,331.58,1359.88,966.53,393.35
ORD102347,CUST1515,REST067,Food Junction,2025-06-02,Chennai,North Indian,1,1635.98,10,23.75,61,Wallet,4.0,Delivered,DP182,163.6,1496.13,1228.36,267.77
ORD102348,CUST1731,REST045,Curry Corner,2025-02-22,Ahmedabad,North Indian,5,756.24,15,67.51,52,Cash,5.0,Delivered,DP210,113.44,710.31,433.04,277.27
ORD102349,CUST1363,REST008,Curry Corner,2025-05-29,Mumbai,South Indian,4,168.78,15,29.78,54,Cash,4.5,Cancelled,DP186,25.32,173.24,127.93,45.31
ORD102350,CUST1381,REST087,Urban Tadka,2025-12-24,Hyderabad,Desserts,5,1352.06,20,21.37,18,Wallet,4.0,Delivered,DP061,270.41,1103.02,1001.08,101.94
ORD102351,CUST1531,REST016,Curry Corner,2025-08-07,Hyderabad,South Indian,5,1450.02,20,51.27,67,Debit Card,3.5,Delivered,DP108,290.0,1211.29,957.0,254.29
ORD102352,CUST1151,REST077,Dragon Bowl,2025-04-23,Ahmedabad,Italian,2,1031.34,20,33.67,72,Credit Card,4.0,Delivered,DP072,206.27,858.74,722.04,136.7
ORD102353,CUST1561,REST067,The Food Factory,2025-10-15,Mumbai,Italian,5,796.83,0,45.7,62,UPI,4.5,Cancelled,DP156,0.0,842.53,483.31,359.22
ORD102354,CUST1688,REST009,Sweet Treats,2025-10-04,Bengaluru,Desserts,5,1549.9,5,37.08,35,Cash,5.0,Cancelled,DP213,77.5,1509.48,989.46,520.02
ORD102355,CUST1607,REST060,Dosa Express,2025-03-24,Hyderabad,Chinese,2,443.43,5,22.87,25,Debit Card,5.0,Delivered,DP183,22.17,444.13,266.06,178.07
ORD102356,CUST1616,REST078,Dosa Express,2025-08-06,Pune,Italian,3,858.46,25,62.63,72,UPI,3.5,Cancelled,DP099,214.62,706.47,576.33,130.14
ORD102357,CUST1419,REST077,Urban Tadka,2025-08-14,Kolkata,Indian,3,161.14,25,17.3,66,Wallet,3.5,Delivered,DP239,40.28,138.16,100.44,37.72
ORD102358,CUST1249,REST071,Curry Corner,2025-09-27,Chennai,Indian,2,395.54,15,97.14,73,UPI,3.0,Delivered,DP202,59.33,433.35,249.53,183.82
ORD102359,CUST1116,REST015,Taste of India,2025-01-15,Mumbai,North Indian,5,1700.6,15,44.01,48,Wallet,4.0,Delivered,DP053,255.09,1489.52,1108.51,381.01
ORD102360,CUST1865,REST071,The Food Factory,2025-10-17,Bengaluru,Fast Food,1,1091.18,10,74.09,44,Debit Card,5.0,Delivered,DP220,109.12,1056.15,819.14,237.01
ORD102361,CUST1511,REST098,Spice Hub,2025-12-05,Mumbai,Biryani,4,1473.4,10,83.88,68,UPI,3.5,Delivered,DP083,147.34,1409.94,996.29,413.65
ORD102362,CUST1739,REST041,Curry Corner,2025-09-22,Bengaluru,Italian,1,937.32,25,38.72,18,Credit Card,4.5,Delivered,DP172,234.33,741.71,689.41,52.3
ORD102363,CUST1577,REST022,The Food Factory,2025-07-18,Bengaluru,Chinese,1,1522.51,0,78.64,28,Debit Card,4.0,Delivered,DP227,0.0,1601.15,1134.52,466.63
ORD102364,CUST1334,REST024,Biryani House,2025-06-07,Pune,North Indian,5,1025.44,15,85.76,25,UPI,4.0,Delivered,DP028,153.82,957.38,621.88,335.5
ORD102365,CUST1417,REST044,Spice Hub,2025-11-29,Chennai,Desserts,4,127.62,10,35.51,18,Cash,4.5,Delivered,DP046,12.76,150.37,93.02,57.35
ORD102366,CUST1773,REST001,Dosa Express,2025-07-26,Hyderabad,South Indian,4,1631.49,0,99.36,40,UPI,4.5,Delivered,DP177,0.0,1730.85,1140.73,590.12
ORD102367,CUST1294,REST010,Biryani House,2025-06-23,Bengaluru,Desserts,3,369.59,5,16.76,17,UPI,4.0,Cancelled,DP123,18.48,367.87,246.41,121.46
ORD102368,CUST1754,REST080,Urban Tadka,2025-07-03,Hyderabad,Indian,2,876.93,15,33.45,70,Credit Card,4.5,Delivered,DP195,131.54,778.84,500.2,278.64
ORD102369,CUST1370,REST072,Pizza Point,2025-09-22,Chennai,Indian,5,920.81,0,81.3,68,Debit Card,4.0,Delivered,DP231,0.0,1002.11,627.66,374.45
ORD102370,CUST1185,REST056,Urban Tadka,2025-09-03,Hyderabad,Indian,4,199.36,15,31.5,71,Cash,4.5,Delivered,DP155,29.9,200.96,116.77,84.19
ORD102371,CUST1245,REST089,Taste of India,2025-02-05,Ahmedabad,Biryani,5,209.16,10,74.35,51,Debit Card,5.0,Cancelled,DP249,20.92,262.59,154.31,108.28
ORD102372,CUST1636,REST050,Dragon Bowl,2025-09-16,Pune,Biryani,3,1401.09,15,87.72,52,Debit Card,4.5,Delivered,DP209,210.16,1278.65,1071.78,206.87
ORD102373,CUST1267,REST012,The Food Factory,2025-01-19,Pune,Italian,1,624.76,25,96.53,55,Cash,4.0,Delivered,DP207,156.19,565.1,412.32,152.78
ORD102374,CUST1642,REST089,Dragon Bowl,2025-01-23,Delhi,South Indian,4,808.18,0,55.31,18,Cash,4.5,Cancelled,DP244,0.0,863.49,526.38,337.11
ORD102375,CUST1236,REST081,Pizza Point,2025-04-14,Pune,Chinese,3,1067.71,25,97.54,40,Credit Card,5.0,Delivered,DP234,266.93,898.32,707.27,191.05
ORD102376,CUST1529,REST060,Dragon Bowl,2025-08-29,Bengaluru,Biryani,5,747.29,15,49.99,53,Wallet,4.0,Cancelled,DP167,112.09,685.19,422.56,262.63
ORD102377,CUST1551,REST026,Spice Hub,2025-12-27,Chennai,Desserts,3,1422.06,25,33.54,59,Credit Card,4.5,Delivered,DP214,355.52,1100.08,859.64,240.44
ORD102378,CUST1020,REST078,Spice Hub,2025-07-23,Pune,Fast Food,3,1605.9,10,58.68,56,Cash,4.0,Delivered,DP084,160.59,1503.99,1230.67,273.32
ORD102379,CUST1736,REST041,Royal Kitchen,2025-09-10,Mumbai,Biryani,3,220.33,5,70.23,58,UPI,5.0,Delivered,DP027,11.02,279.54,138.67,140.87
ORD102380,CUST1866,REST036,Biryani House,2025-05-22,Chennai,Indian,3,1187.48,10,53.93,56,UPI,4.0,Delivered,DP035,118.75,1122.66,814.63,308.03
ORD102381,CUST1793,REST023,Taste of India,2025-10-29,Bengaluru,Desserts,3,653.67,0,63.19,25,Debit Card,5.0,Delivered,DP246,0.0,716.86,457.11,259.75
ORD102382,CUST1519,REST043,Dosa Express,2025-05-23,Chennai,Chinese,3,1099.9,25,50.39,25,Debit Card,4.5,Delivered,DP047,274.98,875.31,826.85,48.46
ORD102383,CUST1099,REST006,Dragon Bowl,2025-09-28,Pune,Italian,2,932.96,10,59.6,68,Wallet,4.0,Cancelled,DP052,93.3,899.26,564.24,335.02
ORD102384,CUST1751,REST069,Curry Corner,2025-11-03,Mumbai,Biryani,5,680.58,0,95.97,52,Wallet,4.0,Delivered,DP069,0.0,776.55,513.65,262.9
ORD102385,CUST1477,REST043,Curry Corner,2025-04-20,Delhi,Indian,1,279.29,15,57.49,52,Wallet,4.0,Delivered,DP194,41.89,294.89,178.77,116.12
ORD102386,CUST1598,REST025,Pizza Point,2025-01-08,Bengaluru,North Indian,5,1059.86,0,36.52,34,Wallet,3.5,Delivered,DP041,0.0,1096.38,807.62,288.76
ORD102387,CUST1297,REST018,Taste of India,2025-03-10,Kolkata,Fast Food,4,309.49,25,79.49,40,UPI,3.0,Delivered,DP050,77.37,311.61,199.5,112.11
ORD102388,CUST1525,REST062,Taste of India,2025-07-09,Ahmedabad,Fast Food,4,382.28,20,43.69,52,Cash,4.0,Cancelled,DP045,76.46,349.51,219.39,130.12
ORD102389,CUST1333,REST013,Spice Hub,2025-06-28,Bengaluru,North Indian,5,1770.05,15,84.38,26,Wallet,4.0,Delivered,DP020,265.51,1588.92,994.75,594.17
ORD102390,CUST1001,REST043,Dosa Express,2025-03-04,Chennai,Italian,3,652.06,0,19.83,69,Credit Card,4.0,Delivered,DP120,0.0,671.89,503.7,168.19
ORD102391,CUST1374,REST078,The Food Factory,2025-03-09,Kolkata,Italian,2,1101.85,25,43.24,43,Wallet,3.0,Cancelled,DP199,275.46,869.63,636.77,232.86
ORD102392,CUST1292,REST028,Dosa Express,2025-07-25,Kolkata,Biryani,1,577.35,25,23.02,28,UPI,4.5,Cancelled,DP036,144.34,456.03,389.41,66.62
ORD102393,CUST1836,REST018,Food Junction,2025-01-06,Hyderabad,Italian,3,1574.06,10,22.25,64,Debit Card,3.5,Delivered,DP200,157.41,1438.9,1056.52,382.38
ORD102394,CUST1552,REST059,Taste of India,2025-04-29,Kolkata,Desserts,5,596.01,0,70.96,73,Credit Card,4.0,Cancelled,DP091,0.0,666.97,382.82,284.15
ORD102395,CUST1317,REST060,Urban Tadka,2025-11-09,Hyderabad,South Indian,5,736.37,15,47.75,39,Wallet,3.5,Delivered,DP070,110.46,673.66,475.8,197.86
ORD102396,CUST1501,REST063,Sweet Treats,2025-01-31,Ahmedabad,South Indian,2,1142.09,0,89.08,69,UPI,4.5,Delivered,DP152,0.0,1231.17,753.11,478.06
ORD102397,CUST1827,REST057,Taste of India,2025-01-06,Kolkata,Indian,2,1581.58,0,58.89,65,Debit Card,3.5,Delivered,DP164,0.0,1640.47,906.08,734.39
ORD102398,CUST1380,REST092,Pizza Point,2025-07-26,Mumbai,Indian,5,1491.24,25,40.1,56,Wallet,4.0,Delivered,DP133,372.81,1158.53,1091.45,67.08
ORD102399,CUST1622,REST051,Dragon Bowl,2025-06-06,Delhi,Desserts,3,563.28,0,76.28,56,UPI,4.0,Delivered,DP212,0.0,639.56,358.65,280.91
ORD102400,CUST1013,REST056,Urban Tadka,2025-03-08,Delhi,Indian,3,1513.65,0,68.04,53,UPI,3.5,Delivered,DP247,0.0,1581.69,917.64,664.05
ORD102401,CUST1503,REST027,Pizza Point,2025-11-26,Kolkata,South Indian,3,1298.01,0,82.97,40,Cash,4.0,Delivered,DP148,0.0,1380.98,808.92,572.06
ORD102402,CUST1230,REST032,Biryani House,2025-12-19,Chennai,Biryani,1,1782.91,10,69.71,24,UPI,4.0,Delivered,DP181,178.29,1674.33,1231.51,442.82
ORD102403,CUST1083,REST009,Sweet Treats,2025-12-02,Chennai,Biryani,1,1691.55,0,29.2,28,Wallet,5.0,Delivered,DP105,0.0,1720.75,1231.91,488.84
ORD102404,CUST1129,REST096,Sweet Treats,2025-10-16,Hyderabad,Italian,3,1015.67,0,71.98,19,UPI,4.5,Delivered,DP168,0.0,1087.65,594.46,493.19
ORD102405,CUST1742,REST084,Spice Hub,2025-05-20,Pune,Biryani,5,1379.88,20,48.28,71,Credit Card,5.0,Delivered,DP098,275.98,1152.18,947.0,205.18
ORD102406,CUST1837,REST092,Taste of India,2025-10-27,Delhi,Indian,2,1077.9,0,54.37,36,UPI,4.5,Delivered,DP103,0.0,1132.27,697.57,434.7
ORD102407,CUST1144,REST097,Spice Hub,2025-01-13,Pune,Chinese,4,1119.59,20,93.33,25,UPI,4.5,Delivered,DP124,223.92,989.0,837.74,151.26
ORD102408,CUST1890,REST068,Curry Corner,2025-06-01,Delhi,Indian,2,290.52,5,45.6,43,Credit Card,5.0,Delivered,DP178,14.53,321.59,223.22,98.37
ORD102409,CUST1856,REST046,Pizza Point,2025-11-09,Pune,South Indian,2,123.77,25,67.02,21,Wallet,4.0,Cancelled,DP074,30.94,159.85,87.39,72.46
ORD102410,CUST1027,REST098,Food Junction,2025-12-18,Pune,North Indian,4,200.95,15,45.9,66,Debit Card,4.5,Delivered,DP195,30.14,216.71,137.78,78.93
ORD102411,CUST1065,REST067,Food Junction,2025-04-19,Delhi,Chinese,3,1743.94,10,23.05,32,Cash,4.0,Delivered,DP241,174.39,1592.6,1272.17,320.43
ORD102412,CUST1162,REST026,Curry Corner,2025-12-22,Ahmedabad,Italian,2,332.13,5,53.55,45,Debit Card,4.5,Delivered,DP226,16.61,369.07,220.55,148.52
ORD102413,CUST1228,REST008,Biryani House,2025-05-29,Mumbai,Fast Food,4,194.57,5,65.75,57,Wallet,3.5,Delivered,DP163,9.73,250.59,109.49,141.1
ORD102414,CUST1260,REST006,Food Junction,2025-07-23,Mumbai,North Indian,5,640.2,0,49.64,34,Wallet,4.5,Delivered,DP064,0.0,689.84,455.34,234.5
ORD102415,CUST1448,REST080,Pizza Point,2025-11-03,Chennai,Biryani,5,1108.14,0,48.21,71,Credit Card,5.0,Delivered,DP165,0.0,1156.35,757.4,398.95
ORD102416,CUST1423,REST024,Food Junction,2025-01-21,Pune,Biryani,5,1713.41,20,84.73,49,Debit Card,3.0,Delivered,DP045,342.68,1455.46,1002.05,453.41
ORD102417,CUST1459,REST048,Curry Corner,2025-03-01,Pune,South Indian,3,1295.81,20,17.52,21,UPI,5.0,Delivered,DP237,259.16,1054.17,776.17,278.0
ORD102418,CUST1675,REST094,Urban Tadka,2025-01-21,Ahmedabad,Indian,2,584.27,10,40.12,75,Credit Card,4.0,Delivered,DP038,58.43,565.96,352.35,213.61
ORD102419,CUST1300,REST045,Dragon Bowl,2025-12-29,Pune,Indian,2,1697.62,10,84.0,44,Credit Card,3.5,Delivered,DP110,169.76,1611.86,1219.66,392.2
ORD102420,CUST1302,REST013,Dragon Bowl,2025-09-02,Ahmedabad,Chinese,1,180.55,15,93.25,18,Cash,4.5,Delivered,DP215,27.08,246.72,120.83,125.89
ORD102421,CUST1286,REST069,Spice Hub,2025-03-14,Pune,Biryani,5,1764.81,0,50.05,65,Credit Card,3.0,Delivered,DP101,0.0,1814.86,990.09,824.77
ORD102422,CUST1394,REST025,Royal Kitchen,2025-03-17,Pune,North Indian,3,218.52,10,90.55,44,Debit Card,4.0,Cancelled,DP085,21.85,287.22,162.3,124.92
ORD102423,CUST1009,REST020,The Food Factory,2025-07-05,Ahmedabad,South Indian,4,1386.47,10,31.91,44,Wallet,3.0,Delivered,DP155,138.65,1279.73,968.23,311.5
ORD102424,CUST1706,REST082,Pizza Point,2025-03-19,Hyderabad,North Indian,3,196.1,20,33.82,44,Cash,4.5,Delivered,DP248,39.22,190.7,140.92,49.78
ORD102425,CUST1629,REST082,Spice Hub,2025-03-06,Bengaluru,Italian,2,1685.02,0,86.93,67,UPI,4.0,Delivered,DP193,0.0,1771.95,1290.07,481.88
ORD102426,CUST1269,REST066,Sweet Treats,2025-12-08,Pune,Indian,5,302.56,15,91.78,32,Debit Card,5.0,Delivered,DP073,45.38,348.96,184.51,164.45
ORD102427,CUST1591,REST074,Royal Kitchen,2025-10-17,Hyderabad,Desserts,1,204.8,25,33.94,57,UPI,4.5,Delivered,DP003,51.2,187.54,140.41,47.13
ORD102428,CUST1604,REST045,Dosa Express,2025-02-25,Mumbai,North Indian,3,1613.97,25,20.04,60,Credit Card,3.5,Delivered,DP059,403.49,1230.52,1169.86,60.66
ORD102429,CUST1777,REST047,Food Junction,2025-11-27,Pune,Biryani,1,280.93,0,22.68,24,Debit Card,4.0,Delivered,DP230,0.0,303.61,187.64,115.97
ORD102430,CUST1843,REST063,Food Junction,2025-09-16,Mumbai,Fast Food,2,1460.52,15,37.22,28,Cash,5.0,Delivered,DP100,219.08,1278.66,966.57,312.09
ORD102431,CUST1861,REST076,Biryani House,2025-07-09,Chennai,South Indian,4,1375.02,0,79.72,50,Cash,4.5,Delivered,DP226,0.0,1454.74,1049.97,404.77
ORD102432,CUST1360,REST077,Dragon Bowl,2025-01-06,Bengaluru,Chinese,3,1126.12,0,58.35,37,UPI,4.5,Delivered,DP030,0.0,1184.47,682.46,502.01
ORD102433,CUST1256,REST055,Spice Hub,2025-01-06,Delhi,Indian,2,754.98,0,53.73,26,Wallet,4.5,Delivered,DP223,0.0,808.71,528.61,280.1
ORD102434,CUST1132,REST075,Dosa Express,2025-07-10,Bengaluru,Indian,5,1658.18,0,64.65,26,Cash,4.0,Delivered,DP222,0.0,1722.83,1282.05,440.78
ORD102435,CUST1275,REST019,Dragon Bowl,2025-05-28,Pune,Italian,3,1583.42,15,90.67,48,UPI,4.5,Delivered,DP016,237.51,1436.58,951.0,485.58
ORD102436,CUST1775,REST035,Food Junction,2025-09-15,Pune,Indian,1,836.1,20,22.69,40,Wallet,4.5,Delivered,DP029,167.22,691.57,548.78,142.79
ORD102437,CUST1682,REST053,Sweet Treats,2025-08-06,Ahmedabad,South Indian,3,509.3,0,74.05,20,Debit Card,3.5,Delivered,DP198,0.0,583.35,394.38,188.97
ORD102438,CUST1512,REST026,Biryani House,2025-03-31,Bengaluru,Biryani,2,577.92,15,93.78,51,Cash,5.0,Delivered,DP206,86.69,585.01,322.62,262.39
ORD102439,CUST1312,REST014,Spice Hub,2025-11-08,Bengaluru,Biryani,2,490.14,15,33.13,65,Cash,4.0,Cancelled,DP202,73.52,449.75,340.58,109.17
ORD102440,CUST1575,REST045,Biryani House,2025-12-18,Chennai,Biryani,1,1029.3,5,86.21,67,UPI,4.0,Delivered,DP216,51.46,1064.05,661.89,402.16
ORD102441,CUST1885,REST044,Spice Hub,2025-01-10,Kolkata,Desserts,2,1579.15,10,74.33,29,Cash,3.0,Delivered,DP100,157.92,1495.56,1148.6,346.96
ORD102442,CUST1283,REST088,Taste of India,2025-03-28,Mumbai,Fast Food,3,1419.67,25,16.23,56,UPI,4.5,Delivered,DP024,354.92,1080.98,886.36,194.62
ORD102443,CUST1120,REST065,Taste of India,2025-09-07,Ahmedabad,Fast Food,1,1456.46,15,34.69,53,Cash,4.0,Delivered,DP007,218.47,1272.68,925.96,346.72
ORD102444,CUST1106,REST051,Dragon Bowl,2025-11-22,Delhi,Desserts,2,873.12,5,66.5,33,UPI,4.0,Delivered,DP177,43.66,895.96,583.76,312.2
ORD102445,CUST1686,REST043,Curry Corner,2025-05-31,Ahmedabad,Indian,2,661.71,25,57.7,54,Cash,5.0,Delivered,DP191,165.43,553.98,416.58,137.4
ORD102446,CUST1203,REST086,Pizza Point,2025-04-23,Kolkata,North Indian,3,1392.36,20,59.87,61,Debit Card,4.0,Delivered,DP101,278.47,1173.76,848.92,324.84
ORD102447,CUST1164,REST023,Biryani House,2025-01-30,Bengaluru,Fast Food,2,1452.74,20,34.71,37,Debit Card,4.0,Delivered,DP046,290.55,1196.9,917.73,279.17
ORD102448,CUST1304,REST056,Curry Corner,2025-05-08,Delhi,North Indian,3,1288.19,0,72.38,50,UPI,4.0,Delivered,DP240,0.0,1360.57,977.52,383.05
ORD102449,CUST1496,REST019,Biryani House,2025-03-19,Bengaluru,North Indian,5,173.94,5,37.65,27,Debit Card,3.5,Delivered,DP232,8.7,202.89,109.38,93.51
ORD102450,CUST1631,REST082,Food Junction,2025-02-24,Ahmedabad,Fast Food,3,1110.67,15,48.1,45,UPI,4.0,Cancelled,DP048,166.6,992.17,840.63,151.54
ORD102451,CUST1555,REST076,The Food Factory,2025-11-01,Mumbai,Desserts,4,703.04,0,46.36,75,UPI,4.0,Cancelled,DP102,0.0,749.4,419.82,329.58
ORD102452,CUST1823,REST055,Biryani House,2025-02-03,Delhi,Italian,2,449.6,5,72.12,51,Credit Card,4.0,Delivered,DP153,22.48,499.24,316.79,182.45
ORD102453,CUST1155,REST092,Food Junction,2025-04-15,Kolkata,Fast Food,5,1286.58,15,22.67,40,Debit Card,5.0,Delivered,DP043,192.99,1116.26,928.06,188.2
ORD102454,CUST1366,REST092,Dosa Express,2025-06-21,Hyderabad,Chinese,1,571.12,0,32.47,57,Credit Card,3.5,Delivered,DP055,0.0,603.59,328.74,274.85
ORD102455,CUST1718,REST060,Taste of India,2025-01-22,Mumbai,Desserts,4,1653.57,25,32.04,62,Credit Card,4.5,Delivered,DP162,413.39,1272.22,1116.35,155.87
ORD102456,CUST1619,REST059,Curry Corner,2025-10-14,Kolkata,Chinese,1,620.77,0,24.22,66,Cash,3.0,Delivered,DP065,0.0,644.99,343.29,301.7
ORD102457,CUST1250,REST033,Royal Kitchen,2025-04-15,Delhi,North Indian,4,1052.7,25,32.65,32,UPI,4.0,Delivered,DP156,263.18,822.17,803.73,18.44
ORD102458,CUST1881,REST019,The Food Factory,2025-05-29,Bengaluru,Chinese,5,1510.64,10,66.6,74,Wallet,4.0,Delivered,DP041,151.06,1426.18,1013.01,413.17
ORD102459,CUST1333,REST028,Sweet Treats,2025-09-29,Kolkata,Indian,5,795.56,20,77.23,61,Credit Card,3.0,Delivered,DP157,159.11,713.68,444.29,269.39
ORD102460,CUST1641,REST052,Taste of India,2025-10-03,Bengaluru,Biryani,5,1512.15,25,71.13,71,Cash,4.5,Delivered,DP160,378.04,1205.24,1069.3,135.94
ORD102461,CUST1510,REST049,Curry Corner,2025-10-26,Mumbai,Italian,4,1335.81,15,55.39,47,Debit Card,4.0,Delivered,DP197,200.37,1190.83,1006.82,184.01
ORD102462,CUST1292,REST037,Dragon Bowl,2025-06-21,Mumbai,Indian,3,1667.05,10,19.46,54,Wallet,5.0,Delivered,DP034,166.7,1519.81,1199.66,320.15
ORD102463,CUST1019,REST026,The Food Factory,2025-02-16,Kolkata,Biryani,1,667.4,0,96.52,46,UPI,4.5,Delivered,DP059,0.0,763.92,387.6,376.32
ORD102464,CUST1281,REST099,Sweet Treats,2025-04-24,Bengaluru,Italian,3,296.45,0,29.29,18,Cash,4.0,Delivered,DP238,0.0,325.74,199.86,125.88
ORD102465,CUST1796,REST098,Urban Tadka,2025-10-02,Delhi,North Indian,3,842.99,5,71.82,55,Wallet,3.5,Delivered,DP189,42.15,872.66,605.78,266.88
ORD102466,CUST1000,REST099,Food Junction,2025-10-31,Kolkata,Italian,2,1440.17,10,92.6,33,UPI,3.0,Delivered,DP180,144.02,1388.75,1057.27,331.48
ORD102467,CUST1118,REST040,Urban Tadka,2025-07-26,Hyderabad,Italian,1,876.73,0,74.31,21,UPI,3.5,Cancelled,DP063,0.0,951.04,485.43,465.61
ORD102468,CUST1034,REST080,Royal Kitchen,2025-08-30,Ahmedabad,Chinese,4,560.14,15,33.53,61,Wallet,4.5,Delivered,DP154,84.02,509.65,344.63,165.02
ORD102469,CUST1197,REST038,Food Junction,2025-10-28,Chennai,Chinese,2,166.37,20,41.84,49,Cash,5.0,Delivered,DP205,33.27,174.94,125.35,49.59
ORD102470,CUST1484,REST077,Spice Hub,2025-07-15,Mumbai,Chinese,2,645.88,25,17.57,40,Wallet,3.5,Delivered,DP012,161.47,501.98,393.62,108.36
ORD102471,CUST1756,REST087,Pizza Point,2025-06-13,Bengaluru,Italian,5,1318.48,10,67.08,58,Credit Card,4.0,Delivered,DP022,131.85,1253.71,868.46,385.25
ORD102472,CUST1058,REST054,The Food Factory,2025-06-25,Delhi,South Indian,4,367.99,0,67.1,37,UPI,4.0,Delivered,DP201,0.0,435.09,261.36,173.73
ORD102473,CUST1836,REST022,Urban Tadka,2025-12-09,Mumbai,Desserts,3,692.68,5,76.67,48,Debit Card,4.5,Delivered,DP056,34.63,734.72,538.0,196.72
ORD102474,CUST1160,REST016,Pizza Point,2025-09-28,Delhi,Italian,3,153.99,15,15.93,65,Wallet,3.5,Delivered,DP006,23.1,146.82,99.78,47.04
ORD102475,CUST1690,REST028,The Food Factory,2025-04-20,Mumbai,Desserts,3,1332.55,20,84.52,70,Wallet,5.0,Delivered,DP036,266.51,1150.56,887.27,263.29
ORD102476,CUST1205,REST035,Curry Corner,2025-06-21,Bengaluru,Desserts,5,1599.55,25,77.79,21,UPI,4.5,Delivered,DP126,399.89,1277.45,1085.27,192.18
ORD102477,CUST1011,REST060,Dragon Bowl,2025-12-18,Delhi,Chinese,3,1075.13,15,26.98,25,UPI,5.0,Delivered,DP202,161.27,940.84,649.23,291.61
ORD102478,CUST1489,REST045,Spice Hub,2025-07-21,Bengaluru,Italian,1,163.47,5,44.55,65,Wallet,4.0,Delivered,DP229,8.17,199.85,103.77,96.08
ORD102479,CUST1275,REST046,Curry Corner,2025-06-17,Delhi,Chinese,3,485.61,0,69.27,22,Debit Card,4.5,Delivered,DP187,0.0,554.88,315.61,239.27
ORD102480,CUST1692,REST072,Food Junction,2025-04-12,Mumbai,Chinese,3,856.63,25,57.14,27,UPI,4.5,Cancelled,DP059,214.16,699.61,474.95,224.66
ORD102481,CUST1241,REST055,Dragon Bowl,2025-03-27,Chennai,Chinese,1,1107.14,20,24.78,46,UPI,4.5,Cancelled,DP224,221.43,910.49,610.87,299.62
ORD102482,CUST1215,REST086,Royal Kitchen,2025-05-22,Ahmedabad,North Indian,5,953.74,0,22.42,55,Credit Card,3.0,Delivered,DP068,0.0,976.16,573.76,402.4
ORD102483,CUST1250,REST085,Pizza Point,2025-12-03,Ahmedabad,North Indian,2,1658.65,5,81.42,48,Cash,5.0,Cancelled,DP052,82.93,1657.14,1107.67,549.47
ORD102484,CUST1810,REST026,The Food Factory,2025-08-01,Chennai,South Indian,4,1696.91,0,28.26,32,Credit Card,5.0,Delivered,DP120,0.0,1725.17,1306.3,418.87
ORD102485,CUST1125,REST085,Biryani House,2025-02-20,Ahmedabad,Biryani,5,300.02,10,29.63,29,Debit Card,3.5,Delivered,DP196,30.0,299.65,232.13,67.52
ORD102486,CUST1216,REST025,Dragon Bowl,2025-04-22,Kolkata,Desserts,3,352.5,15,85.63,69,Cash,4.5,Delivered,DP077,52.88,385.25,246.35,138.9
ORD102487,CUST1305,REST065,Pizza Point,2025-09-28,Hyderabad,Italian,2,721.53,20,67.03,57,Wallet,4.0,Delivered,DP080,144.31,644.25,534.09,110.16
ORD102488,CUST1796,REST006,Dosa Express,2025-03-06,Hyderabad,Indian,4,827.67,0,66.4,38,Debit Card,5.0,Delivered,DP107,0.0,894.07,626.68,267.39
ORD102489,CUST1184,REST023,Sweet Treats,2025-12-10,Kolkata,Chinese,4,1104.59,0,55.74,61,Debit Card,4.5,Cancelled,DP179,0.0,1160.33,820.71,339.62
ORD102490,CUST1038,REST064,Urban Tadka,2025-07-02,Kolkata,South Indian,4,1418.91,0,63.36,35,Credit Card,4.0,Delivered,DP242,0.0,1482.27,957.84,524.43
ORD102491,CUST1222,REST087,The Food Factory,2025-11-28,Pune,Indian,1,348.09,10,66.15,32,Cash,3.0,Delivered,DP090,34.81,379.43,247.83,131.6
ORD102492,CUST1183,REST043,Taste of India,2025-01-10,Bengaluru,North Indian,1,1468.43,0,97.27,28,Debit Card,4.0,Delivered,DP097,0.0,1565.7,808.87,756.83
ORD102493,CUST1494,REST023,Taste of India,2025-08-22,Delhi,Biryani,2,1144.85,0,33.95,72,Cash,3.0,Delivered,DP245,0.0,1178.8,800.31,378.49
ORD102494,CUST1426,REST096,Sweet Treats,2025-10-25,Hyderabad,Italian,3,1767.89,0,33.24,67,Wallet,3.5,Delivered,DP068,0.0,1801.13,1145.5,655.63
ORD102495,CUST1177,REST030,Dragon Bowl,2025-09-01,Mumbai,Desserts,2,1213.96,25,19.86,33,Cash,4.5,Cancelled,DP154,303.49,930.33,847.69,82.64
ORD102496,CUST1427,REST077,Food Junction,2025-12-17,Kolkata,Desserts,3,1323.03,10,70.95,27,Credit Card,4.5,Delivered,DP073,132.3,1261.68,938.97,322.71
ORD102497,CUST1293,REST018,Royal Kitchen,2025-09-24,Ahmedabad,North Indian,5,447.95,5,61.67,71,Credit Card,4.0,Delivered,DP041,22.4,487.22,256.46,230.76
ORD102498,CUST1851,REST087,Pizza Point,2025-04-28,Chennai,South Indian,4,1411.69,20,24.46,30,Debit Card,4.5,Delivered,DP203,282.34,1153.81,1060.38,93.43
ORD102499,CUST1150,REST079,Pizza Point,2025-05-24,Delhi,Chinese,4,253.17,10,45.99,16,Cash,3.5,Delivered,DP133,25.32,273.84,149.48,124.36
ORD102500,CUST1383,REST097,Royal Kitchen,2025-07-20,Pune,Chinese,1,1222.97,0,30.19,71,Credit Card,4.0,Delivered,DP181,0.0,1253.16,675.58,577.58
ORD102501,CUST1637,REST021,Taste of India,2025-08-27,Chennai,Desserts,5,213.36,0,43.18,48,UPI,4.5,Delivered,DP166,0.0,256.54,138.43,118.11
ORD102502,CUST1812,REST057,Pizza Point,2025-11-30,Ahmedabad,Chinese,5,313.58,15,95.86,63,Credit Card,4.0,Delivered,DP116,47.04,362.4,178.94,183.46
ORD102503,CUST1307,REST023,Sweet Treats,2025-09-03,Kolkata,Desserts,3,301.22,0,73.08,40,Wallet,4.0,Cancelled,DP224,0.0,374.3,231.9,142.4
ORD102504,CUST1335,REST091,Pizza Point,2025-12-12,Delhi,South Indian,5,208.17,20,15.64,68,UPI,3.5,Delivered,DP093,41.63,182.18,128.08,54.1
ORD102505,CUST1745,REST045,Food Junction,2025-01-08,Kolkata,North Indian,1,659.51,0,36.46,73,Cash,4.5,Delivered,DP102,0.0,695.97,396.65,299.32
ORD102506,CUST1891,REST044,Urban Tadka,2025-06-01,Hyderabad,Indian,3,1790.51,5,15.88,36,Debit Card,5.0,Delivered,DP104,89.53,1716.86,1092.67,624.19
ORD102507,CUST1374,REST082,Dosa Express,2025-07-30,Hyderabad,Biryani,2,705.02,5,75.76,34,UPI,4.0,Delivered,DP092,35.25,745.53,433.71,311.82
ORD102508,CUST1007,REST088,Urban Tadka,2025-06-07,Bengaluru,Italian,3,1398.1,10,54.9,43,Credit Card,3.5,Delivered,DP181,139.81,1313.19,789.08,524.11
ORD102509,CUST1340,REST047,Dosa Express,2025-02-27,Ahmedabad,Desserts,2,342.29,0,99.49,32,Debit Card,5.0,Cancelled,DP216,0.0,441.78,230.77,211.01
ORD102510,CUST1128,REST040,Biryani House,2025-03-27,Pune,Biryani,3,883.55,20,77.35,43,Debit Card,3.0,Delivered,DP184,176.71,784.19,489.61,294.58
ORD102511,CUST1775,REST051,Royal Kitchen,2025-02-24,Delhi,North Indian,4,430.99,20,59.02,56,Debit Card,4.0,Cancelled,DP019,86.2,403.81,311.07,92.74
ORD102512,CUST1668,REST042,Urban Tadka,2025-07-20,Pune,Chinese,2,442.72,0,83.4,58,Debit Card,4.0,Cancelled,DP118,0.0,526.12,321.67,204.45
ORD102513,CUST1351,REST007,Sweet Treats,2025-05-02,Mumbai,Biryani,1,287.48,25,74.91,41,Cash,5.0,Cancelled,DP065,71.87,290.52,184.54,105.98
ORD102514,CUST1357,REST050,Spice Hub,2025-04-18,Pune,Indian,2,845.83,15,35.72,49,Cash,4.5,Delivered,DP069,126.87,754.68,654.07,100.61
ORD102515,CUST1516,REST048,Biryani House,2025-10-31,Kolkata,Fast Food,2,246.9,15,60.07,43,Cash,4.5,Delivered,DP215,37.03,269.94,180.19,89.75
ORD102516,CUST1494,REST084,Dosa Express,2025-05-12,Kolkata,North Indian,3,1648.48,15,62.26,20,Credit Card,4.5,Delivered,DP053,247.27,1463.47,953.32,510.15
ORD102517,CUST1085,REST091,Royal Kitchen,2025-07-17,Hyderabad,Fast Food,4,872.47,25,53.35,66,Cash,4.5,Delivered,DP147,218.12,707.7,676.48,31.22
ORD102518,CUST1174,REST006,Dosa Express,2025-02-16,Bengaluru,Italian,3,1528.79,0,30.23,51,Debit Card,3.5,Delivered,DP066,0.0,1559.02,1138.0,421.02
ORD102519,CUST1801,REST091,Biryani House,2025-08-16,Ahmedabad,Italian,3,1765.5,10,33.99,73,UPI,4.5,Delivered,DP176,176.55,1622.94,1256.89,366.05
ORD102520,CUST1192,REST009,Dosa Express,2025-09-02,Kolkata,Biryani,4,1258.67,25,38.89,39,UPI,4.5,Delivered,DP066,314.67,982.89,881.44,101.45
ORD102521,CUST1310,REST057,Royal Kitchen,2025-07-22,Hyderabad,Italian,3,1634.54,20,15.87,35,UPI,4.5,Delivered,DP201,326.91,1323.5,1126.35,197.15
ORD102522,CUST1118,REST031,The Food Factory,2025-09-18,Chennai,North Indian,4,347.42,10,92.94,72,UPI,3.0,Delivered,DP018,34.74,405.62,270.21,135.41
ORD102523,CUST1217,REST021,Spice Hub,2025-06-27,Hyderabad,South Indian,1,1514.39,10,73.32,45,UPI,3.5,Delivered,DP080,151.44,1436.27,999.58,436.69
ORD102524,CUST1426,REST090,Sweet Treats,2025-01-24,Delhi,Desserts,4,575.65,25,73.62,73,Wallet,4.5,Delivered,DP039,143.91,505.36,338.56,166.8
ORD102525,CUST1413,REST040,The Food Factory,2025-06-24,Ahmedabad,Indian,5,913.96,10,63.65,54,UPI,4.0,Delivered,DP127,91.4,886.21,564.58,321.63
ORD102526,CUST1113,REST045,Dosa Express,2025-10-01,Bengaluru,Chinese,4,1206.26,5,73.59,64,UPI,4.0,Delivered,DP201,60.31,1219.54,767.54,452.0
ORD102527,CUST1144,REST077,Urban Tadka,2025-12-06,Kolkata,Chinese,4,1637.95,0,98.46,30,UPI,4.0,Delivered,DP236,0.0,1736.41,1020.08,716.33
ORD102528,CUST1537,REST049,The Food Factory,2025-09-18,Delhi,Desserts,5,1650.47,0,47.74,74,Credit Card,4.5,Delivered,DP051,0.0,1698.21,919.28,778.93
ORD102529,CUST1647,REST087,Urban Tadka,2025-10-13,Mumbai,Biryani,4,274.73,0,75.56,28,Wallet,3.0,Cancelled,DP127,0.0,350.29,155.76,194.53
ORD102530,CUST1302,REST020,Biryani House,2025-01-01,Mumbai,Chinese,2,732.45,10,45.56,20,UPI,4.0,Cancelled,DP151,73.24,704.77,403.68,301.09
ORD102531,CUST1743,REST092,Pizza Point,2025-03-27,Hyderabad,Biryani,3,1452.53,5,87.61,25,Cash,4.5,Delivered,DP161,72.63,1467.51,1025.77,441.74
ORD102532,CUST1880,REST017,Curry Corner,2025-12-04,Bengaluru,Desserts,3,1301.3,5,87.93,41,Credit Card,4.0,Delivered,DP188,65.06,1324.17,914.6,409.57
ORD102533,CUST1587,REST028,Dragon Bowl,2025-03-10,Pune,Italian,1,164.27,0,91.69,52,Wallet,5.0,Delivered,DP230,0.0,255.96,92.92,163.04
ORD102534,CUST1839,REST041,Royal Kitchen,2025-01-31,Bengaluru,Desserts,1,875.81,0,15.46,19,Cash,3.0,Delivered,DP187,0.0,891.27,545.19,346.08
ORD102535,CUST1344,REST066,Dosa Express,2025-07-17,Bengaluru,Italian,5,1513.15,25,40.35,29,Cash,5.0,Cancelled,DP098,378.29,1175.21,930.73,244.48
ORD102536,CUST1813,REST025,Curry Corner,2025-04-01,Bengaluru,South Indian,2,1359.31,25,26.38,52,Credit Card,4.5,Delivered,DP154,339.83,1045.86,889.44,156.42
ORD102537,CUST1800,REST058,Spice Hub,2025-12-15,Hyderabad,South Indian,1,811.91,10,53.59,67,Cash,4.0,Cancelled,DP145,81.19,784.31,513.53,270.78
ORD102538,CUST1000,REST041,Urban Tadka,2025-01-16,Delhi,Indian,3,1355.07,5,57.11,30,Debit Card,5.0,Delivered,DP181,67.75,1344.43,1001.01,343.42
ORD102539,CUST1146,REST006,The Food Factory,2025-11-06,Hyderabad,Desserts,1,1046.03,10,36.75,32,Credit Card,4.5,Delivered,DP078,104.6,978.18,787.68,190.5
ORD102540,CUST1286,REST075,Curry Corner,2025-10-03,Pune,Chinese,1,1653.22,10,76.49,67,Credit Card,5.0,Delivered,DP205,165.32,1564.39,987.62,576.77
ORD102541,CUST1653,REST038,Food Junction,2025-12-04,Delhi,North Indian,4,1106.37,20,37.93,47,Debit Card,4.0,Delivered,DP214,221.27,923.03,639.29,283.74
ORD102542,CUST1052,REST006,Dosa Express,2025-06-11,Pune,South Indian,1,793.23,10,87.58,49,Credit Card,4.0,Delivered,DP171,79.32,801.49,589.4,212.09
ORD102543,CUST1303,REST045,Curry Corner,2025-07-11,Chennai,Desserts,5,1569.71,15,30.1,69,Cash,4.5,Delivered,DP048,235.46,1364.35,1044.4,319.95
ORD102544,CUST1068,REST075,The Food Factory,2025-05-31,Chennai,Indian,3,203.78,20,46.22,66,Cash,3.0,Delivered,DP082,40.76,209.24,127.28,81.96
ORD102545,CUST1360,REST014,The Food Factory,2025-12-31,Ahmedabad,Fast Food,5,1632.86,10,67.89,38,Cash,5.0,Delivered,DP148,163.29,1537.46,917.37,620.09
ORD102546,CUST1601,REST066,Spice Hub,2025-04-23,Kolkata,South Indian,5,1289.86,10,66.45,49,Debit Card,4.5,Cancelled,DP222,128.99,1227.32,889.24,338.08
ORD102547,CUST1219,REST040,Taste of India,2025-09-30,Kolkata,Indian,2,1700.22,0,21.63,21,Cash,4.5,Cancelled,DP163,0.0,1721.85,1016.35,705.5
ORD102548,CUST1703,REST003,Sweet Treats,2025-06-25,Delhi,Biryani,4,540.85,25,86.93,28,Debit Card,5.0,Delivered,DP033,135.21,492.57,302.16,190.41
ORD102549,CUST1574,REST099,Food Junction,2025-05-29,Hyderabad,Biryani,5,1287.47,20,65.84,64,Debit Card,5.0,Delivered,DP238,257.49,1095.82,839.82,256.0
ORD102550,CUST1584,REST097,Curry Corner,2025-06-27,Pune,Indian,2,1479.9,25,88.94,44,Debit Card,3.5,Cancelled,DP081,369.98,1198.86,1017.2,181.66
ORD102551,CUST1160,REST024,Sweet Treats,2025-08-11,Pune,Italian,3,1299.53,20,88.75,38,Credit Card,4.5,Delivered,DP099,259.91,1128.37,765.96,362.41
ORD102552,CUST1680,REST019,Food Junction,2025-09-16,Kolkata,Fast Food,3,473.36,0,61.4,29,Wallet,4.5,Delivered,DP204,0.0,534.76,331.27,203.49
ORD102553,CUST1088,REST018,Taste of India,2025-09-30,Kolkata,Indian,2,582.99,15,92.42,27,Debit Card,4.0,Delivered,DP002,87.45,587.96,345.97,241.99
ORD102554,CUST1687,REST064,Curry Corner,2025-07-08,Mumbai,South Indian,5,1072.13,20,87.11,33,Cash,5.0,Delivered,DP162,214.43,944.81,594.79,350.02
ORD102555,CUST1780,REST088,Food Junction,2025-11-02,Pune,Italian,5,870.54,15,96.44,43,Debit Card,5.0,Delivered,DP076,130.58,836.4,508.62,327.78
ORD102556,CUST1584,REST035,Sweet Treats,2025-03-31,Hyderabad,Indian,4,1355.0,10,87.29,36,UPI,4.5,Cancelled,DP090,135.5,1306.79,928.19,378.6
ORD102557,CUST1756,REST062,Urban Tadka,2025-12-09,Mumbai,Chinese,4,756.18,5,84.8,16,Credit Card,4.0,Delivered,DP126,37.81,803.17,526.39,276.78
ORD102558,CUST1588,REST001,The Food Factory,2025-09-19,Hyderabad,South Indian,3,1563.93,5,54.9,53,Cash,4.5,Cancelled,DP160,78.2,1540.63,1171.23,369.4
ORD102559,CUST1158,REST100,Pizza Point,2025-06-05,Bengaluru,South Indian,4,845.63,0,33.02,27,Credit Card,4.5,Delivered,DP021,0.0,878.65,477.23,401.42
ORD102560,CUST1488,REST025,Biryani House,2025-07-19,Pune,Biryani,2,187.27,5,92.41,50,Credit Card,4.0,Cancelled,DP005,9.36,270.32,144.04,126.28
ORD102561,CUST1323,REST045,Dosa Express,2025-02-24,Bengaluru,Chinese,3,149.17,5,76.42,52,UPI,4.0,Delivered,DP028,7.46,218.13,99.95,118.18
ORD102562,CUST1609,REST049,Royal Kitchen,2025-09-11,Chennai,Chinese,5,1206.53,0,38.95,32,Debit Card,4.0,Cancelled,DP087,0.0,1245.48,731.74,513.74
ORD102563,CUST1380,REST098,Royal Kitchen,2025-06-22,Chennai,Desserts,3,1028.13,0,43.98,65,Cash,4.5,Delivered,DP048,0.0,1072.11,651.88,420.23
ORD102564,CUST1101,REST089,Pizza Point,2025-07-19,Delhi,Desserts,1,1031.81,25,73.32,29,Wallet,4.5,Cancelled,DP096,257.95,847.18,580.71,266.47
ORD102565,CUST1493,REST016,Curry Corner,2025-04-12,Pune,South Indian,3,1447.22,0,55.61,49,Credit Card,3.0,Delivered,DP197,0.0,1502.83,832.62,670.21
ORD102566,CUST1643,REST098,Curry Corner,2025-10-12,Kolkata,Fast Food,4,751.21,0,21.93,66,Wallet,4.5,Cancelled,DP099,0.0,773.14,565.63,207.51
ORD102567,CUST1613,REST093,Food Junction,2025-05-31,Mumbai,North Indian,2,1792.35,5,27.02,31,Wallet,3.0,Delivered,DP250,89.62,1729.75,1029.45,700.3
ORD102568,CUST1018,REST019,The Food Factory,2025-04-21,Bengaluru,Desserts,5,1708.49,5,78.38,62,Debit Card,4.5,Cancelled,DP070,85.42,1701.45,961.61,739.84
ORD102569,CUST1453,REST023,Taste of India,2025-09-23,Hyderabad,Italian,5,141.78,0,42.93,27,Wallet,4.5,Delivered,DP083,0.0,184.71,97.49,87.22
ORD102570,CUST1481,REST083,Spice Hub,2025-04-01,Pune,Biryani,4,1624.85,5,58.15,36,Cash,4.5,Delivered,DP236,81.24,1601.76,1036.7,565.06
ORD102571,CUST1593,REST025,Dragon Bowl,2025-06-26,Delhi,Chinese,4,1263.32,0,80.16,73,Debit Card,4.5,Cancelled,DP168,0.0,1343.48,812.77,530.71
ORD102572,CUST1396,REST016,Food Junction,2025-08-19,Hyderabad,Biryani,4,963.51,5,78.85,68,Wallet,4.0,Cancelled,DP006,48.18,994.18,556.58,437.6
ORD102573,CUST1278,REST054,Royal Kitchen,2025-01-29,Bengaluru,South Indian,1,1099.02,10,29.2,66,Debit Card,3.0,Cancelled,DP142,109.9,1018.32,615.63,402.69
ORD102574,CUST1850,REST073,Spice Hub,2025-10-28,Pune,Italian,2,1534.32,0,23.36,54,Cash,4.5,Delivered,DP119,0.0,1557.68,1149.39,408.29
ORD102575,CUST1364,REST001,Biryani House,2025-07-14,Kolkata,Indian,1,1717.74,20,65.25,35,Credit Card,4.5,Delivered,DP125,343.55,1439.44,1098.66,340.78
ORD102576,CUST1330,REST042,Sweet Treats,2025-11-03,Bengaluru,Chinese,4,1061.36,15,78.04,40,UPI,4.0,Cancelled,DP067,159.2,980.2,610.63,369.57
ORD102577,CUST1640,REST019,Food Junction,2025-08-27,Pune,Italian,2,424.57,25,27.67,60,Debit Card,4.0,Cancelled,DP139,106.14,346.1,253.07,93.03
ORD102578,CUST1343,REST097,Dragon Bowl,2025-12-23,Pune,North Indian,4,1194.79,10,46.62,18,UPI,3.5,Delivered,DP167,119.48,1121.93,685.41,436.52
ORD102579,CUST1821,REST034,Biryani House,2025-09-24,Bengaluru,Biryani,2,248.05,5,88.97,21,Credit Card,4.0,Delivered,DP169,12.4,324.62,163.7,160.92
ORD102580,CUST1454,REST080,Dosa Express,2025-08-02,Bengaluru,South Indian,5,1187.03,15,95.26,24,Cash,4.0,Delivered,DP024,178.05,1104.24,872.24,232.0
ORD102581,CUST1600,REST055,Food Junction,2025-03-23,Hyderabad,Italian,1,1478.47,20,53.6,29,Credit Card,4.0,Delivered,DP171,295.69,1236.38,946.96,289.42
ORD102582,CUST1724,REST018,Royal Kitchen,2025-05-08,Delhi,Indian,4,713.6,10,21.76,40,UPI,4.5,Delivered,DP109,71.36,664.0,494.22,169.78
ORD102583,CUST1654,REST034,The Food Factory,2025-09-19,Bengaluru,Desserts,4,239.59,20,36.9,30,Cash,4.0,Delivered,DP210,47.92,228.57,169.0,59.57
ORD102584,CUST1064,REST089,The Food Factory,2025-03-08,Chennai,Desserts,3,1282.94,0,34.8,54,Wallet,5.0,Delivered,DP095,0.0,1317.74,915.73,402.01
ORD102585,CUST1075,REST045,Curry Corner,2025-03-03,Ahmedabad,Italian,5,690.07,15,35.31,48,Wallet,4.5,Delivered,DP202,103.51,621.87,475.65,146.22
ORD102586,CUST1710,REST006,Dosa Express,2025-05-13,Delhi,South Indian,4,538.48,20,56.98,75,Debit Card,4.0,Delivered,DP154,107.7,487.76,364.79,122.97
ORD102587,CUST1142,REST021,Royal Kitchen,2025-05-17,Chennai,Biryani,1,1277.83,15,64.57,31,Wallet,3.0,Delivered,DP029,191.67,1150.73,843.4,307.33
ORD102588,CUST1827,REST070,Curry Corner,2025-01-28,Hyderabad,Chinese,5,1748.91,0,25.41,52,UPI,4.5,Delivered,DP002,0.0,1774.32,1152.41,621.91
ORD102589,CUST1604,REST096,Spice Hub,2025-07-30,Bengaluru,North Indian,4,1372.14,20,90.6,30,Wallet,4.5,Cancelled,DP030,274.43,1188.31,859.75,328.56
ORD102590,CUST1472,REST048,Pizza Point,2025-07-24,Delhi,North Indian,1,945.47,10,67.7,48,Debit Card,4.5,Cancelled,DP231,94.55,918.62,629.73,288.89
ORD102591,CUST1416,REST039,Taste of India,2025-09-10,Kolkata,Chinese,3,1128.86,15,65.77,73,Cash,5.0,Cancelled,DP111,169.33,1025.3,745.25,280.05
ORD102592,CUST1304,REST031,Dosa Express,2025-02-07,Bengaluru,Fast Food,3,359.03,25,98.92,70,Wallet,4.5,Delivered,DP074,89.76,368.19,223.84,144.35
ORD102593,CUST1735,REST010,Sweet Treats,2025-02-12,Pune,Biryani,1,1486.2,25,68.39,43,Debit Card,5.0,Delivered,DP076,371.55,1183.04,920.35,262.69
ORD102594,CUST1496,REST030,Royal Kitchen,2025-04-27,Bengaluru,North Indian,5,1135.22,25,93.96,67,Wallet,3.0,Delivered,DP212,283.8,945.38,740.84,204.54
ORD102595,CUST1290,REST018,Taste of India,2025-07-09,Kolkata,Fast Food,1,1742.6,20,39.33,32,Wallet,4.0,Delivered,DP185,348.52,1433.41,1280.29,153.12
ORD102596,CUST1101,REST060,Taste of India,2025-02-15,Delhi,Fast Food,1,1765.53,0,35.41,25,UPI,4.0,Delivered,DP118,0.0,1800.94,1071.63,729.31
ORD102597,CUST1266,REST088,Royal Kitchen,2025-06-15,Bengaluru,South Indian,3,715.71,25,58.9,26,Debit Card,4.5,Delivered,DP233,178.93,595.68,532.8,62.88
ORD102598,CUST1866,REST073,Royal Kitchen,2025-11-01,Bengaluru,South Indian,3,1780.76,20,58.23,51,Debit Card,4.0,Delivered,DP187,356.15,1482.84,1275.93,206.91
ORD102599,CUST1621,REST095,Urban Tadka,2025-07-22,Mumbai,South Indian,3,1727.48,20,34.25,16,Credit Card,4.5,Delivered,DP019,345.5,1416.23,1054.17,362.06
ORD102600,CUST1841,REST015,Royal Kitchen,2025-08-21,Mumbai,Indian,4,1194.92,10,74.47,68,Credit Card,4.0,Delivered,DP054,119.49,1149.9,661.01,488.89
ORD102601,CUST1776,REST004,Dragon Bowl,2025-09-02,Delhi,Biryani,4,680.22,5,17.52,70,Debit Card,4.0,Cancelled,DP198,34.01,663.73,386.14,277.59
ORD102602,CUST1002,REST063,Food Junction,2025-07-28,Delhi,Chinese,2,1385.61,0,73.7,32,UPI,4.0,Cancelled,DP120,0.0,1459.31,1043.45,415.86
ORD102603,CUST1084,REST040,Sweet Treats,2025-09-05,Pune,Biryani,4,575.68,5,53.86,68,Wallet,3.5,Delivered,DP151,28.78,600.76,423.47,177.29
ORD102604,CUST1793,REST009,Dosa Express,2025-10-22,Pune,South Indian,5,1178.14,5,73.57,52,Cash,3.5,Delivered,DP211,58.91,1192.8,750.83,441.97
ORD102605,CUST1327,REST009,Curry Corner,2025-11-23,Ahmedabad,Indian,5,161.3,0,55.55,47,Wallet,4.0,Delivered,DP095,0.0,216.85,91.0,125.85
ORD102606,CUST1815,REST026,Spice Hub,2025-06-07,Bengaluru,Biryani,3,1176.02,20,98.07,23,Cash,3.0,Delivered,DP033,235.2,1038.89,866.21,172.68
ORD102607,CUST1449,REST004,Food Junction,2025-01-01,Chennai,Biryani,1,1718.7,5,43.45,29,UPI,4.5,Cancelled,DP066,85.94,1676.21,1046.18,630.03
ORD102608,CUST1453,REST081,Royal Kitchen,2025-08-05,Delhi,Fast Food,3,515.04,5,98.52,42,Credit Card,4.0,Cancelled,DP207,25.75,587.81,396.18,191.63
ORD102609,CUST1628,REST016,Urban Tadka,2025-09-06,Kolkata,Biryani,1,1427.34,0,20.52,22,Debit Card,3.0,Cancelled,DP139,0.0,1447.86,956.7,491.16
ORD102610,CUST1220,REST015,Spice Hub,2025-03-10,Bengaluru,Fast Food,3,612.95,0,73.12,74,UPI,4.0,Cancelled,DP090,0.0,686.07,437.95,248.12
ORD102611,CUST1153,REST099,Dosa Express,2025-01-30,Chennai,Fast Food,3,1309.19,10,53.61,60,Cash,5.0,Delivered,DP146,130.92,1231.88,859.11,372.77
ORD102612,CUST1664,REST052,Pizza Point,2025-04-25,Mumbai,Italian,5,1295.95,15,84.88,50,Debit Card,4.5,Delivered,DP065,194.39,1186.44,721.02,465.42
ORD102613,CUST1011,REST069,Taste of India,2025-01-08,Pune,South Indian,1,430.36,20,82.12,53,Cash,5.0,Delivered,DP160,86.07,426.41,242.95,183.46
ORD102614,CUST1132,REST005,Dragon Bowl,2025-10-02,Kolkata,North Indian,2,1123.17,25,83.02,66,Wallet,4.5,Delivered,DP132,280.79,925.4,869.87,55.53
ORD102615,CUST1303,REST020,Royal Kitchen,2025-11-11,Delhi,Indian,2,1563.4,10,23.05,22,Wallet,5.0,Delivered,DP086,156.34,1430.11,1008.11,422.0
ORD102616,CUST1292,REST079,Urban Tadka,2025-12-01,Bengaluru,Fast Food,3,762.66,0,84.9,56,Wallet,4.0,Delivered,DP036,0.0,847.56,451.59,395.97
ORD102617,CUST1299,REST018,Spice Hub,2025-02-05,Mumbai,Biryani,3,1313.27,0,33.19,64,Debit Card,4.0,Delivered,DP221,0.0,1346.46,939.87,406.59
ORD102618,CUST1739,REST002,Curry Corner,2025-11-07,Ahmedabad,Fast Food,5,1253.04,0,17.18,64,Credit Card,4.5,Cancelled,DP228,0.0,1270.22,943.42,326.8
ORD102619,CUST1782,REST093,Dragon Bowl,2025-02-13,Hyderabad,Fast Food,1,552.62,0,33.51,33,Credit Card,5.0,Delivered,DP185,0.0,586.13,337.88,248.25
ORD102620,CUST1042,REST013,Dragon Bowl,2025-06-04,Mumbai,Fast Food,3,1663.32,25,55.74,18,Cash,5.0,Delivered,DP114,415.83,1303.23,1133.32,169.91
ORD102621,CUST1342,REST004,Urban Tadka,2025-03-18,Bengaluru,Chinese,2,1066.7,25,78.08,41,Credit Card,4.5,Delivered,DP161,266.68,878.1,646.89,231.21
ORD102622,CUST1325,REST042,Spice Hub,2025-03-19,Ahmedabad,North Indian,1,716.89,0,33.58,27,Credit Card,3.5,Delivered,DP231,0.0,750.47,529.92,220.55
ORD102623,CUST1813,REST074,Urban Tadka,2025-04-11,Pune,North Indian,3,396.12,5,24.61,52,Cash,4.0,Delivered,DP142,19.81,400.92,225.77,175.15
ORD102624,CUST1497,REST061,Curry Corner,2025-01-30,Chennai,Chinese,1,915.41,25,69.91,35,Cash,3.5,Delivered,DP176,228.85,756.47,581.91,174.56
ORD102625,CUST1363,REST095,Curry Corner,2025-02-08,Kolkata,Chinese,5,1346.59,10,98.63,40,Cash,4.0,Cancelled,DP239,134.66,1310.56,858.28,452.28
ORD102626,CUST1890,REST008,Sweet Treats,2025-08-27,Kolkata,Chinese,2,1167.72,0,66.07,59,Debit Card,4.0,Delivered,DP037,0.0,1233.79,813.31,420.48
ORD102627,CUST1426,REST067,The Food Factory,2025-01-13,Hyderabad,North Indian,1,1341.45,20,73.74,72,Cash,4.0,Delivered,DP237,268.29,1146.9,792.78,354.12
ORD102628,CUST1020,REST063,Taste of India,2025-05-02,Kolkata,Italian,2,1450.16,0,62.7,37,Debit Card,5.0,Delivered,DP133,0.0,1512.86,956.02,556.84
ORD102629,CUST1406,REST009,Food Junction,2025-05-24,Hyderabad,Fast Food,3,860.89,0,81.5,68,Debit Card,3.5,Delivered,DP050,0.0,942.39,582.8,359.59
ORD102630,CUST1618,REST094,Royal Kitchen,2025-06-21,Ahmedabad,Italian,4,993.88,10,97.94,44,Debit Card,4.0,Delivered,DP189,99.39,992.43,750.28,242.15
ORD102631,CUST1335,REST011,Food Junction,2025-09-04,Pune,Biryani,1,1777.19,10,61.25,45,Cash,4.0,Delivered,DP214,177.72,1660.72,1192.73,467.99
ORD102632,CUST1814,REST099,Dragon Bowl,2025-09-04,Hyderabad,North Indian,2,1746.33,15,50.43,45,Credit Card,4.0,Cancelled,DP069,261.95,1534.81,1013.47,521.34
ORD102633,CUST1116,REST042,Royal Kitchen,2025-02-14,Delhi,South Indian,1,816.89,0,88.13,30,Credit Card,4.0,Delivered,DP101,0.0,905.02,468.33,436.69
ORD102634,CUST1123,REST013,Dosa Express,2025-09-10,Bengaluru,North Indian,3,1271.1,15,97.43,66,Cash,4.0,Delivered,DP166,190.66,1177.87,969.28,208.59
ORD102635,CUST1398,REST036,Biryani House,2025-10-18,Ahmedabad,Indian,3,569.55,0,25.98,73,Credit Card,5.0,Delivered,DP174,0.0,595.53,441.59,153.94
ORD102636,CUST1792,REST013,Dosa Express,2025-07-26,Kolkata,Italian,2,376.53,15,64.14,56,Cash,4.0,Delivered,DP098,56.48,384.19,221.56,162.63
ORD102637,CUST1803,REST012,Biryani House,2025-01-07,Hyderabad,Chinese,5,1410.91,5,82.36,55,Debit Card,3.5,Cancelled,DP143,70.55,1422.72,1019.82,402.9
ORD102638,CUST1714,REST037,Urban Tadka,2025-08-30,Mumbai,Desserts,1,852.78,0,60.33,21,Wallet,4.0,Delivered,DP240,0.0,913.11,518.2,394.91
ORD102639,CUST1050,REST074,Biryani House,2025-04-20,Chennai,Chinese,1,417.45,0,49.78,31,UPI,3.5,Delivered,DP037,0.0,467.23,309.57,157.66
ORD102640,CUST1782,REST073,The Food Factory,2025-04-24,Bengaluru,Biryani,3,1394.86,10,70.69,38,Cash,4.0,Delivered,DP027,139.49,1326.06,798.17,527.89
ORD102641,CUST1323,REST052,The Food Factory,2025-11-03,Pune,Fast Food,1,1657.49,25,37.96,34,Debit Card,4.0,Cancelled,DP112,414.37,1281.08,1078.26,202.82
ORD102642,CUST1788,REST071,Taste of India,2025-10-29,Kolkata,Indian,2,1687.9,15,44.68,53,Wallet,3.5,Delivered,DP001,253.18,1479.4,1159.75,319.65
ORD102643,CUST1140,REST002,Spice Hub,2025-10-03,Mumbai,Italian,4,1121.84,10,99.34,41,Debit Card,4.5,Cancelled,DP157,112.18,1109.0,836.98,272.02
ORD102644,CUST1469,REST056,Food Junction,2025-04-06,Delhi,Fast Food,3,925.8,20,69.1,16,UPI,4.5,Delivered,DP125,185.16,809.74,691.62,118.12
ORD102645,CUST1786,REST060,Taste of India,2025-10-21,Hyderabad,Fast Food,4,358.34,15,89.2,74,Credit Card,4.0,Delivered,DP200,53.75,393.79,212.28,181.51
ORD102646,CUST1801,REST023,The Food Factory,2025-07-08,Mumbai,South Indian,1,1451.89,25,83.66,65,Credit Card,4.5,Delivered,DP225,362.97,1172.58,1121.49,51.09
ORD102647,CUST1333,REST040,Spice Hub,2025-12-26,Bengaluru,South Indian,5,1708.14,15,70.44,15,Debit Card,4.0,Delivered,DP135,256.22,1522.36,1190.35,332.01
ORD102648,CUST1892,REST064,Dosa Express,2025-10-15,Kolkata,Italian,2,1614.29,25,86.46,48,UPI,3.5,Delivered,DP029,403.57,1297.18,1132.45,164.73
ORD102649,CUST1372,REST085,Food Junction,2025-06-03,Mumbai,Italian,1,1383.0,25,39.41,41,Debit Card,4.0,Delivered,DP159,345.75,1076.66,1043.43,33.23
ORD102650,CUST1563,REST023,Sweet Treats,2025-02-27,Delhi,Italian,2,127.68,0,69.15,51,Credit Card,4.5,Delivered,DP038,0.0,196.83,79.63,117.2
ORD102651,CUST1493,REST029,Food Junction,2025-12-04,Chennai,Italian,1,805.02,15,65.2,64,Debit Card,3.0,Delivered,DP008,120.75,749.47,519.64,229.83
ORD102652,CUST1538,REST078,Dragon Bowl,2025-02-19,Ahmedabad,Chinese,1,810.0,10,67.91,75,Wallet,4.5,Delivered,DP095,81.0,796.91,629.0,167.91
ORD102653,CUST1668,REST090,Urban Tadka,2025-07-26,Hyderabad,North Indian,1,1622.54,20,29.33,20,UPI,4.5,Delivered,DP165,324.51,1327.36,898.57,428.79
ORD102654,CUST1750,REST051,Pizza Point,2025-02-21,Bengaluru,North Indian,3,230.29,25,38.57,52,Credit Card,5.0,Delivered,DP187,57.57,211.29,172.59,38.7
ORD102655,CUST1155,REST069,Food Junction,2025-12-08,Kolkata,Fast Food,4,1012.45,15,39.37,68,Debit Card,3.5,Delivered,DP207,151.87,899.95,753.04,146.91
ORD102656,CUST1290,REST095,The Food Factory,2025-05-30,Ahmedabad,North Indian,5,348.71,15,66.17,74,UPI,3.0,Delivered,DP182,52.31,362.57,212.84,149.73
ORD102657,CUST1647,REST089,Urban Tadka,2025-02-22,Hyderabad,Desserts,4,1232.65,0,97.67,41,Debit Card,3.0,Cancelled,DP244,0.0,1330.32,910.92,419.4
ORD102658,CUST1143,REST031,Curry Corner,2025-08-01,Hyderabad,Fast Food,4,1450.99,0,96.1,62,Credit Card,5.0,Delivered,DP186,0.0,1547.09,908.26,638.83
ORD102659,CUST1105,REST050,Biryani House,2025-03-07,Pune,Chinese,2,1198.49,20,34.31,30,UPI,4.5,Delivered,DP096,239.7,993.1,832.55,160.55
ORD102660,CUST1419,REST020,Dosa Express,2025-08-20,Hyderabad,Desserts,3,1454.9,25,40.91,49,Credit Card,5.0,Delivered,DP026,363.72,1132.09,949.73,182.36
ORD102661,CUST1669,REST055,Sweet Treats,2025-10-26,Mumbai,North Indian,3,1140.59,0,18.07,41,Wallet,4.5,Delivered,DP176,0.0,1158.66,653.91,504.75
ORD102662,CUST1657,REST081,Dosa Express,2025-12-04,Mumbai,Fast Food,1,438.93,5,48.9,49,Wallet,4.5,Delivered,DP113,21.95,465.88,331.8,134.08
ORD102663,CUST1001,REST002,Curry Corner,2025-05-31,Ahmedabad,Italian,4,762.87,0,85.95,72,Cash,4.0,Cancelled,DP011,0.0,848.82,515.25,333.57
ORD102664,CUST1588,REST025,Royal Kitchen,2025-07-24,Chennai,Indian,5,1727.54,5,92.84,69,UPI,5.0,Delivered,DP023,86.38,1734.0,1141.59,592.41
ORD102665,CUST1643,REST013,Pizza Point,2025-11-16,Delhi,North Indian,2,604.13,20,35.1,75,Wallet,5.0,Delivered,DP162,120.83,518.4,454.48,63.92
ORD102666,CUST1089,REST092,Food Junction,2025-09-12,Kolkata,Desserts,3,225.61,5,37.59,75,Cash,4.0,Delivered,DP033,11.28,251.92,141.11,110.81
ORD102667,CUST1344,REST070,Dragon Bowl,2025-05-17,Ahmedabad,South Indian,1,766.51,20,33.77,50,UPI,4.0,Delivered,DP209,153.3,646.98,522.13,124.85
ORD102668,CUST1349,REST067,Taste of India,2025-05-15,Kolkata,Desserts,5,735.4,10,44.76,52,Credit Card,4.5,Delivered,DP225,73.54,706.62,553.7,152.92
ORD102669,CUST1458,REST058,Urban Tadka,2025-02-23,Ahmedabad,Desserts,4,910.12,0,83.4,42,Debit Card,3.0,Delivered,DP130,0.0,993.52,572.34,421.18
ORD102670,CUST1262,REST099,Sweet Treats,2025-03-06,Bengaluru,South Indian,5,1061.31,15,69.98,70,Debit Card,5.0,Delivered,DP113,159.2,972.09,777.42,194.67
ORD102671,CUST1350,REST082,Curry Corner,2025-01-02,Mumbai,Fast Food,3,1787.27,25,81.8,17,Credit Card,4.0,Cancelled,DP061,446.82,1422.25,1194.44,227.81
ORD102672,CUST1107,REST075,Pizza Point,2025-05-12,Hyderabad,Indian,2,1390.47,0,64.56,71,Wallet,4.0,Delivered,DP132,0.0,1455.03,815.21,639.82
ORD102673,CUST1585,REST084,Dosa Express,2025-11-30,Delhi,South Indian,4,180.3,25,36.91,55,Debit Card,4.5,Delivered,DP012,45.08,172.13,100.85,71.28
ORD102674,CUST1038,REST064,Dragon Bowl,2025-02-01,Ahmedabad,North Indian,2,1317.36,15,34.38,45,Credit Card,4.5,Delivered,DP157,197.6,1154.14,944.74,209.4
ORD102675,CUST1158,REST069,Dragon Bowl,2025-12-22,Bengaluru,Indian,5,1504.71,0,15.77,17,Cash,4.0,Delivered,DP234,0.0,1520.48,918.22,602.26
ORD102676,CUST1582,REST083,Curry Corner,2025-12-26,Kolkata,Desserts,5,1624.66,15,81.38,52,Cash,5.0,Delivered,DP234,243.7,1462.34,1198.38,263.96
ORD102677,CUST1311,REST086,Sweet Treats,2025-08-31,Bengaluru,Chinese,1,832.33,0,87.01,67,Credit Card,5.0,Cancelled,DP239,0.0,919.34,493.95,425.39
ORD102678,CUST1240,REST059,Sweet Treats,2025-07-11,Bengaluru,Biryani,4,646.89,25,80.3,66,UPI,4.5,Delivered,DP107,161.72,565.47,440.28,125.19
ORD102679,CUST1444,REST060,Pizza Point,2025-05-22,Kolkata,Fast Food,5,1530.07,0,21.32,38,Wallet,4.5,Delivered,DP103,0.0,1551.39,874.43,676.96
ORD102680,CUST1297,REST083,Royal Kitchen,2025-05-28,Bengaluru,Chinese,3,1426.39,15,79.79,40,Wallet,4.5,Delivered,DP170,213.96,1292.22,1025.9,266.32
ORD102681,CUST1035,REST062,Dosa Express,2025-03-30,Chennai,Chinese,3,1020.55,5,18.89,55,Credit Card,4.5,Delivered,DP211,51.03,988.41,741.03,247.38
ORD102682,CUST1083,REST016,The Food Factory,2025-02-18,Bengaluru,Indian,2,318.04,10,23.98,61,Debit Card,5.0,Delivered,DP185,31.8,310.22,241.97,68.25
ORD102683,CUST1451,REST088,Royal Kitchen,2025-05-16,Delhi,Fast Food,3,1214.96,10,52.44,42,Wallet,4.0,Delivered,DP178,121.5,1145.9,825.09,320.81
ORD102684,CUST1885,REST068,Royal Kitchen,2025-07-10,Ahmedabad,Chinese,5,230.32,10,55.47,23,Wallet,3.5,Delivered,DP066,23.03,262.76,132.31,130.45
ORD102685,CUST1774,REST015,Sweet Treats,2025-05-29,Mumbai,Italian,3,288.62,10,84.37,51,Cash,5.0,Delivered,DP135,28.86,344.13,213.69,130.44
ORD102686,CUST1821,REST089,Urban Tadka,2025-03-28,Delhi,Chinese,4,676.32,0,72.76,67,Cash,4.0,Delivered,DP125,0.0,749.08,420.8,328.28
ORD102687,CUST1384,REST055,Urban Tadka,2025-01-08,Hyderabad,Italian,2,743.57,20,28.03,41,Cash,4.5,Cancelled,DP057,148.71,622.89,562.81,60.08
ORD102688,CUST1171,REST035,Biryani House,2025-08-11,Pune,Biryani,4,896.12,0,34.22,62,Wallet,4.0,Delivered,DP046,0.0,930.34,694.41,235.93
ORD102689,CUST1375,REST055,Dosa Express,2025-12-23,Chennai,Italian,5,689.76,0,39.28,17,Wallet,5.0,Delivered,DP022,0.0,729.04,400.39,328.65
ORD102690,CUST1684,REST014,Curry Corner,2025-01-16,Chennai,Italian,5,176.76,10,25.51,55,Wallet,4.5,Delivered,DP139,17.68,184.59,100.59,84.0
ORD102691,CUST1361,REST049,Urban Tadka,2025-10-23,Hyderabad,Indian,3,384.46,10,39.45,63,Debit Card,5.0,Delivered,DP161,38.45,385.46,290.82,94.64
ORD102692,CUST1558,REST083,Pizza Point,2025-04-16,Kolkata,Chinese,1,313.39,25,76.93,42,Debit Card,5.0,Delivered,DP182,78.35,311.97,237.16,74.81
ORD102693,CUST1890,REST100,Dragon Bowl,2025-10-10,Delhi,Biryani,1,844.39,15,35.52,46,Debit Card,3.5,Delivered,DP148,126.66,753.25,578.07,175.18
ORD102694,CUST1140,REST007,Curry Corner,2025-04-14,Delhi,Chinese,5,476.38,10,86.01,49,UPI,4.0,Delivered,DP005,47.64,514.75,359.32,155.43
ORD102695,CUST1886,REST030,Dosa Express,2025-12-27,Hyderabad,North Indian,5,613.16,0,54.91,21,Wallet,4.5,Delivered,DP068,0.0,668.07,468.47,199.6
ORD102696,CUST1117,REST083,Pizza Point,2025-05-26,Kolkata,North Indian,2,912.23,25,42.45,21,Wallet,5.0,Delivered,DP014,228.06,726.62,618.25,108.37
ORD102697,CUST1276,REST049,Food Junction,2025-02-04,Pune,Italian,5,515.74,10,50.06,35,Credit Card,4.0,Delivered,DP131,51.57,514.23,365.09,149.14
ORD102698,CUST1725,REST089,Spice Hub,2025-04-23,Bengaluru,South Indian,5,533.16,10,75.31,46,Credit Card,5.0,Delivered,DP114,53.32,555.15,368.48,186.67
ORD102699,CUST1219,REST016,Urban Tadka,2025-11-04,Kolkata,Italian,2,1519.68,0,58.93,52,UPI,4.0,Delivered,DP210,0.0,1578.61,896.85,681.76
ORD102700,CUST1025,REST051,Urban Tadka,2025-02-22,Ahmedabad,Chinese,4,1040.79,0,15.62,34,Credit Card,5.0,Delivered,DP186,0.0,1056.41,676.86,379.55
ORD102701,CUST1520,REST072,Biryani House,2025-12-13,Bengaluru,Desserts,4,1559.36,5,93.4,22,Debit Card,4.5,Delivered,DP027,77.97,1574.79,1102.03,472.76
ORD102702,CUST1782,REST082,The Food Factory,2025-03-22,Ahmedabad,Biryani,2,984.4,15,20.61,18,UPI,4.5,Delivered,DP004,147.66,857.35,679.59,177.76
ORD102703,CUST1009,REST092,Biryani House,2025-04-14,Mumbai,South Indian,2,1647.56,5,94.78,40,UPI,4.0,Delivered,DP128,82.38,1659.96,987.67,672.29
ORD102704,CUST1377,REST080,Dosa Express,2025-11-18,Delhi,Biryani,4,547.97,20,17.39,29,UPI,3.5,Delivered,DP195,109.59,455.77,416.04,39.73
ORD102705,CUST1632,REST083,Biryani House,2025-08-30,Delhi,Indian,4,1156.01,0,80.53,20,Cash,4.0,Delivered,DP064,0.0,1236.54,844.28,392.26
ORD102706,CUST1636,REST042,The Food Factory,2025-01-31,Hyderabad,Italian,4,965.43,10,60.45,62,Credit Card,4.0,Delivered,DP219,96.54,929.34,546.19,383.15
ORD102707,CUST1681,REST017,The Food Factory,2025-11-13,Hyderabad,Italian,4,1663.4,15,57.99,46,Wallet,4.0,Delivered,DP220,249.51,1471.88,1046.51,425.37
ORD102708,CUST1583,REST063,Sweet Treats,2025-07-11,Bengaluru,North Indian,3,823.05,20,21.19,19,Cash,4.5,Delivered,DP086,164.61,679.63,641.13,38.5
ORD102709,CUST1151,REST045,Dragon Bowl,2025-12-23,Kolkata,Indian,2,1556.1,20,35.29,58,Debit Card,4.0,Delivered,DP170,311.22,1280.17,995.37,284.8
ORD102710,CUST1719,REST077,Sweet Treats,2025-12-27,Delhi,North Indian,1,1067.36,0,81.09,60,Cash,4.0,Delivered,DP157,0.0,1148.45,749.92,398.53
ORD102711,CUST1048,REST007,Spice Hub,2025-08-21,Delhi,Chinese,3,1310.35,15,90.76,72,Debit Card,5.0,Delivered,DP080,196.55,1204.56,751.03,453.53
ORD102712,CUST1153,REST027,Pizza Point,2025-04-08,Chennai,Italian,1,1609.98,20,59.98,20,Wallet,4.5,Delivered,DP163,322.0,1347.96,1000.62,347.34
ORD102713,CUST1858,REST010,Royal Kitchen,2025-02-03,Ahmedabad,Chinese,1,1794.8,0,45.03,17,Wallet,3.0,Delivered,DP019,0.0,1839.83,1351.26,488.57
ORD102714,CUST1292,REST034,Food Junction,2025-08-31,Mumbai,Biryani,5,1348.31,10,20.1,43,Credit Card,5.0,Cancelled,DP116,134.83,1233.58,899.89,333.69
ORD102715,CUST1579,REST036,The Food Factory,2025-02-28,Mumbai,South Indian,2,648.4,0,72.99,33,Cash,5.0,Cancelled,DP094,0.0,721.39,479.67,241.72
ORD102716,CUST1049,REST025,Food Junction,2025-09-16,Ahmedabad,South Indian,3,622.34,25,38.67,24,Wallet,5.0,Delivered,DP207,155.58,505.43,343.38,162.05
ORD102717,CUST1663,REST006,Dragon Bowl,2025-01-17,Bengaluru,South Indian,2,639.29,20,19.68,21,Debit Card,5.0,Delivered,DP069,127.86,531.11,449.56,81.55
ORD102718,CUST1530,REST024,Urban Tadka,2025-03-19,Pune,North Indian,4,284.49,0,71.6,59,Wallet,4.5,Delivered,DP031,0.0,356.09,176.09,180.0
ORD102719,CUST1611,REST018,Taste of India,2025-07-25,Kolkata,Fast Food,2,210.05,5,56.29,15,Credit Card,4.0,Delivered,DP171,10.5,255.84,157.11,98.73
ORD102720,CUST1059,REST087,Spice Hub,2025-10-29,Delhi,Indian,1,1095.82,10,16.02,15,Debit Card,4.5,Delivered,DP095,109.58,1002.26,840.64,161.62
ORD102721,CUST1166,REST006,Dosa Express,2025-06-15,Chennai,South Indian,4,1481.79,10,24.43,31,UPI,4.5,Delivered,DP201,148.18,1358.04,1049.33,308.71
ORD102722,CUST1201,REST029,Dragon Bowl,2025-10-18,Kolkata,Italian,2,180.71,0,74.43,36,Credit Card,4.0,Delivered,DP205,0.0,255.14,105.46,149.68
ORD102723,CUST1856,REST025,Curry Corner,2025-04-22,Delhi,Indian,2,1071.95,0,20.41,50,Credit Card,4.0,Delivered,DP235,0.0,1092.36,704.98,387.38
ORD102724,CUST1145,REST055,Food Junction,2025-11-13,Hyderabad,Biryani,1,744.56,0,88.61,28,UPI,4.0,Cancelled,DP149,0.0,833.17,489.05,344.12
ORD102725,CUST1675,REST081,Biryani House,2025-12-19,Kolkata,Biryani,4,1619.38,20,41.46,20,Wallet,4.5,Delivered,DP110,323.88,1336.96,1199.91,137.05
ORD102726,CUST1438,REST046,The Food Factory,2025-05-25,Bengaluru,North Indian,1,364.25,10,22.54,44,Credit Card,4.0,Delivered,DP223,36.42,350.37,238.93,111.44
ORD102727,CUST1241,REST024,Food Junction,2025-06-05,Kolkata,Biryani,2,1066.57,0,79.58,60,UPI,4.5,Delivered,DP193,0.0,1146.15,668.21,477.94
ORD102728,CUST1580,REST075,Royal Kitchen,2025-06-27,Pune,Biryani,3,1751.15,25,59.58,61,UPI,5.0,Delivered,DP233,437.79,1372.94,1209.36,163.58
ORD102729,CUST1686,REST026,Curry Corner,2025-12-12,Kolkata,Desserts,3,699.66,15,41.06,47,Credit Card,4.0,Delivered,DP205,104.95,635.77,488.94,146.83
ORD102730,CUST1560,REST098,The Food Factory,2025-05-16,Kolkata,Fast Food,5,1366.19,20,49.52,34,Cash,5.0,Delivered,DP162,273.24,1142.47,1005.91,136.56
ORD102731,CUST1482,REST028,Dosa Express,2025-11-11,Kolkata,Desserts,3,1602.52,20,16.82,30,Credit Card,4.0,Delivered,DP189,320.5,1298.84,1213.27,85.57
ORD102732,CUST1107,REST003,Royal Kitchen,2025-01-18,Mumbai,Chinese,4,432.83,15,71.33,18,Cash,3.5,Delivered,DP036,64.92,439.24,326.65,112.59
ORD102733,CUST1225,REST075,Taste of India,2025-12-17,Delhi,Chinese,5,1787.45,15,46.09,48,Wallet,3.0,Delivered,DP208,268.12,1565.42,1240.75,324.67
ORD102734,CUST1672,REST038,Biryani House,2025-06-04,Pune,Desserts,4,1479.77,20,75.69,15,UPI,4.0,Delivered,DP202,295.95,1259.51,992.31,267.2
ORD102735,CUST1630,REST061,Food Junction,2025-09-29,Ahmedabad,South Indian,3,351.11,10,68.39,27,Debit Card,4.0,Cancelled,DP230,35.11,384.39,257.81,126.58
ORD102736,CUST1660,REST078,Sweet Treats,2025-09-23,Bengaluru,Fast Food,3,642.29,0,70.36,62,Credit Card,5.0,Delivered,DP041,0.0,712.65,398.58,314.07
ORD102737,CUST1661,REST051,Spice Hub,2025-12-26,Ahmedabad,North Indian,2,1169.95,25,82.4,22,Debit Card,4.5,Delivered,DP162,292.49,959.86,847.42,112.44
ORD102738,CUST1431,REST090,Food Junction,2025-11-28,Mumbai,Chinese,4,1606.66,0,68.65,36,Wallet,5.0,Delivered,DP153,0.0,1675.31,1070.68,604.63
ORD102739,CUST1804,REST048,Food Junction,2025-01-16,Delhi,Desserts,1,447.32,0,50.59,18,Credit Card,4.5,Delivered,DP185,0.0,497.91,258.75,239.16
ORD102740,CUST1654,REST021,Curry Corner,2025-01-12,Chennai,North Indian,2,1348.43,10,48.14,48,Debit Card,4.0,Delivered,DP065,134.84,1261.73,975.13,286.6
ORD102741,CUST1418,REST054,Curry Corner,2025-03-16,Bengaluru,North Indian,4,574.69,15,25.16,74,Wallet,4.0,Delivered,DP076,86.2,513.65,401.79,111.86
ORD102742,CUST1454,REST056,Royal Kitchen,2025-07-31,Delhi,Biryani,5,1473.1,10,81.25,59,Cash,4.5,Delivered,DP124,147.31,1407.04,838.13,568.91
ORD102743,CUST1159,REST094,Spice Hub,2025-06-28,Mumbai,Chinese,4,1268.18,0,79.69,51,Wallet,4.5,Delivered,DP022,0.0,1347.87,828.86,519.01
ORD102744,CUST1522,REST059,Food Junction,2025-05-09,Mumbai,Indian,5,998.49,25,35.94,71,Credit Card,4.0,Cancelled,DP188,249.62,784.81,660.89,123.92
ORD102745,CUST1649,REST072,Pizza Point,2025-10-10,Chennai,South Indian,5,1211.77,10,88.33,37,Credit Card,5.0,Delivered,DP182,121.18,1178.92,848.61,330.31
ORD102746,CUST1589,REST051,Dosa Express,2025-07-14,Bengaluru,Chinese,3,1592.43,0,65.07,34,Credit Card,4.5,Delivered,DP121,0.0,1657.5,1124.34,533.16
ORD102747,CUST1076,REST020,Curry Corner,2025-09-25,Bengaluru,Indian,1,769.2,10,55.69,67,Wallet,5.0,Cancelled,DP022,76.92,747.97,456.77,291.2
ORD102748,CUST1508,REST096,Curry Corner,2025-01-30,Pune,Italian,4,1412.34,5,16.49,38,Credit Card,4.5,Delivered,DP189,70.62,1358.21,787.73,570.48
ORD102749,CUST1440,REST086,Royal Kitchen,2025-01-09,Delhi,Indian,1,386.96,10,47.53,41,Wallet,4.0,Delivered,DP126,38.7,395.79,283.5,112.29
ORD102750,CUST1253,REST059,Dragon Bowl,2025-11-05,Pune,Indian,5,1297.99,0,69.46,27,UPI,4.5,Delivered,DP240,0.0,1367.45,1006.94,360.51
ORD102751,CUST1769,REST071,Pizza Point,2025-11-06,Mumbai,Biryani,3,1381.1,5,22.63,19,UPI,4.0,Delivered,DP194,69.06,1334.67,1058.42,276.25
ORD102752,CUST1319,REST009,The Food Factory,2025-06-14,Ahmedabad,Biryani,1,864.24,15,54.06,30,UPI,4.5,Delivered,DP173,129.64,788.66,574.88,213.78
ORD102753,CUST1802,REST001,Dragon Bowl,2025-07-12,Mumbai,South Indian,2,1453.29,0,99.44,74,Debit Card,4.0,Delivered,DP200,0.0,1552.73,976.11,576.62
ORD102754,CUST1262,REST029,Food Junction,2025-11-01,Kolkata,Biryani,5,1055.93,20,75.91,52,UPI,3.5,Cancelled,DP225,211.19,920.65,806.76,113.89
ORD102755,CUST1596,REST063,Spice Hub,2025-09-17,Chennai,Indian,2,1692.94,0,61.48,62,UPI,4.0,Delivered,DP069,0.0,1754.42,1142.99,611.43
ORD102756,CUST1657,REST072,Curry Corner,2025-07-11,Chennai,Fast Food,1,308.94,10,60.31,43,Wallet,4.0,Delivered,DP192,30.89,338.36,189.65,148.71
ORD102757,CUST1834,REST056,Spice Hub,2025-03-20,Ahmedabad,Biryani,1,339.78,10,18.72,40,Wallet,3.5,Delivered,DP010,33.98,324.52,239.83,84.69
ORD102758,CUST1553,REST068,Spice Hub,2025-06-28,Ahmedabad,Biryani,1,1535.28,0,96.37,36,Credit Card,5.0,Cancelled,DP195,0.0,1631.65,1012.91,618.74
ORD102759,CUST1373,REST035,Dosa Express,2025-04-01,Bengaluru,Desserts,4,1535.17,10,93.9,38,Credit Card,4.5,Delivered,DP011,153.52,1475.55,1121.52,354.03
ORD102760,CUST1636,REST003,Sweet Treats,2025-08-03,Ahmedabad,Indian,5,911.66,10,73.0,27,Credit Card,4.0,Delivered,DP246,91.17,893.49,665.66,227.83
ORD102761,CUST1166,REST007,Curry Corner,2025-03-20,Pune,Italian,5,1739.46,15,23.42,57,Wallet,4.5,Delivered,DP222,260.92,1501.96,1331.16,170.8
ORD102762,CUST1752,REST027,Dragon Bowl,2025-04-13,Mumbai,Italian,5,1261.37,10,32.67,35,Wallet,4.5,Delivered,DP156,126.14,1167.9,733.74,434.16
ORD102763,CUST1458,REST001,Biryani House,2025-04-21,Kolkata,Desserts,4,1771.19,10,30.63,15,UPI,3.0,Delivered,DP005,177.12,1624.7,1186.53,438.17
ORD102764,CUST1279,REST091,The Food Factory,2025-11-10,Delhi,Chinese,1,1014.42,15,59.16,18,Cash,4.5,Delivered,DP012,152.16,921.42,741.29,180.13
ORD102765,CUST1699,REST080,Spice Hub,2025-09-04,Kolkata,South Indian,1,458.71,20,32.66,17,Wallet,4.0,Delivered,DP044,91.74,399.63,298.17,101.46
ORD102766,CUST1301,REST071,Curry Corner,2025-08-22,Hyderabad,Italian,2,866.58,10,74.14,64,Cash,5.0,Delivered,DP109,86.66,854.06,601.57,252.49
ORD102767,CUST1530,REST044,Royal Kitchen,2025-03-23,Delhi,Biryani,4,1767.22,20,61.34,37,Wallet,4.5,Delivered,DP093,353.44,1475.12,1304.06,171.06
ORD102768,CUST1579,REST087,The Food Factory,2025-05-12,Chennai,Fast Food,3,742.3,15,16.5,30,Wallet,3.5,Cancelled,DP090,111.34,647.46,489.08,158.38
ORD102769,CUST1217,REST041,Biryani House,2025-08-23,Delhi,Chinese,4,1727.79,0,78.24,59,Debit Card,4.0,Delivered,DP221,0.0,1806.03,1112.53,693.5
ORD102770,CUST1101,REST075,Curry Corner,2025-10-05,Ahmedabad,South Indian,2,1459.0,10,31.05,27,Cash,4.5,Delivered,DP029,145.9,1344.15,863.04,481.11
ORD102771,CUST1553,REST042,Food Junction,2025-12-01,Mumbai,Fast Food,2,862.74,0,85.12,53,Debit Card,3.0,Cancelled,DP206,0.0,947.86,638.12,309.74
ORD102772,CUST1287,REST033,Spice Hub,2025-04-09,Pune,Fast Food,2,1030.34,5,45.18,45,UPI,5.0,Cancelled,DP036,51.52,1024.0,755.27,268.73
ORD102773,CUST1166,REST050,Biryani House,2025-02-07,Ahmedabad,Biryani,1,1140.5,0,43.78,38,Debit Card,3.0,Delivered,DP035,0.0,1184.28,822.21,362.07
ORD102774,CUST1620,REST063,Food Junction,2025-06-10,Ahmedabad,Indian,3,1238.49,10,16.0,61,Debit Card,3.0,Delivered,DP113,123.85,1130.64,793.21,337.43
ORD102775,CUST1035,REST100,Spice Hub,2025-04-27,Kolkata,Indian,2,248.85,0,98.96,72,UPI,3.0,Delivered,DP008,0.0,347.81,170.25,177.56
ORD102776,CUST1743,REST037,Urban Tadka,2025-08-29,Bengaluru,Indian,5,1688.43,5,67.02,29,Cash,4.5,Delivered,DP016,84.42,1671.03,976.79,694.24
ORD102777,CUST1740,REST059,Dragon Bowl,2025-01-26,Pune,Italian,1,1122.96,15,50.93,19,Credit Card,4.0,Delivered,DP043,168.44,1005.45,700.15,305.3
ORD102778,CUST1352,REST081,Taste of India,2025-05-16,Hyderabad,Indian,3,1684.33,10,23.21,63,Wallet,3.5,Delivered,DP069,168.43,1539.11,1095.1,444.01
ORD102779,CUST1675,REST099,Pizza Point,2025-02-19,Bengaluru,South Indian,5,1181.59,25,74.43,36,Cash,5.0,Delivered,DP144,295.4,960.62,661.71,298.91
ORD102780,CUST1898,REST048,Spice Hub,2025-10-21,Hyderabad,Desserts,3,844.11,20,39.03,36,UPI,4.0,Delivered,DP056,168.82,714.32,484.37,229.95
ORD102781,CUST1072,REST005,Biryani House,2025-10-25,Hyderabad,Biryani,3,1072.44,20,99.0,25,Debit Card,4.0,Delivered,DP041,214.49,956.95,794.5,162.45
ORD102782,CUST1647,REST048,Biryani House,2025-10-20,Mumbai,Desserts,5,1513.57,15,95.8,38,Credit Card,3.5,Delivered,DP077,227.04,1382.33,1170.56,211.77
ORD102783,CUST1352,REST096,Taste of India,2025-06-03,Mumbai,Italian,4,667.89,0,77.5,59,Debit Card,5.0,Cancelled,DP008,0.0,745.39,416.8,328.59
ORD102784,CUST1890,REST003,Curry Corner,2025-08-08,Ahmedabad,South Indian,3,1726.85,20,97.54,24,Wallet,4.5,Cancelled,DP054,345.37,1479.02,992.16,486.86
ORD102785,CUST1069,REST047,Royal Kitchen,2025-05-20,Chennai,Indian,4,902.8,5,23.98,61,UPI,4.5,Delivered,DP090,45.14,881.64,690.77,190.87
ORD102786,CUST1424,REST062,Pizza Point,2025-02-18,Chennai,South Indian,3,1726.48,20,38.79,48,Credit Card,3.0,Delivered,DP120,345.3,1419.97,1312.63,107.34
ORD102787,CUST1707,REST099,The Food Factory,2025-05-22,Hyderabad,Desserts,5,1599.67,25,36.53,25,Cash,4.5,Delivered,DP133,399.92,1236.28,1120.68,115.6
ORD102788,CUST1780,REST014,Spice Hub,2025-02-15,Pune,Fast Food,3,1409.67,25,21.12,71,Cash,4.5,Delivered,DP009,352.42,1078.37,885.1,193.27
ORD102789,CUST1560,REST063,Curry Corner,2025-06-12,Chennai,Biryani,2,905.3,5,97.64,57,UPI,4.0,Delivered,DP230,45.26,957.68,521.35,436.33
ORD102790,CUST1827,REST061,Food Junction,2025-10-12,Mumbai,Biryani,2,1106.07,20,20.1,43,UPI,4.0,Delivered,DP194,221.21,904.96,847.34,57.62
ORD102791,CUST1641,REST031,The Food Factory,2025-09-25,Chennai,Desserts,3,1527.89,15,87.82,36,Debit Card,5.0,Delivered,DP071,229.18,1386.53,1163.77,222.76
ORD102792,CUST1516,REST095,Pizza Point,2025-04-26,Hyderabad,South Indian,5,1034.01,15,80.29,47,Credit Card,3.0,Delivered,DP030,155.1,959.2,745.46,213.74
ORD102793,CUST1427,REST017,Curry Corner,2025-03-23,Kolkata,Chinese,5,1360.16,20,46.95,71,Wallet,4.5,Delivered,DP081,272.03,1135.08,1040.24,94.84
ORD102794,CUST1538,REST024,Sweet Treats,2025-02-13,Bengaluru,Desserts,1,1448.31,25,16.6,22,UPI,4.0,Delivered,DP250,362.08,1102.83,843.13,259.7
ORD102795,CUST1159,REST023,The Food Factory,2025-07-13,Pune,Biryani,5,982.0,0,15.52,72,Credit Card,4.5,Delivered,DP108,0.0,997.52,564.78,432.74
ORD102796,CUST1148,REST082,Dosa Express,2025-09-15,Pune,Fast Food,4,1020.9,0,32.34,63,UPI,3.5,Delivered,DP095,0.0,1053.24,606.59,446.65
ORD102797,CUST1775,REST050,Dosa Express,2025-09-30,Delhi,Desserts,3,452.36,25,56.98,46,UPI,4.0,Cancelled,DP065,113.09,396.25,271.22,125.03
ORD102798,CUST1229,REST078,Spice Hub,2025-10-01,Ahmedabad,Desserts,2,531.16,20,53.92,54,Cash,4.5,Delivered,DP220,106.23,478.85,393.19,85.66
ORD102799,CUST1711,REST079,Spice Hub,2025-10-05,Chennai,Biryani,5,1640.3,25,64.75,59,Credit Card,5.0,Delivered,DP030,410.08,1294.97,1249.91,45.06
ORD102800,CUST1561,REST079,Spice Hub,2025-03-24,Ahmedabad,Desserts,2,1531.75,25,80.62,37,Cash,5.0,Delivered,DP047,382.94,1229.43,918.42,311.01
ORD102801,CUST1066,REST070,Pizza Point,2025-02-27,Ahmedabad,Chinese,1,137.01,10,47.08,19,Cash,4.0,Delivered,DP095,13.7,170.39,89.94,80.45
ORD102802,CUST1811,REST027,Royal Kitchen,2025-02-22,Pune,Biryani,3,1580.57,0,28.63,45,Credit Card,3.5,Delivered,DP088,0.0,1609.2,1034.53,574.67
ORD102803,CUST1380,REST015,Royal Kitchen,2025-01-01,Kolkata,North Indian,5,162.39,25,83.0,43,Cash,4.5,Cancelled,DP159,40.6,204.79,95.96,108.83
ORD102804,CUST1057,REST050,Sweet Treats,2025-08-04,Kolkata,Biryani,2,889.91,20,43.28,20,Debit Card,4.0,Delivered,DP188,177.98,755.21,664.11,91.1
ORD102805,CUST1258,REST036,Curry Corner,2025-11-13,Mumbai,Chinese,5,233.29,25,39.38,66,Wallet,4.5,Delivered,DP245,58.32,214.35,156.34,58.01
ORD102806,CUST1341,REST008,Food Junction,2025-08-16,Bengaluru,North Indian,1,1747.62,5,79.97,39,Wallet,4.5,Cancelled,DP075,87.38,1740.21,1188.79,551.42
ORD102807,CUST1837,REST079,Urban Tadka,2025-09-11,Mumbai,North Indian,2,1753.5,10,94.4,39,Debit Card,4.5,Cancelled,DP106,175.35,1672.55,1068.65,603.9
ORD102808,CUST1129,REST003,Biryani House,2025-06-08,Chennai,Biryani,2,1146.26,0,92.77,75,UPI,4.5,Delivered,DP080,0.0,1239.03,777.86,461.17
ORD102809,CUST1726,REST062,Food Junction,2025-10-14,Hyderabad,Desserts,3,778.9,0,26.68,45,Cash,3.5,Delivered,DP137,0.0,805.58,570.38,235.2
ORD102810,CUST1171,REST047,Curry Corner,2025-03-07,Kolkata,South Indian,3,980.15,0,57.77,72,Wallet,4.5,Delivered,DP222,0.0,1037.92,607.82,430.1
ORD102811,CUST1769,REST077,Sweet Treats,2025-11-05,Kolkata,Italian,2,1400.66,10,22.89,28,Credit Card,4.5,Cancelled,DP204,140.07,1283.48,806.86,476.62
ORD102812,CUST1613,REST098,Pizza Point,2025-04-05,Delhi,North Indian,3,494.96,0,96.68,31,UPI,5.0,Delivered,DP182,0.0,591.64,338.72,252.92
ORD102813,CUST1208,REST088,The Food Factory,2025-09-10,Delhi,South Indian,2,862.09,25,33.29,30,Wallet,3.5,Delivered,DP239,215.52,679.86,600.22,79.64
ORD102814,CUST1802,REST096,Food Junction,2025-05-30,Kolkata,Biryani,4,1358.61,20,31.78,42,Cash,4.0,Cancelled,DP061,271.72,1118.67,810.38,308.29
ORD102815,CUST1353,REST061,The Food Factory,2025-01-23,Bengaluru,Indian,5,784.26,0,90.56,23,Wallet,5.0,Delivered,DP192,0.0,874.82,476.13,398.69
ORD102816,CUST1470,REST032,Urban Tadka,2025-09-01,Pune,Indian,4,173.75,20,97.27,65,Cash,4.5,Delivered,DP208,34.75,236.27,101.68,134.59
ORD102817,CUST1797,REST094,Royal Kitchen,2025-08-03,Pune,Italian,4,972.42,0,74.3,74,UPI,5.0,Cancelled,DP097,0.0,1046.72,740.9,305.82
ORD102818,CUST1115,REST013,Curry Corner,2025-05-11,Kolkata,North Indian,5,1358.85,25,25.29,16,Debit Card,4.5,Cancelled,DP006,339.71,1044.43,813.94,230.49
ORD102819,CUST1263,REST001,Dragon Bowl,2025-12-09,Pune,Biryani,2,1761.05,20,56.3,18,Cash,5.0,Delivered,DP045,352.21,1465.14,972.89,492.25
ORD102820,CUST1661,REST034,Sweet Treats,2025-05-28,Delhi,Fast Food,2,182.24,0,84.41,34,Cash,4.0,Delivered,DP065,0.0,266.65,135.45,131.2
ORD102821,CUST1811,REST062,Curry Corner,2025-04-19,Hyderabad,North Indian,3,1027.07,15,63.66,55,UPI,3.5,Delivered,DP205,154.06,936.67,754.63,182.04
ORD102822,CUST1441,REST079,Biryani House,2025-02-09,Pune,Biryani,1,875.9,10,26.27,50,UPI,5.0,Delivered,DP037,87.59,814.58,573.72,240.86
ORD102823,CUST1547,REST078,Pizza Point,2025-05-01,Ahmedabad,Indian,2,527.31,25,29.61,51,Credit Card,5.0,Delivered,DP227,131.83,425.09,386.7,38.39
ORD102824,CUST1452,REST093,Biryani House,2025-10-22,Mumbai,Chinese,5,1191.44,0,88.45,20,UPI,4.5,Delivered,DP236,0.0,1279.89,778.5,501.39
ORD102825,CUST1844,REST098,Curry Corner,2025-04-30,Kolkata,Italian,1,394.89,5,59.8,66,Wallet,4.5,Cancelled,DP090,19.74,434.95,237.58,197.37
ORD102826,CUST1476,REST082,Biryani House,2025-01-18,Pune,Chinese,5,596.89,10,75.0,15,Cash,5.0,Delivered,DP234,59.69,612.2,386.78,225.42
ORD102827,CUST1286,REST071,Royal Kitchen,2025-06-18,Ahmedabad,Fast Food,5,1433.35,20,46.71,59,Debit Card,3.5,Delivered,DP201,286.67,1193.39,948.85,244.54
ORD102828,CUST1302,REST093,Taste of India,2025-07-17,Hyderabad,Biryani,5,893.49,15,60.26,64,UPI,4.5,Delivered,DP145,134.02,819.73,493.27,326.46
ORD102829,CUST1310,REST031,Curry Corner,2025-05-23,Kolkata,Desserts,1,1789.37,10,98.05,17,Cash,3.0,Cancelled,DP102,178.94,1708.48,1030.79,677.69
ORD102830,CUST1207,REST064,Sweet Treats,2025-02-06,Ahmedabad,Fast Food,4,769.25,0,43.02,66,Debit Card,3.5,Delivered,DP110,0.0,812.27,577.86,234.41
ORD102831,CUST1617,REST025,Food Junction,2025-07-05,Bengaluru,Chinese,5,898.28,10,72.36,51,Credit Card,4.0,Delivered,DP227,89.83,880.81,575.13,305.68
ORD102832,CUST1445,REST038,Sweet Treats,2025-09-18,Bengaluru,Biryani,3,624.43,25,29.66,59,Wallet,5.0,Delivered,DP153,156.11,497.98,391.04,106.94
ORD102833,CUST1669,REST014,Taste of India,2025-08-19,Ahmedabad,North Indian,2,516.97,20,25.35,56,Credit Card,4.5,Cancelled,DP050,103.39,438.93,389.96,48.97
ORD102834,CUST1632,REST008,Dragon Bowl,2025-09-11,Delhi,South Indian,2,1669.43,10,81.61,72,UPI,5.0,Delivered,DP123,166.94,1584.1,977.54,606.56
ORD102835,CUST1054,REST091,Food Junction,2025-11-25,Hyderabad,South Indian,2,1378.03,25,86.75,17,Wallet,3.0,Delivered,DP071,344.51,1120.27,826.69,293.58
ORD102836,CUST1011,REST054,Taste of India,2025-10-24,Ahmedabad,North Indian,1,680.12,10,71.81,57,Credit Card,4.0,Cancelled,DP233,68.01,683.92,503.58,180.34
ORD102837,CUST1656,REST002,Food Junction,2025-01-10,Mumbai,Fast Food,3,1296.26,20,28.45,47,Cash,3.5,Delivered,DP111,259.25,1065.46,796.32,269.14
ORD102838,CUST1399,REST081,Dragon Bowl,2025-11-20,Hyderabad,Desserts,3,1742.52,5,35.45,73,UPI,3.0,Delivered,DP031,87.13,1690.84,1212.17,478.67
ORD102839,CUST1647,REST078,Sweet Treats,2025-08-18,Mumbai,South Indian,3,244.4,15,92.45,73,Credit Card,4.0,Cancelled,DP160,36.66,300.19,175.99,124.2
ORD102840,CUST1514,REST089,Dragon Bowl,2025-01-24,Mumbai,Desserts,3,564.37,10,39.54,29,Wallet,4.0,Cancelled,DP115,56.44,547.47,339.31,208.16
ORD102841,CUST1655,REST056,Curry Corner,2025-03-19,Hyderabad,Desserts,3,456.97,10,84.6,70,Wallet,4.0,Cancelled,DP048,45.7,495.87,277.97,217.9
ORD102842,CUST1541,REST094,Spice Hub,2025-07-12,Kolkata,South Indian,4,1581.24,5,39.3,70,Debit Card,3.5,Delivered,DP211,79.06,1541.48,1057.45,484.03
ORD102843,CUST1236,REST093,Dosa Express,2025-04-19,Chennai,Indian,3,421.04,0,94.85,75,Wallet,4.5,Delivered,DP243,0.0,515.89,308.29,207.6
ORD102844,CUST1278,REST084,Dosa Express,2025-10-07,Hyderabad,South Indian,3,637.57,10,92.73,18,Wallet,5.0,Delivered,DP145,63.76,666.54,431.96,234.58
ORD102845,CUST1347,REST085,Taste of India,2025-09-20,Ahmedabad,Indian,1,1033.69,25,18.68,29,UPI,4.5,Delivered,DP189,258.42,793.95,584.54,209.41
ORD102846,CUST1626,REST061,Dosa Express,2025-11-25,Kolkata,Italian,1,1163.44,20,80.49,21,Wallet,5.0,Delivered,DP185,232.69,1011.24,733.77,277.47
ORD102847,CUST1103,REST022,Sweet Treats,2025-12-29,Mumbai,Indian,3,1477.75,25,29.4,61,Debit Card,5.0,Delivered,DP057,369.44,1137.71,925.14,212.57
ORD102848,CUST1629,REST035,The Food Factory,2025-12-21,Kolkata,Indian,4,804.3,20,33.3,18,Wallet,4.0,Delivered,DP198,160.86,676.74,591.76,84.98
ORD102849,CUST1516,REST016,Taste of India,2025-09-25,Kolkata,Chinese,3,1017.53,10,54.09,17,Debit Card,4.5,Delivered,DP217,101.75,969.87,627.43,342.44
ORD102850,CUST1871,REST050,Food Junction,2025-12-07,Pune,Desserts,3,1741.98,0,63.99,37,Cash,4.5,Delivered,DP249,0.0,1805.97,1319.17,486.8
ORD102851,CUST1247,REST043,Dragon Bowl,2025-09-16,Ahmedabad,Desserts,3,619.57,20,42.69,28,Debit Card,4.0,Cancelled,DP161,123.91,538.35,388.5,149.85
ORD102852,CUST1363,REST017,Dragon Bowl,2025-12-01,Bengaluru,Indian,5,536.8,25,63.91,20,UPI,5.0,Delivered,DP147,134.2,466.51,319.21,147.3
ORD102853,CUST1320,REST080,Pizza Point,2025-03-26,Bengaluru,Indian,4,1313.81,25,29.51,47,Credit Card,4.0,Delivered,DP015,328.45,1014.87,885.75,129.12
ORD102854,CUST1632,REST058,Biryani House,2025-01-10,Ahmedabad,Chinese,2,1415.51,10,16.9,23,Credit Card,3.0,Delivered,DP163,141.55,1290.86,904.33,386.53
ORD102855,CUST1285,REST002,Sweet Treats,2025-10-16,Ahmedabad,Indian,3,816.83,10,63.55,26,Cash,4.5,Cancelled,DP177,81.68,798.7,570.92,227.78
ORD102856,CUST1148,REST004,Food Junction,2025-10-29,Delhi,South Indian,2,477.8,10,58.98,64,UPI,4.5,Delivered,DP224,47.78,489.0,363.42,125.58
ORD102857,CUST1083,REST085,The Food Factory,2025-02-28,Bengaluru,North Indian,4,1428.59,15,73.62,75,Cash,4.5,Delivered,DP230,214.29,1287.92,1094.84,193.08
ORD102858,CUST1405,REST039,Pizza Point,2025-11-04,Chennai,Indian,3,1246.43,20,70.23,49,Cash,4.0,Cancelled,DP164,249.29,1067.37,750.72,316.65
ORD102859,CUST1455,REST098,Dosa Express,2025-09-19,Mumbai,Italian,2,1592.06,0,91.29,67,Wallet,4.5,Delivered,DP224,0.0,1683.35,935.05,748.3
ORD102860,CUST1742,REST094,The Food Factory,2025-10-12,Hyderabad,Indian,2,1538.47,15,54.05,45,Wallet,4.0,Cancelled,DP224,230.77,1361.75,1178.76,182.99
ORD102861,CUST1799,REST006,Taste of India,2025-04-29,Hyderabad,Indian,4,464.73,0,15.71,65,UPI,5.0,Delivered,DP232,0.0,480.44,342.44,138.0
ORD102862,CUST1160,REST081,Royal Kitchen,2025-06-17,Chennai,Italian,3,1518.33,15,68.61,17,Credit Card,5.0,Cancelled,DP054,227.75,1359.19,926.46,432.73
ORD102863,CUST1783,REST089,Dragon Bowl,2025-12-19,Bengaluru,North Indian,5,414.29,25,72.39,70,Debit Card,4.5,Delivered,DP036,103.57,383.11,304.56,78.55
ORD102864,CUST1459,REST069,Urban Tadka,2025-07-08,Mumbai,Chinese,4,1571.02,15,59.33,60,Wallet,3.5,Delivered,DP053,235.65,1394.7,1131.83,262.87
ORD102865,CUST1549,REST069,Urban Tadka,2025-09-08,Bengaluru,South Indian,5,1414.14,5,73.59,50,UPI,4.0,Delivered,DP188,70.71,1417.02,860.25,556.77
ORD102866,CUST1499,REST020,Dosa Express,2025-11-20,Kolkata,North Indian,3,1077.37,0,42.5,27,UPI,4.0,Delivered,DP226,0.0,1119.87,817.0,302.87
ORD102867,CUST1737,REST064,Urban Tadka,2025-08-17,Delhi,Indian,2,1198.93,0,27.65,27,Credit Card,4.5,Delivered,DP074,0.0,1226.58,748.15,478.43
ORD102868,CUST1508,REST016,Urban Tadka,2025-07-09,Bengaluru,South Indian,4,294.85,0,71.49,72,UPI,3.0,Delivered,DP044,0.0,366.34,194.73,171.61
ORD102869,CUST1653,REST051,Food Junction,2025-11-12,Delhi,Fast Food,4,187.01,15,35.84,48,UPI,4.5,Delivered,DP033,28.05,194.8,129.06,65.74
ORD102870,CUST1803,REST037,Food Junction,2025-05-04,Ahmedabad,Desserts,4,675.49,0,53.79,35,Credit Card,4.0,Cancelled,DP172,0.0,729.28,401.23,328.05
ORD102871,CUST1480,REST073,Biryani House,2025-03-25,Ahmedabad,South Indian,1,1499.96,20,56.79,48,Wallet,4.5,Delivered,DP055,299.99,1256.76,1035.87,220.89
ORD102872,CUST1662,REST069,Curry Corner,2025-10-24,Hyderabad,Chinese,3,902.52,5,55.56,56,Credit Card,3.0,Delivered,DP202,45.13,912.95,642.99,269.96
ORD102873,CUST1113,REST042,Dosa Express,2025-08-03,Mumbai,Chinese,1,495.3,10,65.87,57,Cash,4.0,Delivered,DP044,49.53,511.64,283.98,227.66
ORD102874,CUST1748,REST057,Urban Tadka,2025-08-25,Pune,Desserts,4,1522.04,15,17.5,42,Wallet,4.5,Delivered,DP051,228.31,1311.23,969.92,341.31
ORD102875,CUST1577,REST066,Biryani House,2025-04-23,Kolkata,North Indian,4,504.09,10,99.12,70,Cash,4.5,Delivered,DP099,50.41,552.8,348.21,204.59
ORD102876,CUST1360,REST009,Dosa Express,2025-08-05,Delhi,Indian,5,1490.03,10,75.89,61,UPI,4.5,Cancelled,DP086,149.0,1416.92,1136.94,279.98
ORD102877,CUST1340,REST100,Urban Tadka,2025-11-17,Bengaluru,Desserts,1,881.01,15,51.16,49,Cash,4.5,Delivered,DP051,132.15,800.02,665.1,134.92
ORD102878,CUST1769,REST086,Sweet Treats,2025-09-03,Ahmedabad,Italian,2,898.67,20,31.26,28,Credit Card,5.0,Delivered,DP215,179.73,750.2,529.34,220.86
ORD102879,CUST1760,REST064,Dragon Bowl,2025-12-01,Kolkata,Chinese,3,578.17,15,21.82,32,Credit Card,3.0,Delivered,DP135,86.73,513.26,399.18,114.08
ORD102880,CUST1448,REST086,Spice Hub,2025-11-15,Bengaluru,Italian,2,1632.29,0,72.14,33,Debit Card,4.0,Cancelled,DP213,0.0,1704.43,934.56,769.87
ORD102881,CUST1842,REST022,Sweet Treats,2025-02-06,Kolkata,North Indian,2,269.16,5,41.94,33,UPI,4.5,Delivered,DP129,13.46,297.64,166.23,131.41
ORD102882,CUST1834,REST034,Pizza Point,2025-03-05,Hyderabad,North Indian,3,362.6,15,34.51,47,Credit Card,5.0,Delivered,DP141,54.39,342.72,249.24,93.48
ORD102883,CUST1179,REST055,Dosa Express,2025-08-07,Chennai,Fast Food,4,1188.29,10,47.3,65,Wallet,4.5,Delivered,DP201,118.83,1116.76,675.8,440.96
ORD102884,CUST1701,REST029,Curry Corner,2025-12-08,Kolkata,Italian,5,1548.19,15,65.4,49,Credit Card,4.0,Delivered,DP048,232.23,1381.36,1168.01,213.35
ORD102885,CUST1406,REST038,Pizza Point,2025-02-03,Ahmedabad,North Indian,4,280.36,5,72.09,34,Wallet,3.5,Delivered,DP127,14.02,338.43,207.65,130.78
ORD102886,CUST1665,REST097,Biryani House,2025-02-08,Pune,North Indian,4,1352.7,0,69.84,43,UPI,4.5,Delivered,DP114,0.0,1422.54,891.27,531.27
ORD102887,CUST1195,REST018,Biryani House,2025-03-08,Chennai,North Indian,1,1367.42,20,88.38,22,Debit Card,4.0,Delivered,DP239,273.48,1182.32,906.74,275.58
ORD102888,CUST1465,REST071,Urban Tadka,2025-07-28,Ahmedabad,Desserts,2,1096.96,10,33.59,39,Debit Card,4.5,Cancelled,DP084,109.7,1020.85,825.7,195.15
ORD102889,CUST1310,REST065,Pizza Point,2025-11-14,Bengaluru,Biryani,2,937.7,0,69.12,31,Cash,4.0,Delivered,DP175,0.0,1006.82,526.61,480.21
ORD102890,CUST1261,REST097,Dragon Bowl,2025-12-10,Ahmedabad,North Indian,2,659.43,0,23.59,15,Credit Card,4.0,Delivered,DP047,0.0,683.02,384.51,298.51
ORD102891,CUST1418,REST001,Urban Tadka,2025-06-01,Chennai,North Indian,5,710.46,25,61.57,52,UPI,3.5,Delivered,DP010,177.62,594.41,441.08,153.33
ORD102892,CUST1405,REST088,Dosa Express,2025-12-31,Kolkata,Italian,5,1253.05,5,64.64,63,Cash,3.0,Delivered,DP026,62.65,1255.04,794.19,460.85
ORD102893,CUST1142,REST004,Biryani House,2025-07-18,Pune,Chinese,5,229.68,20,33.38,74,UPI,4.0,Delivered,DP050,45.94,217.12,178.49,38.63
ORD102894,CUST1341,REST004,Spice Hub,2025-03-30,Pune,Italian,3,1102.69,15,48.29,67,UPI,4.0,Delivered,DP175,165.4,985.58,643.88,341.7
ORD102895,CUST1315,REST082,Biryani House,2025-09-05,Mumbai,Italian,5,588.27,0,85.31,44,Cash,4.5,Delivered,DP172,0.0,673.58,364.56,309.02
ORD102896,CUST1100,REST027,Food Junction,2025-11-19,Ahmedabad,Biryani,1,903.9,25,27.61,42,UPI,4.5,Delivered,DP129,225.98,705.53,669.27,36.26
ORD102897,CUST1243,REST043,Royal Kitchen,2025-03-20,Chennai,Biryani,1,1059.09,0,51.93,47,Cash,3.0,Delivered,DP109,0.0,1111.02,773.56,337.46
ORD102898,CUST1489,REST059,The Food Factory,2025-10-12,Mumbai,Desserts,4,1607.91,15,94.28,27,Credit Card,4.5,Cancelled,DP063,241.19,1461.0,1126.51,334.49
ORD102899,CUST1011,REST032,Curry Corner,2025-11-26,Bengaluru,Indian,4,1092.85,20,57.85,38,Cash,5.0,Delivered,DP145,218.57,932.13,683.65,248.48
ORD102900,CUST1238,REST033,Pizza Point,2025-02-01,Bengaluru,Chinese,4,501.63,10,76.64,58,Credit Card,4.0,Delivered,DP145,50.16,528.11,289.49,238.62
ORD102901,CUST1560,REST028,Urban Tadka,2025-03-28,Bengaluru,North Indian,4,253.49,15,85.28,51,Debit Card,4.5,Delivered,DP167,38.02,300.75,196.76,103.99
ORD102902,CUST1041,REST055,The Food Factory,2025-02-08,Hyderabad,Desserts,1,1173.34,5,32.32,36,Cash,4.5,Delivered,DP043,58.67,1146.99,713.19,433.8
ORD102903,CUST1677,REST100,The Food Factory,2025-04-11,Chennai,Indian,4,1035.68,25,33.55,66,Debit Card,4.0,Cancelled,DP204,258.92,810.31,770.82,39.49
ORD102904,CUST1593,REST060,Sweet Treats,2025-09-01,Delhi,North Indian,1,1248.62,5,79.48,27,Cash,3.5,Delivered,DP041,62.43,1265.67,943.77,321.9
ORD102905,CUST1428,REST070,Royal Kitchen,2025-08-20,Pune,North Indian,5,891.79,10,79.03,54,UPI,3.5,Delivered,DP015,89.18,881.64,580.92,300.72
ORD102906,CUST1802,REST062,Taste of India,2025-03-09,Delhi,Biryani,5,1506.21,10,20.12,26,Debit Card,3.5,Delivered,DP129,150.62,1375.71,1123.17,252.54
ORD102907,CUST1157,REST080,Sweet Treats,2025-07-11,Bengaluru,North Indian,3,1665.9,10,42.41,71,Wallet,4.5,Delivered,DP058,166.59,1541.72,1023.16,518.56
ORD102908,CUST1215,REST034,Sweet Treats,2025-01-28,Kolkata,North Indian,4,187.21,25,48.88,55,Wallet,4.0,Delivered,DP054,46.8,189.29,141.28,48.01
ORD102909,CUST1669,REST087,Curry Corner,2025-09-27,Ahmedabad,Italian,5,1370.07,25,85.47,63,Wallet,5.0,Delivered,DP224,342.52,1113.02,953.94,159.08
ORD102910,CUST1461,REST088,Food Junction,2025-08-14,Kolkata,Biryani,5,179.07,5,50.86,60,Debit Card,5.0,Delivered,DP203,8.95,220.98,106.49,114.49
ORD102911,CUST1133,REST056,Biryani House,2025-03-18,Chennai,Fast Food,2,867.76,20,93.7,21,Credit Card,4.5,Delivered,DP133,173.55,787.91,634.25,153.66
ORD102912,CUST1066,REST013,Sweet Treats,2025-08-11,Kolkata,Italian,2,895.49,25,99.71,50,Cash,4.5,Delivered,DP062,223.87,771.33,680.71,90.62
ORD102913,CUST1847,REST056,Dosa Express,2025-06-16,Mumbai,Indian,1,1289.65,20,81.36,43,UPI,3.0,Delivered,DP243,257.93,1113.08,878.51,234.57
ORD102914,CUST1006,REST018,Biryani House,2025-10-11,Ahmedabad,Italian,3,712.04,25,71.64,43,UPI,4.5,Cancelled,DP210,178.01,605.67,516.15,89.52
ORD102915,CUST1525,REST054,Food Junction,2025-07-11,Ahmedabad,Desserts,2,1499.11,15,48.31,40,Debit Card,5.0,Delivered,DP242,224.87,1322.55,1098.55,224.0
ORD102916,CUST1072,REST077,Urban Tadka,2025-03-30,Delhi,Fast Food,3,696.01,0,20.7,41,Wallet,3.0,Cancelled,DP127,0.0,716.71,508.86,207.85
ORD102917,CUST1398,REST043,Taste of India,2025-02-01,Kolkata,Biryani,5,695.43,0,63.72,38,UPI,4.0,Delivered,DP210,0.0,759.15,455.17,303.98
ORD102918,CUST1404,REST039,Biryani House,2025-05-17,Bengaluru,Chinese,1,494.24,0,45.74,45,UPI,3.0,Delivered,DP215,0.0,539.98,355.95,184.03
ORD102919,CUST1674,REST061,Pizza Point,2025-06-05,Delhi,North Indian,3,1268.9,5,44.83,21,Credit Card,4.5,Cancelled,DP244,63.44,1250.29,857.98,392.31
ORD102920,CUST1577,REST042,Curry Corner,2025-09-07,Delhi,South Indian,2,248.67,10,73.46,31,UPI,3.5,Delivered,DP071,24.87,297.26,160.48,136.78
ORD102921,CUST1858,REST081,The Food Factory,2025-04-05,Pune,Chinese,5,729.93,20,54.41,63,UPI,4.0,Delivered,DP046,145.99,638.35,429.3,209.05
ORD102922,CUST1129,REST079,Dragon Bowl,2025-01-17,Delhi,Chinese,4,568.38,25,78.93,47,Cash,4.5,Delivered,DP090,142.1,505.21,431.45,73.76
ORD102923,CUST1465,REST018,Royal Kitchen,2025-04-27,Bengaluru,North Indian,5,505.28,15,48.84,48,UPI,3.5,Delivered,DP193,75.79,478.33,326.12,152.21
ORD102924,CUST1205,REST023,Urban Tadka,2025-11-29,Pune,Biryani,2,222.45,20,27.82,72,Cash,4.5,Delivered,DP156,44.49,205.78,134.6,71.18
ORD102925,CUST1787,REST054,Food Junction,2025-11-07,Ahmedabad,Chinese,2,439.84,5,54.21,32,Wallet,3.0,Cancelled,DP122,21.99,472.06,266.42,205.64
ORD102926,CUST1767,REST030,Sweet Treats,2025-01-10,Bengaluru,Fast Food,4,869.69,0,95.84,55,Credit Card,3.5,Delivered,DP084,0.0,965.53,526.75,438.78
ORD102927,CUST1265,REST098,Dosa Express,2025-03-21,Hyderabad,North Indian,5,966.29,20,83.13,19,UPI,4.0,Cancelled,DP169,193.26,856.16,532.01,324.15
ORD102928,CUST1536,REST058,Dosa Express,2025-05-14,Ahmedabad,Biryani,3,572.77,0,32.49,15,Credit Card,4.5,Delivered,DP240,0.0,605.26,372.75,232.51
ORD102929,CUST1792,REST068,Taste of India,2025-07-22,Ahmedabad,Desserts,3,1212.41,15,48.26,21,Credit Card,5.0,Cancelled,DP151,181.86,1078.81,915.2,163.61
ORD102930,CUST1252,REST067,Food Junction,2025-04-26,Kolkata,Chinese,5,684.13,0,93.86,72,Credit Card,4.0,Delivered,DP160,0.0,777.99,380.23,397.76
ORD102931,CUST1821,REST071,Urban Tadka,2025-08-08,Hyderabad,North Indian,3,736.97,15,25.51,48,Debit Card,3.5,Delivered,DP186,110.55,651.93,567.48,84.45
ORD102932,CUST1288,REST018,Pizza Point,2025-09-10,Kolkata,South Indian,5,1434.81,10,36.59,17,Cash,5.0,Cancelled,DP230,143.48,1327.92,848.26,479.66
ORD102933,CUST1163,REST007,The Food Factory,2025-06-18,Hyderabad,Indian,5,1047.3,15,37.29,50,Credit Card,4.5,Delivered,DP167,157.1,927.49,749.18,178.31
ORD102934,CUST1094,REST040,Sweet Treats,2025-12-01,Delhi,Biryani,2,1721.33,25,63.53,49,Wallet,3.5,Delivered,DP082,430.33,1354.53,1257.65,96.88
ORD102935,CUST1781,REST070,Dragon Bowl,2025-11-12,Chennai,Biryani,1,723.63,10,49.91,65,UPI,4.5,Cancelled,DP033,72.36,701.18,520.35,180.83
ORD102936,CUST1832,REST086,Royal Kitchen,2025-07-24,Bengaluru,Italian,2,1510.77,5,21.79,71,Credit Card,5.0,Cancelled,DP186,75.54,1457.02,948.78,508.24
ORD102937,CUST1109,REST065,Curry Corner,2025-10-25,Hyderabad,Desserts,3,1360.41,0,68.48,26,Credit Card,3.0,Cancelled,DP089,0.0,1428.89,968.44,460.45
ORD102938,CUST1335,REST068,Spice Hub,2025-09-05,Ahmedabad,North Indian,1,1615.52,15,23.42,29,UPI,3.5,Delivered,DP160,242.33,1396.61,1064.28,332.33
ORD102939,CUST1821,REST049,Spice Hub,2025-12-31,Ahmedabad,Chinese,5,1727.41,15,66.55,18,Wallet,4.0,Cancelled,DP240,259.11,1534.85,1010.54,524.31
ORD102940,CUST1237,REST052,Sweet Treats,2025-03-12,Chennai,Indian,3,132.9,0,58.1,70,Credit Card,4.5,Delivered,DP114,0.0,191.0,79.24,111.76
ORD102941,CUST1380,REST029,Urban Tadka,2025-06-05,Hyderabad,North Indian,4,268.34,0,56.96,47,Credit Card,3.5,Delivered,DP050,0.0,325.3,149.19,176.11
ORD102942,CUST1435,REST021,Sweet Treats,2025-04-12,Ahmedabad,South Indian,3,1252.89,5,20.74,30,Wallet,5.0,Delivered,DP179,62.64,1210.99,784.75,426.24
ORD102943,CUST1898,REST090,Food Junction,2025-01-13,Kolkata,Fast Food,1,775.54,10,69.33,43,Credit Card,4.5,Cancelled,DP220,77.55,767.32,556.4,210.92
ORD102944,CUST1482,REST078,Royal Kitchen,2025-09-28,Hyderabad,Biryani,1,1496.13,5,51.66,20,Wallet,4.5,Delivered,DP205,74.81,1472.98,1156.33,316.65
ORD102945,CUST1024,REST009,Spice Hub,2025-10-19,Chennai,Fast Food,5,140.13,0,49.94,63,Credit Card,3.5,Delivered,DP019,0.0,190.07,81.38,108.69
ORD102946,CUST1652,REST047,Taste of India,2025-08-08,Hyderabad,Fast Food,4,1475.72,5,65.7,51,UPI,5.0,Delivered,DP003,73.79,1467.63,931.56,536.07
ORD102947,CUST1116,REST076,Food Junction,2025-01-15,Delhi,Fast Food,5,347.21,10,66.53,37,Wallet,4.5,Delivered,DP116,34.72,379.02,205.46,173.56
ORD102948,CUST1481,REST042,Spice Hub,2025-08-26,Delhi,Desserts,4,607.62,0,16.28,27,UPI,4.0,Delivered,DP091,0.0,623.9,440.53,183.37
ORD102949,CUST1391,REST051,Pizza Point,2025-04-27,Pune,Italian,4,1748.05,20,25.64,58,UPI,5.0,Delivered,DP145,349.61,1424.08,1331.15,92.93
ORD102950,CUST1536,REST056,Royal Kitchen,2025-11-27,Delhi,North Indian,5,206.68,0,35.1,15,Credit Card,5.0,Delivered,DP043,0.0,241.78,119.09,122.69
ORD102951,CUST1078,REST051,Dragon Bowl,2025-02-25,Mumbai,Fast Food,3,706.39,25,72.63,71,Wallet,4.0,Delivered,DP157,176.6,602.42,535.32,67.1
ORD102952,CUST1579,REST070,The Food Factory,2025-12-17,Pune,Chinese,2,262.01,15,64.02,26,Debit Card,4.0,Delivered,DP241,39.3,286.73,160.47,126.26
ORD102953,CUST1172,REST020,Dosa Express,2025-05-12,Hyderabad,Chinese,4,1554.06,15,79.4,41,UPI,3.5,Delivered,DP108,233.11,1400.35,934.46,465.89
ORD102954,CUST1011,REST088,Food Junction,2025-08-14,Mumbai,Indian,1,1301.07,0,77.95,39,UPI,5.0,Delivered,DP044,0.0,1379.02,732.54,646.48
ORD102955,CUST1799,REST027,Dosa Express,2025-11-04,Bengaluru,Indian,5,1464.57,20,87.52,36,UPI,5.0,Cancelled,DP052,292.91,1259.18,832.62,426.56
ORD102956,CUST1127,REST038,Dosa Express,2025-08-10,Chennai,South Indian,3,1005.83,5,47.03,48,Credit Card,4.0,Delivered,DP240,50.29,1002.57,569.22,433.35
ORD102957,CUST1607,REST072,Royal Kitchen,2025-06-22,Bengaluru,Fast Food,4,720.97,25,44.33,32,Credit Card,4.5,Delivered,DP097,180.24,585.06,470.56,114.5
ORD102958,CUST1091,REST065,Royal Kitchen,2025-12-06,Mumbai,Fast Food,3,123.82,25,85.64,55,UPI,4.5,Delivered,DP028,30.96,178.5,86.86,91.64
ORD102959,CUST1652,REST054,Spice Hub,2025-10-12,Ahmedabad,Italian,5,586.92,15,35.2,30,Credit Card,4.0,Delivered,DP212,88.04,534.08,347.7,186.38
ORD102960,CUST1542,REST024,Food Junction,2025-11-05,Delhi,North Indian,1,984.45,0,54.2,43,Credit Card,4.5,Delivered,DP109,0.0,1038.65,590.73,447.92
ORD102961,CUST1845,REST047,The Food Factory,2025-06-06,Kolkata,Fast Food,4,1236.13,20,31.52,44,Credit Card,4.0,Delivered,DP162,247.23,1020.42,729.03,291.39
ORD102962,CUST1531,REST071,Pizza Point,2025-05-31,Hyderabad,Fast Food,4,504.61,10,92.68,44,Cash,4.5,Delivered,DP208,50.46,546.83,371.14,175.69
ORD102963,CUST1657,REST083,Biryani House,2025-07-04,Pune,Desserts,3,353.35,25,49.66,34,Wallet,3.5,Delivered,DP231,88.34,314.67,205.49,109.18
ORD102964,CUST1827,REST086,Taste of India,2025-06-27,Ahmedabad,North Indian,5,458.71,5,33.06,61,Credit Card,4.5,Delivered,DP054,22.94,468.83,260.03,208.8
ORD102965,CUST1446,REST063,Dosa Express,2025-01-21,Kolkata,Fast Food,2,714.85,20,73.82,36,Cash,4.0,Delivered,DP002,142.97,645.7,399.2,246.5
ORD102966,CUST1389,REST057,The Food Factory,2025-04-22,Ahmedabad,Biryani,4,369.28,25,35.79,75,Cash,3.0,Delivered,DP114,92.32,312.75,206.51,106.24
ORD102967,CUST1671,REST055,Royal Kitchen,2025-06-20,Kolkata,Biryani,1,383.45,10,95.2,56,Credit Card,3.5,Delivered,DP220,38.34,440.31,259.11,181.2
ORD102968,CUST1860,REST060,Curry Corner,2025-05-18,Hyderabad,Desserts,4,193.5,20,46.25,48,Cash,4.5,Cancelled,DP017,38.7,201.05,110.61,90.44
ORD102969,CUST1042,REST099,Curry Corner,2025-08-21,Delhi,Desserts,4,1559.3,20,71.49,18,Debit Card,4.0,Delivered,DP240,311.86,1318.93,937.39,381.54
ORD102970,CUST1253,REST062,Biryani House,2025-11-28,Hyderabad,Italian,2,489.19,5,44.35,64,Cash,4.5,Delivered,DP212,24.46,509.08,362.74,146.34
ORD102971,CUST1129,REST030,Biryani House,2025-01-30,Chennai,Desserts,2,1500.8,0,83.62,45,Wallet,4.0,Delivered,DP146,0.0,1584.42,1159.62,424.8
ORD102972,CUST1059,REST093,Biryani House,2025-11-03,Kolkata,Italian,5,856.36,10,91.24,65,Cash,4.5,Delivered,DP245,85.64,861.96,640.55,221.41
ORD102973,CUST1662,REST022,Dragon Bowl,2025-06-10,Chennai,Desserts,4,1182.5,0,81.97,64,Credit Card,4.5,Delivered,DP028,0.0,1264.47,911.36,353.11
ORD102974,CUST1466,REST075,Taste of India,2025-03-19,Ahmedabad,Desserts,4,247.18,10,87.12,28,UPI,4.0,Delivered,DP028,24.72,309.58,174.07,135.51
ORD102975,CUST1286,REST084,Taste of India,2025-10-05,Chennai,Chinese,3,1100.42,25,23.66,22,Debit Card,3.5,Delivered,DP180,275.1,848.98,855.09,-6.11
ORD102976,CUST1516,REST029,Pizza Point,2025-11-16,Bengaluru,Italian,3,607.19,25,93.55,51,Cash,4.0,Delivered,DP016,151.8,548.94,403.27,145.67
ORD102977,CUST1466,REST041,Dosa Express,2025-01-21,Ahmedabad,South Indian,1,279.95,5,68.07,19,Debit Card,4.5,Delivered,DP161,14.0,334.02,205.14,128.88
ORD102978,CUST1777,REST042,Urban Tadka,2025-12-29,Delhi,Chinese,1,1645.83,0,88.88,22,Wallet,4.5,Delivered,DP085,0.0,1734.71,1273.02,461.69
ORD102979,CUST1344,REST098,Dragon Bowl,2025-05-23,Chennai,Desserts,3,1134.1,25,73.18,25,Cash,3.5,Cancelled,DP005,283.52,923.76,808.77,114.99
ORD102980,CUST1641,REST065,Curry Corner,2025-02-05,Mumbai,North Indian,1,526.07,5,32.16,70,Cash,4.5,Delivered,DP239,26.3,531.93,405.1,126.83
ORD102981,CUST1381,REST031,Spice Hub,2025-10-30,Chennai,Fast Food,4,825.01,20,66.81,43,Debit Card,3.5,Delivered,DP045,165.0,726.82,501.89,224.93
ORD102982,CUST1778,REST030,Spice Hub,2025-08-02,Pune,Desserts,2,719.59,20,22.73,69,Cash,4.0,Cancelled,DP165,143.92,598.4,445.47,152.93
ORD102983,CUST1689,REST018,Biryani House,2025-02-01,Bengaluru,Italian,4,1296.97,5,74.14,35,Cash,4.5,Delivered,DP210,64.85,1306.26,831.83,474.43
ORD102984,CUST1252,REST017,Sweet Treats,2025-07-05,Mumbai,South Indian,3,1140.49,10,49.77,53,UPI,4.0,Delivered,DP052,114.05,1076.21,749.14,327.07
ORD102985,CUST1055,REST038,Curry Corner,2025-06-23,Kolkata,Italian,5,153.23,25,27.9,27,Debit Card,4.5,Delivered,DP192,38.31,142.82,115.9,26.92
ORD102986,CUST1462,REST014,Urban Tadka,2025-02-23,Delhi,Desserts,5,452.35,20,98.23,63,Credit Card,5.0,Delivered,DP062,90.47,460.11,341.17,118.94
ORD102987,CUST1456,REST087,Dragon Bowl,2025-06-10,Delhi,Italian,3,923.25,10,91.59,33,Credit Card,3.5,Delivered,DP005,92.32,922.52,647.5,275.02
ORD102988,CUST1082,REST089,Urban Tadka,2025-09-07,Pune,Chinese,4,868.42,0,90.95,17,Wallet,4.5,Delivered,DP240,0.0,959.37,524.03,435.34
ORD102989,CUST1098,REST079,Spice Hub,2025-09-08,Kolkata,North Indian,1,988.01,15,82.05,48,UPI,5.0,Cancelled,DP107,148.2,921.86,598.03,323.83
ORD102990,CUST1148,REST056,Sweet Treats,2025-10-06,Chennai,North Indian,1,1320.88,20,73.82,52,Debit Card,3.5,Delivered,DP011,264.18,1130.52,918.41,212.11
ORD102991,CUST1328,REST022,Urban Tadka,2025-06-20,Mumbai,Chinese,5,1265.78,20,70.68,33,Debit Card,4.0,Delivered,DP086,253.16,1083.3,842.73,240.57
ORD102992,CUST1155,REST067,Curry Corner,2025-07-02,Pune,Desserts,3,746.33,0,24.02,46,UPI,3.5,Delivered,DP215,0.0,770.35,454.86,315.49
ORD102993,CUST1189,REST056,Dosa Express,2025-01-02,Mumbai,Indian,3,1594.34,10,91.55,61,UPI,4.5,Delivered,DP218,159.43,1526.46,938.58,587.88
ORD102994,CUST1493,REST019,The Food Factory,2025-07-13,Chennai,Chinese,2,225.73,5,89.9,50,Wallet,4.5,Delivered,DP219,11.29,304.34,161.67,142.67
ORD102995,CUST1882,REST057,Sweet Treats,2025-06-15,Kolkata,Chinese,5,1101.98,0,78.57,65,Credit Card,4.5,Cancelled,DP131,0.0,1180.55,812.21,368.34
ORD102996,CUST1262,REST044,Urban Tadka,2025-09-04,Chennai,Biryani,3,1715.47,0,93.82,53,Debit Card,4.5,Cancelled,DP179,0.0,1809.29,1046.61,762.68
ORD102997,CUST1079,REST098,Royal Kitchen,2025-09-01,Hyderabad,Desserts,2,1042.46,0,62.01,66,UPI,4.5,Delivered,DP234,0.0,1104.47,675.23,429.24
ORD102998,CUST1399,REST035,Sweet Treats,2025-04-20,Hyderabad,Italian,1,884.58,0,53.05,67,Debit Card,3.0,Delivered,DP060,0.0,937.63,631.68,305.95
ORD102999,CUST1763,REST001,Sweet Treats,2025-11-19,Chennai,Chinese,5,344.98,15,97.28,28,Credit Card,5.0,Cancelled,DP066,51.75,390.51,226.97,163.54
ORD103000,CUST1608,REST052,Dosa Express,2025-03-12,Bengaluru,Italian,5,1481.12,15,54.45,21,Debit Card,4.0,Delivered,DP185,222.17,1313.4,1142.08,171.32
ORD103001,CUST1259,REST085,Curry Corner,2025-06-13,Pune,Italian,3,747.98,0,69.51,34,Debit Card,3.5,Delivered,DP017,0.0,817.49,433.68,383.81
ORD103002,CUST1771,REST093,Dragon Bowl,2025-10-12,Hyderabad,Biryani,3,1298.09,15,46.71,46,UPI,5.0,Delivered,DP131,194.71,1150.09,969.02,181.07
ORD103003,CUST1614,REST070,Spice Hub,2025-04-23,Ahmedabad,Desserts,4,451.88,25,69.09,60,UPI,5.0,Delivered,DP131,112.97,408.0,280.34,127.66
ORD103004,CUST1551,REST037,Royal Kitchen,2025-08-16,Chennai,Italian,1,190.33,15,76.21,68,UPI,4.5,Delivered,DP040,28.55,237.99,134.76,103.23
ORD103005,CUST1784,REST065,Dosa Express,2025-10-28,Ahmedabad,South Indian,1,633.19,0,68.1,71,Credit Card,3.5,Delivered,DP080,0.0,701.29,385.2,316.09
ORD103006,CUST1100,REST051,Urban Tadka,2025-01-16,Ahmedabad,Chinese,2,592.78,10,58.74,45,Cash,5.0,Delivered,DP076,59.28,592.24,457.8,134.44
ORD103007,CUST1358,REST001,Biryani House,2025-01-31,Mumbai,Italian,2,1587.44,15,40.51,36,Credit Card,4.5,Delivered,DP063,238.12,1389.83,891.4,498.43
ORD103008,CUST1379,REST091,Dosa Express,2025-06-11,Pune,Indian,4,1572.65,0,69.73,19,UPI,4.5,Delivered,DP246,0.0,1642.38,1050.72,591.66
ORD103009,CUST1819,REST021,Biryani House,2025-11-02,Kolkata,Indian,1,1016.94,10,92.22,45,Wallet,5.0,Cancelled,DP051,101.69,1007.47,772.28,235.19
ORD103010,CUST1220,REST053,Food Junction,2025-07-12,Hyderabad,Biryani,2,151.92,20,15.59,29,Debit Card,3.5,Delivered,DP129,30.38,137.13,99.97,37.16
ORD103011,CUST1819,REST016,Spice Hub,2025-07-29,Kolkata,South Indian,1,503.59,15,26.38,58,Debit Card,4.5,Delivered,DP051,75.54,454.43,374.31,80.12
ORD103012,CUST1419,REST061,Curry Corner,2025-08-20,Bengaluru,North Indian,1,1193.54,0,25.18,75,Debit Card,4.5,Delivered,DP004,0.0,1218.72,917.19,301.53
ORD103013,CUST1123,REST054,The Food Factory,2025-07-03,Pune,North Indian,2,290.37,15,93.47,31,Debit Card,4.0,Delivered,DP209,43.56,340.28,164.23,176.05
ORD103014,CUST1421,REST040,Sweet Treats,2025-01-15,Pune,Chinese,3,1297.05,10,71.33,70,Wallet,3.0,Delivered,DP211,129.71,1238.67,859.2,379.47
ORD103015,CUST1230,REST026,Biryani House,2025-11-01,Delhi,Desserts,3,140.1,25,95.9,67,UPI,3.5,Cancelled,DP132,35.02,200.98,99.17,101.81
ORD103016,CUST1689,REST080,The Food Factory,2025-07-28,Mumbai,Biryani,2,1266.66,0,64.54,51,Cash,4.5,Delivered,DP175,0.0,1331.2,939.1,392.1
ORD103017,CUST1062,REST092,The Food Factory,2025-06-21,Bengaluru,Indian,4,1538.83,10,54.25,33,Debit Card,4.0,Delivered,DP167,153.88,1439.2,904.1,535.1
ORD103018,CUST1484,REST065,Biryani House,2025-09-23,Ahmedabad,South Indian,5,908.29,20,82.35,24,Cash,3.5,Delivered,DP084,181.66,808.98,617.96,191.02
ORD103019,CUST1627,REST100,The Food Factory,2025-01-20,Bengaluru,Chinese,1,1512.86,5,28.68,58,Credit Card,4.0,Delivered,DP049,75.64,1465.9,888.76,577.14
ORD103020,CUST1702,REST074,Sweet Treats,2025-03-11,Kolkata,Italian,5,1432.97,0,47.41,48,Credit Card,4.0,Delivered,DP185,0.0,1480.38,1037.1,443.28
ORD103021,CUST1573,REST064,Dragon Bowl,2025-01-08,Bengaluru,Chinese,2,1247.98,25,54.63,63,Debit Card,3.0,Delivered,DP246,312.0,990.61,768.09,222.52
ORD103022,CUST1767,REST043,Pizza Point,2025-02-03,Mumbai,Fast Food,1,867.85,5,40.37,39,UPI,3.5,Cancelled,DP233,43.39,864.83,530.98,333.85
ORD103023,CUST1482,REST017,Food Junction,2025-08-12,Bengaluru,Chinese,5,576.8,15,46.56,51,Wallet,5.0,Delivered,DP039,86.52,536.84,419.36,117.48
ORD103024,CUST1518,REST059,Biryani House,2025-06-28,Delhi,Italian,3,1566.25,10,21.64,72,Debit Card,3.0,Delivered,DP196,156.62,1431.27,1164.76,266.51
ORD103025,CUST1154,REST023,Sweet Treats,2025-09-03,Hyderabad,Fast Food,4,1209.63,0,31.83,42,Credit Card,4.5,Delivered,DP145,0.0,1241.46,760.82,480.64
ORD103026,CUST1091,REST007,Royal Kitchen,2025-09-17,Mumbai,North Indian,5,1460.67,25,43.52,29,Credit Card,4.5,Delivered,DP143,365.17,1139.02,971.72,167.3
ORD103027,CUST1525,REST044,Spice Hub,2025-04-18,Bengaluru,South Indian,4,1047.3,10,82.65,34,Cash,4.5,Delivered,DP247,104.73,1025.22,743.06,282.16
ORD103028,CUST1454,REST053,Biryani House,2025-08-30,Chennai,Biryani,3,408.74,15,30.51,69,Wallet,4.0,Delivered,DP105,61.31,377.94,294.86,83.08
ORD103029,CUST1740,REST071,Dragon Bowl,2025-01-24,Hyderabad,South Indian,5,1765.46,0,44.46,27,Debit Card,5.0,Delivered,DP156,0.0,1809.92,1283.71,526.21
ORD103030,CUST1597,REST079,Sweet Treats,2025-08-04,Kolkata,Chinese,2,427.0,25,20.52,34,UPI,4.0,Delivered,DP016,106.75,340.77,273.19,67.58
ORD103031,CUST1644,REST034,Sweet Treats,2025-02-24,Ahmedabad,North Indian,1,1650.89,5,62.35,57,Cash,3.5,Cancelled,DP134,82.54,1630.7,1111.64,519.06
ORD103032,CUST1509,REST046,Royal Kitchen,2025-01-26,Pune,Biryani,3,469.67,10,66.96,45,Wallet,4.0,Delivered,DP092,46.97,489.66,270.15,219.51
ORD103033,CUST1182,REST068,Dosa Express,2025-10-08,Mumbai,Chinese,4,747.9,0,88.57,32,Cash,3.5,Delivered,DP160,0.0,836.47,574.51,261.96
ORD103034,CUST1385,REST078,Pizza Point,2025-10-19,Chennai,Indian,4,859.34,25,84.62,55,UPI,4.0,Cancelled,DP209,214.84,729.12,611.27,117.85
ORD103035,CUST1573,REST078,Dragon Bowl,2025-11-23,Pune,Indian,3,1667.91,20,39.26,62,Credit Card,4.5,Delivered,DP025,333.58,1373.59,1061.42,312.17
ORD103036,CUST1730,REST016,Biryani House,2025-07-05,Chennai,Italian,2,1612.17,20,26.64,70,Debit Card,4.0,Delivered,DP039,322.43,1316.38,1031.16,285.22
ORD103037,CUST1404,REST071,Royal Kitchen,2025-01-12,Bengaluru,North Indian,2,1503.01,15,28.27,42,Debit Card,4.5,Delivered,DP145,225.45,1305.83,857.94,447.89
ORD103038,CUST1245,REST096,Curry Corner,2025-05-09,Ahmedabad,Desserts,4,752.81,15,97.36,61,UPI,5.0,Delivered,DP046,112.92,737.25,493.16,244.09
ORD103039,CUST1741,REST019,Sweet Treats,2025-07-27,Mumbai,North Indian,3,127.55,10,72.22,18,Debit Card,4.0,Cancelled,DP207,12.76,187.01,89.9,97.11
ORD103040,CUST1590,REST002,Food Junction,2025-05-13,Ahmedabad,Desserts,3,1265.06,5,18.62,38,Debit Card,4.0,Delivered,DP116,63.25,1220.43,972.94,247.49
ORD103041,CUST1660,REST010,Dosa Express,2025-12-05,Ahmedabad,South Indian,1,810.4,5,26.63,58,Cash,4.5,Delivered,DP053,40.52,796.51,566.42,230.09
ORD103042,CUST1649,REST050,Sweet Treats,2025-07-15,Kolkata,Indian,4,1391.86,0,56.29,59,UPI,4.5,Cancelled,DP114,0.0,1448.15,973.83,474.32
ORD103043,CUST1470,REST081,Biryani House,2025-09-19,Bengaluru,Fast Food,2,1455.35,0,32.67,23,Cash,4.0,Delivered,DP051,0.0,1488.02,1063.68,424.34
ORD103044,CUST1825,REST012,Urban Tadka,2025-10-09,Pune,Fast Food,5,858.74,10,83.31,61,Debit Card,5.0,Delivered,DP146,85.87,856.18,573.0,283.18
ORD103045,CUST1887,REST070,Sweet Treats,2025-04-13,Kolkata,North Indian,2,1376.81,0,63.72,64,Wallet,5.0,Delivered,DP238,0.0,1440.53,767.42,673.11
ORD103046,CUST1422,REST022,Taste of India,2025-04-30,Ahmedabad,North Indian,2,1531.09,5,67.07,66,Wallet,4.5,Delivered,DP020,76.55,1521.61,1155.46,366.15
ORD103047,CUST1064,REST032,Urban Tadka,2025-07-02,Delhi,Chinese,5,1679.84,25,54.34,46,Cash,3.5,Delivered,DP087,419.96,1314.22,1079.41,234.81
ORD103048,CUST1012,REST084,Sweet Treats,2025-01-09,Chennai,North Indian,4,1098.52,25,36.77,73,Credit Card,4.0,Cancelled,DP133,274.63,860.66,852.97,7.69
ORD103049,CUST1212,REST001,The Food Factory,2025-02-14,Delhi,Biryani,1,1427.84,25,65.1,46,Credit Card,4.5,Delivered,DP062,356.96,1135.98,918.77,217.21
ORD103050,CUST1241,REST054,Dragon Bowl,2025-09-01,Pune,Fast Food,2,950.87,0,75.94,68,UPI,4.0,Delivered,DP103,0.0,1026.81,669.14,357.67
ORD103051,CUST1492,REST058,Sweet Treats,2025-09-27,Bengaluru,Chinese,2,189.99,0,46.53,53,Wallet,4.0,Delivered,DP012,0.0,236.52,124.59,111.93
ORD103052,CUST1212,REST070,Spice Hub,2025-04-22,Kolkata,Desserts,4,380.77,10,57.92,35,Wallet,4.0,Delivered,DP081,38.08,400.61,229.78,170.83
ORD103053,CUST1692,REST083,The Food Factory,2025-02-24,Kolkata,Biryani,4,335.42,0,86.37,72,Cash,4.0,Delivered,DP158,0.0,421.79,256.29,165.5
ORD103054,CUST1337,REST018,Biryani House,2025-01-15,Kolkata,North Indian,3,408.57,0,27.64,58,Debit Card,4.0,Delivered,DP211,0.0,436.21,283.65,152.56
ORD103055,CUST1172,REST006,Food Junction,2025-02-06,Hyderabad,North Indian,4,137.16,10,61.34,56,UPI,5.0,Delivered,DP224,13.72,184.78,89.65,95.13
ORD103056,CUST1671,REST045,Urban Tadka,2025-06-27,Chennai,Indian,4,1562.63,0,44.62,75,Cash,5.0,Delivered,DP144,0.0,1607.25,911.26,695.99
ORD103057,CUST1163,REST097,Curry Corner,2025-05-07,Hyderabad,Chinese,2,1061.05,0,74.74,53,Credit Card,4.5,Delivered,DP002,0.0,1135.79,827.4,308.39
ORD103058,CUST1464,REST023,Dosa Express,2025-04-27,Mumbai,Biryani,1,763.69,0,16.6,60,Debit Card,4.0,Cancelled,DP204,0.0,780.29,577.26,203.03
ORD103059,CUST1496,REST023,Royal Kitchen,2025-12-06,Chennai,Italian,2,808.43,25,71.99,41,UPI,4.0,Delivered,DP125,202.11,678.31,523.25,155.06
ORD103060,CUST1699,REST026,Food Junction,2025-03-13,Delhi,North Indian,4,898.43,0,23.75,61,Debit Card,4.5,Delivered,DP241,0.0,922.18,529.57,392.61
ORD103061,CUST1394,REST077,The Food Factory,2025-12-18,Hyderabad,South Indian,3,244.12,20,20.51,50,Credit Card,4.5,Delivered,DP117,48.82,215.81,135.93,79.88
ORD103062,CUST1702,REST007,Dosa Express,2025-04-21,Pune,South Indian,1,581.44,0,76.59,22,Cash,4.5,Delivered,DP131,0.0,658.03,340.1,317.93
ORD103063,CUST1307,REST079,Urban Tadka,2025-05-29,Mumbai,North Indian,3,1550.73,15,69.43,33,Cash,3.5,Delivered,DP008,232.61,1387.55,1043.52,344.03
ORD103064,CUST1767,REST044,Curry Corner,2025-07-04,Chennai,Italian,5,1369.37,25,91.07,43,Wallet,4.5,Delivered,DP037,342.34,1118.1,1010.09,108.01
ORD103065,CUST1182,REST027,Taste of India,2025-04-15,Kolkata,Fast Food,3,1066.52,15,59.17,33,Cash,5.0,Delivered,DP181,159.98,965.71,675.76,289.95
ORD103066,CUST1628,REST026,Taste of India,2025-05-27,Pune,South Indian,3,927.58,10,60.05,19,Wallet,3.5,Delivered,DP055,92.76,894.87,602.76,292.11
ORD103067,CUST1793,REST097,Dragon Bowl,2025-08-09,Ahmedabad,Biryani,4,555.07,10,75.1,36,Cash,4.0,Delivered,DP216,55.51,574.66,365.71,208.95
ORD103068,CUST1509,REST079,Curry Corner,2025-11-10,Mumbai,North Indian,4,911.71,5,42.49,49,UPI,4.5,Delivered,DP049,45.59,908.61,505.13,403.48
ORD103069,CUST1707,REST036,Dosa Express,2025-12-17,Delhi,North Indian,4,1124.4,15,18.14,24,Credit Card,4.5,Delivered,DP245,168.66,973.88,664.2,309.68
ORD103070,CUST1545,REST055,Biryani House,2025-01-06,Kolkata,North Indian,4,1317.23,0,34.55,29,Debit Card,3.5,Delivered,DP217,0.0,1351.78,876.23,475.55
ORD103071,CUST1563,REST064,Dosa Express,2025-09-17,Pune,Italian,4,399.96,15,35.23,16,Credit Card,5.0,Delivered,DP059,59.99,375.2,245.68,129.52
ORD103072,CUST1623,REST091,Dragon Bowl,2025-10-26,Chennai,Fast Food,3,1486.03,20,43.53,67,Credit Card,3.0,Delivered,DP060,297.21,1232.35,996.18,236.17
ORD103073,CUST1763,REST057,Sweet Treats,2025-12-15,Mumbai,Chinese,5,700.96,25,95.19,56,Wallet,5.0,Delivered,DP089,175.24,620.91,402.96,217.95
ORD103074,CUST1593,REST069,Dosa Express,2025-02-11,Bengaluru,North Indian,4,965.47,10,83.41,36,Wallet,3.0,Cancelled,DP078,96.55,952.33,709.28,243.05
ORD103075,CUST1743,REST061,Biryani House,2025-09-16,Ahmedabad,Chinese,5,1141.28,20,94.56,62,UPI,3.5,Delivered,DP119,228.26,1007.58,833.43,174.15
ORD103076,CUST1226,REST002,Food Junction,2025-09-28,Chennai,Biryani,5,940.0,10,99.88,49,Debit Card,5.0,Delivered,DP174,94.0,945.88,661.82,284.06
ORD103077,CUST1744,REST055,Urban Tadka,2025-02-16,Chennai,Biryani,2,1080.89,20,51.87,53,Cash,5.0,Delivered,DP100,216.18,916.58,726.61,189.97
ORD103078,CUST1732,REST097,Dosa Express,2025-03-26,Kolkata,Desserts,2,307.36,10,34.3,33,Cash,5.0,Delivered,DP063,30.74,310.92,196.61,114.31
ORD103079,CUST1435,REST080,Royal Kitchen,2025-06-23,Chennai,Biryani,1,846.02,0,62.6,61,Credit Card,3.5,Delivered,DP127,0.0,908.62,598.14,310.48
ORD103080,CUST1421,REST087,Urban Tadka,2025-02-27,Kolkata,South Indian,2,591.19,20,89.9,26,UPI,4.5,Delivered,DP207,118.24,562.85,431.46,131.39
ORD103081,CUST1553,REST038,The Food Factory,2025-07-18,Chennai,Biryani,4,264.52,25,54.59,75,Debit Card,3.0,Delivered,DP160,66.13,252.98,194.68,58.3
ORD103082,CUST1020,REST080,Taste of India,2025-07-28,Bengaluru,Desserts,5,441.97,0,57.96,48,Cash,3.5,Delivered,DP066,0.0,499.93,278.42,221.51
ORD103083,CUST1553,REST078,Taste of India,2025-09-05,Pune,North Indian,1,1132.11,10,26.43,59,Credit Card,3.5,Delivered,DP085,113.21,1045.33,673.16,372.17
ORD103084,CUST1396,REST029,Biryani House,2025-07-30,Pune,Italian,2,450.43,15,50.74,72,UPI,3.0,Delivered,DP004,67.56,433.61,283.15,150.46
ORD103085,CUST1624,REST026,The Food Factory,2025-02-08,Pune,Italian,3,424.19,0,47.89,34,Debit Card,5.0,Delivered,DP157,0.0,472.08,234.06,238.02
ORD103086,CUST1104,REST035,Taste of India,2025-09-09,Delhi,Fast Food,1,1048.76,15,44.89,65,Credit Card,3.5,Delivered,DP177,157.31,936.34,678.91,257.43
ORD103087,CUST1191,REST079,Dragon Bowl,2025-05-11,Bengaluru,Italian,4,1639.9,10,90.42,21,Credit Card,4.5,Delivered,DP093,163.99,1566.33,1005.1,561.23
ORD103088,CUST1016,REST067,Biryani House,2025-10-18,Bengaluru,Desserts,5,1445.0,0,20.04,38,UPI,4.5,Delivered,DP023,0.0,1465.04,1057.32,407.72
ORD103089,CUST1119,REST087,Dosa Express,2025-09-07,Ahmedabad,South Indian,4,1640.55,25,97.63,17,UPI,3.5,Delivered,DP131,410.14,1328.04,1156.93,171.11
ORD103090,CUST1392,REST029,The Food Factory,2025-02-21,Mumbai,Desserts,4,1099.41,25,15.7,20,UPI,5.0,Cancelled,DP054,274.85,840.26,611.25,229.01
ORD103091,CUST1424,REST034,Dragon Bowl,2025-01-14,Hyderabad,Chinese,3,808.68,0,95.38,47,UPI,4.0,Cancelled,DP149,0.0,904.06,471.61,432.45
ORD103092,CUST1128,REST097,Sweet Treats,2025-06-05,Pune,Desserts,3,1345.8,0,61.58,67,Debit Card,5.0,Delivered,DP080,0.0,1407.38,908.02,499.36
ORD103093,CUST1129,REST041,Sweet Treats,2025-01-30,Hyderabad,Fast Food,5,559.09,10,74.71,48,UPI,5.0,Delivered,DP044,55.91,577.89,386.98,190.91
ORD103094,CUST1571,REST041,Sweet Treats,2025-03-31,Mumbai,Italian,2,251.13,25,30.91,47,UPI,5.0,Cancelled,DP148,62.78,219.26,182.53,36.73
ORD103095,CUST1559,REST023,Food Junction,2025-06-16,Bengaluru,Biryani,4,698.95,25,70.61,43,UPI,4.5,Delivered,DP227,174.74,594.82,540.08,54.74
ORD103096,CUST1028,REST071,Sweet Treats,2025-12-17,Mumbai,Italian,2,622.72,20,89.97,37,Debit Card,4.0,Delivered,DP185,124.54,588.15,443.03,145.12
ORD103097,CUST1096,REST003,The Food Factory,2025-03-10,Chennai,Indian,5,1254.91,10,26.86,72,Cash,3.5,Delivered,DP197,125.49,1156.28,847.47,308.81
ORD103098,CUST1009,REST058,Spice Hub,2025-06-12,Mumbai,Fast Food,4,1046.29,10,25.8,18,Credit Card,4.5,Delivered,DP240,104.63,967.46,675.19,292.27
ORD103099,CUST1241,REST032,Taste of India,2025-08-30,Mumbai,North Indian,2,352.28,25,40.84,19,Wallet,4.0,Delivered,DP218,88.07,305.05,253.57,51.48
ORD103100,CUST1825,REST031,Sweet Treats,2025-02-21,Kolkata,North Indian,4,1646.29,5,28.75,48,Credit Card,5.0,Delivered,DP199,82.31,1592.73,1259.4,333.33
ORD103101,CUST1231,REST082,The Food Factory,2025-05-22,Chennai,South Indian,3,1116.81,0,24.4,30,Debit Card,4.5,Cancelled,DP180,0.0,1141.21,722.88,418.33
ORD103102,CUST1788,REST043,Dragon Bowl,2025-03-04,Kolkata,Italian,3,888.91,20,72.66,54,UPI,4.0,Delivered,DP208,177.78,783.79,608.43,175.36
ORD103103,CUST1283,REST007,Pizza Point,2025-10-19,Hyderabad,Italian,1,1694.49,0,33.18,61,Debit Card,3.0,Delivered,DP145,0.0,1727.67,1012.66,715.01
ORD103104,CUST1714,REST001,Dragon Bowl,2025-04-01,Ahmedabad,South Indian,5,283.47,25,71.7,57,Cash,4.0,Delivered,DP194,70.87,284.3,211.81,72.49
ORD103105,CUST1758,REST061,Dosa Express,2025-06-01,Chennai,Desserts,2,1446.52,10,88.26,75,Wallet,4.5,Cancelled,DP012,144.65,1390.13,1032.98,357.15
ORD103106,CUST1801,REST014,Dragon Bowl,2025-06-06,Ahmedabad,Chinese,4,732.64,5,70.42,56,Cash,3.0,Cancelled,DP186,36.63,766.43,462.72,303.71
ORD103107,CUST1775,REST052,Food Junction,2025-11-05,Delhi,Biryani,1,1288.25,25,25.15,17,UPI,4.5,Delivered,DP205,322.06,991.34,967.52,23.82
ORD103108,CUST1725,REST096,Urban Tadka,2025-12-31,Mumbai,Desserts,5,1683.62,10,63.75,69,Debit Card,4.5,Cancelled,DP133,168.36,1579.01,1301.93,277.08
ORD103109,CUST1199,REST006,Biryani House,2025-05-30,Ahmedabad,Biryani,5,989.76,10,48.46,57,Debit Card,3.5,Delivered,DP080,98.98,939.24,610.05,329.19
ORD103110,CUST1078,REST010,Pizza Point,2025-11-24,Mumbai,Chinese,5,158.03,0,44.19,63,UPI,4.5,Cancelled,DP126,0.0,202.22,93.7,108.52
ORD103111,CUST1854,REST071,Dragon Bowl,2025-09-28,Kolkata,Chinese,2,168.47,25,42.08,56,UPI,4.5,Delivered,DP092,42.12,168.43,124.89,43.54
ORD103112,CUST1855,REST090,Pizza Point,2025-03-10,Hyderabad,Indian,3,675.34,5,94.0,63,Wallet,4.0,Delivered,DP072,33.77,735.57,461.9,273.67
ORD103113,CUST1172,REST098,Food Junction,2025-04-26,Kolkata,Desserts,1,1433.19,0,78.11,28,Cash,5.0,Delivered,DP184,0.0,1511.3,1079.77,431.53
ORD103114,CUST1466,REST030,Biryani House,2025-07-11,Bengaluru,South Indian,2,604.28,10,26.38,69,UPI,3.5,Cancelled,DP220,60.43,570.23,380.65,189.58
ORD103115,CUST1580,REST100,Food Junction,2025-01-04,Chennai,Fast Food,4,681.91,15,55.46,47,UPI,4.0,Delivered,DP046,102.29,635.08,466.21,168.87
ORD103116,CUST1415,REST021,Sweet Treats,2025-03-16,Bengaluru,Biryani,2,1437.89,0,42.05,42,Cash,5.0,Delivered,DP072,0.0,1479.94,981.73,498.21
ORD103117,CUST1448,REST060,Urban Tadka,2025-10-25,Delhi,Chinese,4,315.2,25,98.12,71,UPI,4.0,Delivered,DP093,78.8,334.52,187.01,147.51
ORD103118,CUST1086,REST081,Biryani House,2025-08-29,Chennai,Chinese,4,1542.65,20,98.13,55,Wallet,4.0,Delivered,DP121,308.53,1332.25,1200.4,131.85
ORD103119,CUST1100,REST097,The Food Factory,2025-01-30,Delhi,South Indian,5,566.53,10,42.16,70,Wallet,4.5,Delivered,DP018,56.65,552.04,398.12,153.92
ORD103120,CUST1007,REST074,Dragon Bowl,2025-05-23,Delhi,North Indian,2,206.05,20,44.93,70,Cash,4.5,Delivered,DP244,41.21,209.77,144.8,64.97
ORD103121,CUST1844,REST063,Dragon Bowl,2025-11-22,Delhi,Fast Food,3,317.14,5,65.95,29,Credit Card,3.0,Delivered,DP044,15.86,367.23,196.08,171.15
ORD103122,CUST1199,REST042,Taste of India,2025-07-02,Pune,Chinese,4,1720.29,25,55.74,18,Wallet,4.0,Delivered,DP043,430.07,1345.96,1203.49,142.47
ORD103123,CUST1504,REST051,Food Junction,2025-01-16,Chennai,North Indian,5,878.22,15,33.11,34,Debit Card,4.0,Delivered,DP208,131.73,779.6,651.27,128.33
ORD103124,CUST1086,REST064,Urban Tadka,2025-04-21,Ahmedabad,Indian,3,550.82,20,71.14,67,Debit Card,4.5,Delivered,DP218,110.16,511.8,406.01,105.79
ORD103125,CUST1042,REST076,Dosa Express,2025-12-26,Chennai,Fast Food,2,995.74,25,43.4,39,Credit Card,4.5,Delivered,DP214,248.94,790.2,758.29,31.91
ORD103126,CUST1384,REST056,Spice Hub,2025-07-20,Pune,North Indian,3,1266.34,20,70.57,49,Wallet,4.5,Delivered,DP079,253.27,1083.64,739.79,343.85
ORD103127,CUST1620,REST080,Dosa Express,2025-04-17,Hyderabad,Indian,2,655.58,5,47.61,66,UPI,4.5,Delivered,DP077,32.78,670.41,388.14,282.27
ORD103128,CUST1434,REST041,Spice Hub,2025-06-11,Ahmedabad,Italian,4,1338.46,10,74.52,72,Credit Card,4.0,Delivered,DP150,133.85,1279.13,954.78,324.35
ORD103129,CUST1407,REST032,Curry Corner,2025-10-10,Pune,Biryani,1,543.78,10,71.76,67,UPI,4.0,Delivered,DP060,54.38,561.16,400.1,161.06
ORD103130,CUST1482,REST015,The Food Factory,2025-09-26,Ahmedabad,Chinese,1,308.73,0,58.25,53,Debit Card,4.0,Cancelled,DP213,0.0,366.98,217.68,149.3
ORD103131,CUST1663,REST062,Curry Corner,2025-06-04,Mumbai,North Indian,4,1043.51,5,74.9,67,Credit Card,4.0,Delivered,DP063,52.18,1066.23,608.22,458.01
ORD103132,CUST1016,REST027,Food Junction,2025-03-14,Bengaluru,Fast Food,3,373.88,15,54.18,71,Wallet,4.5,Delivered,DP242,56.08,371.98,256.8,115.18
ORD103133,CUST1644,REST028,Food Junction,2025-07-16,Bengaluru,Indian,2,1700.01,0,24.87,36,Debit Card,4.5,Delivered,DP024,0.0,1724.88,1227.62,497.26
ORD103134,CUST1147,REST081,Dragon Bowl,2025-08-31,Delhi,Biryani,1,120.75,25,30.48,49,Wallet,4.0,Delivered,DP193,30.19,121.04,70.22,50.82
ORD103135,CUST1276,REST064,Spice Hub,2025-03-27,Chennai,Desserts,2,1389.57,5,35.91,68,UPI,5.0,Delivered,DP029,69.48,1356.0,782.11,573.89
ORD103136,CUST1231,REST059,Biryani House,2025-10-14,Chennai,Biryani,4,589.51,10,20.37,68,Wallet,4.0,Delivered,DP129,58.95,550.93,358.78,192.15
ORD103137,CUST1825,REST058,Royal Kitchen,2025-09-16,Delhi,Desserts,3,1541.43,0,75.47,61,Credit Card,3.5,Cancelled,DP124,0.0,1616.9,879.96,736.94
ORD103138,CUST1365,REST002,Urban Tadka,2025-10-13,Mumbai,Desserts,2,221.05,10,46.23,42,UPI,4.0,Delivered,DP001,22.1,245.18,129.13,116.05
ORD103139,CUST1227,REST036,Sweet Treats,2025-05-29,Bengaluru,Chinese,3,1721.04,0,22.95,24,Credit Card,4.5,Delivered,DP073,0.0,1743.99,1027.08,716.91
ORD103140,CUST1650,REST071,Pizza Point,2025-12-21,Pune,North Indian,1,290.34,0,84.7,30,UPI,4.0,Delivered,DP021,0.0,375.04,195.13,179.91
ORD103141,CUST1435,REST013,Food Junction,2025-07-09,Hyderabad,Desserts,2,1443.64,0,73.11,63,Credit Card,5.0,Delivered,DP206,0.0,1516.75,845.75,671.0
ORD103142,CUST1398,REST015,Curry Corner,2025-08-05,Ahmedabad,Biryani,5,989.13,0,53.44,37,Debit Card,4.5,Delivered,DP156,0.0,1042.57,681.59,360.98
ORD103143,CUST1210,REST089,Curry Corner,2025-12-21,Ahmedabad,Chinese,1,843.06,5,36.03,33,Credit Card,5.0,Cancelled,DP146,42.15,836.94,520.04,316.9
ORD103144,CUST1390,REST087,Royal Kitchen,2025-03-27,Ahmedabad,North Indian,3,590.66,25,27.9,15,Debit Card,3.5,Cancelled,DP097,147.66,470.9,367.05,103.85
ORD103145,CUST1498,REST060,Dosa Express,2025-08-04,Ahmedabad,Desserts,4,1533.5,15,53.96,15,Cash,4.5,Delivered,DP052,230.02,1357.44,1184.63,172.81
ORD103146,CUST1539,REST022,The Food Factory,2025-11-16,Kolkata,North Indian,5,455.58,15,90.25,67,Wallet,5.0,Delivered,DP235,68.34,477.49,334.94,142.55
ORD103147,CUST1562,REST063,Spice Hub,2025-04-28,Mumbai,Italian,2,1331.69,0,31.01,60,UPI,4.0,Delivered,DP066,0.0,1362.7,862.34,500.36
ORD103148,CUST1490,REST090,Pizza Point,2025-03-28,Ahmedabad,Chinese,1,868.93,0,63.34,72,Wallet,3.5,Delivered,DP115,0.0,932.27,567.34,364.93
ORD103149,CUST1441,REST097,Spice Hub,2025-02-09,Chennai,South Indian,2,1797.47,0,96.74,40,Debit Card,4.0,Delivered,DP226,0.0,1894.21,1036.07,858.14
ORD103150,CUST1260,REST075,Food Junction,2025-06-10,Kolkata,Desserts,2,1147.15,10,69.15,48,Debit Card,5.0,Delivered,DP088,114.72,1101.58,853.76,247.82
ORD103151,CUST1772,REST074,Dragon Bowl,2025-07-10,Delhi,Indian,5,295.04,15,52.4,16,Debit Card,4.5,Delivered,DP062,44.26,303.18,162.54,140.64
ORD103152,CUST1349,REST025,Taste of India,2025-01-25,Bengaluru,South Indian,5,824.8,0,75.89,42,Credit Card,4.5,Delivered,DP019,0.0,900.69,481.05,419.64
ORD103153,CUST1351,REST048,Pizza Point,2025-06-01,Kolkata,North Indian,5,231.38,0,85.09,34,Wallet,4.5,Delivered,DP002,0.0,316.47,155.68,160.79
ORD103154,CUST1519,REST043,Dosa Express,2025-04-05,Delhi,North Indian,5,599.9,20,65.19,56,Debit Card,3.0,Cancelled,DP198,119.98,545.11,355.94,189.17
ORD103155,CUST1319,REST038,Curry Corner,2025-02-15,Chennai,Biryani,4,696.77,5,89.11,61,Cash,4.0,Delivered,DP055,34.84,751.04,484.63,266.41
ORD103156,CUST1137,REST041,Dosa Express,2025-05-18,Ahmedabad,Biryani,3,1553.34,25,58.74,41,Debit Card,3.0,Delivered,DP079,388.34,1223.74,855.64,368.1
ORD103157,CUST1549,REST045,Dragon Bowl,2025-10-15,Delhi,Biryani,5,1527.82,0,85.55,42,Wallet,4.0,Delivered,DP185,0.0,1613.37,874.88,738.49
ORD103158,CUST1622,REST088,Food Junction,2025-12-19,Pune,North Indian,1,139.42,25,95.92,74,Debit Card,5.0,Delivered,DP011,34.85,200.49,101.2,99.29
ORD103159,CUST1367,REST040,Taste of India,2025-06-13,Kolkata,Chinese,2,1014.23,0,57.61,45,Debit Card,4.5,Delivered,DP250,0.0,1071.84,692.31,379.53
ORD103160,CUST1219,REST097,Sweet Treats,2025-01-16,Kolkata,Fast Food,5,495.55,0,66.43,61,UPI,5.0,Cancelled,DP144,0.0,561.98,274.77,287.21
ORD103161,CUST1336,REST017,Pizza Point,2025-01-18,Ahmedabad,Chinese,1,657.76,15,66.8,21,Debit Card,3.5,Delivered,DP244,98.66,625.9,392.9,233.0
ORD103162,CUST1222,REST088,Royal Kitchen,2025-05-16,Bengaluru,Indian,4,156.37,0,81.42,22,Wallet,4.0,Delivered,DP085,0.0,237.79,94.6,143.19
ORD103163,CUST1647,REST057,Spice Hub,2025-09-04,Delhi,Chinese,1,1379.57,5,84.95,46,UPI,5.0,Delivered,DP190,68.98,1395.54,1028.17,367.37
ORD103164,CUST1767,REST002,Pizza Point,2025-09-05,Bengaluru,Biryani,1,1716.99,25,17.31,25,UPI,4.0,Delivered,DP027,429.25,1305.05,1174.39,130.66
ORD103165,CUST1359,REST096,Curry Corner,2025-11-27,Kolkata,Italian,4,488.37,10,77.34,62,Debit Card,3.5,Delivered,DP022,48.84,516.87,329.42,187.45
ORD103166,CUST1328,REST062,Spice Hub,2025-07-17,Delhi,Indian,4,694.18,5,81.62,40,Debit Card,4.0,Delivered,DP003,34.71,741.09,395.64,345.45
ORD103167,CUST1462,REST088,Sweet Treats,2025-01-01,Delhi,South Indian,2,466.81,5,74.54,69,Cash,4.0,Delivered,DP003,23.34,518.01,327.28,190.73
ORD103168,CUST1560,REST009,Royal Kitchen,2025-07-09,Bengaluru,Italian,5,1682.48,20,75.66,39,Wallet,5.0,Delivered,DP243,336.5,1421.64,985.69,435.95
ORD103169,CUST1803,REST068,Sweet Treats,2025-10-21,Pune,Indian,1,135.72,5,18.52,21,Wallet,4.0,Cancelled,DP149,6.79,147.45,90.93,56.52
ORD103170,CUST1381,REST081,Royal Kitchen,2025-02-14,Delhi,Indian,3,1100.89,10,52.57,34,Credit Card,5.0,Delivered,DP043,110.09,1043.37,755.55,287.82
ORD103171,CUST1835,REST017,The Food Factory,2025-12-03,Pune,North Indian,3,1582.88,5,84.55,55,Credit Card,5.0,Delivered,DP198,79.14,1588.29,1177.08,411.21
ORD103172,CUST1589,REST050,Spice Hub,2025-02-01,Mumbai,Biryani,2,433.0,20,94.39,71,Wallet,3.5,Delivered,DP089,86.6,440.79,318.46,122.33
ORD103173,CUST1616,REST094,Urban Tadka,2025-04-28,Hyderabad,North Indian,3,1111.19,5,34.5,65,Debit Card,4.5,Delivered,DP233,55.56,1090.13,659.74,430.39
ORD103174,CUST1168,REST040,Taste of India,2025-10-23,Mumbai,Desserts,2,205.09,25,64.23,72,UPI,4.0,Delivered,DP037,51.27,218.05,156.02,62.03
ORD103175,CUST1216,REST058,Urban Tadka,2025-07-03,Hyderabad,South Indian,5,1488.5,0,83.37,44,Cash,3.5,Delivered,DP094,0.0,1571.87,819.62,752.25
ORD103176,CUST1377,REST075,Sweet Treats,2025-07-10,Mumbai,Chinese,2,581.04,20,78.95,70,Debit Card,5.0,Cancelled,DP184,116.21,543.78,363.69,180.09
ORD103177,CUST1118,REST085,Spice Hub,2025-08-23,Hyderabad,North Indian,4,1781.11,0,67.61,15,UPI,4.0,Delivered,DP039,0.0,1848.72,1006.8,841.92
ORD103178,CUST1189,REST021,The Food Factory,2025-08-26,Delhi,Desserts,4,1668.98,0,16.59,32,Wallet,4.0,Delivered,DP148,0.0,1685.57,1194.69,490.88
ORD103179,CUST1766,REST018,Pizza Point,2025-08-04,Bengaluru,South Indian,4,1350.63,0,76.53,22,Debit Card,4.0,Delivered,DP065,0.0,1427.16,898.24,528.92
ORD103180,CUST1369,REST055,Pizza Point,2025-03-15,Bengaluru,Biryani,4,954.7,20,80.73,43,Cash,4.0,Delivered,DP163,190.94,844.49,563.5,280.99
ORD103181,CUST1777,REST029,Pizza Point,2025-04-21,Ahmedabad,Biryani,4,1407.87,5,76.44,54,Credit Card,4.0,Delivered,DP043,70.39,1413.92,801.89,612.03
ORD103182,CUST1148,REST024,Dragon Bowl,2025-04-13,Chennai,Desserts,4,339.42,25,80.09,36,UPI,4.0,Delivered,DP218,84.86,334.65,204.33,130.32
ORD103183,CUST1675,REST074,The Food Factory,2025-12-25,Ahmedabad,North Indian,4,641.14,25,51.63,46,Debit Card,4.0,Cancelled,DP021,160.28,532.49,488.4,44.09
ORD103184,CUST1651,REST017,Dragon Bowl,2025-03-15,Hyderabad,Biryani,4,165.19,25,99.47,54,Cash,5.0,Delivered,DP010,41.3,223.36,116.6,106.76
ORD103185,CUST1858,REST018,Food Junction,2025-09-09,Chennai,Italian,4,1203.64,15,80.52,28,Debit Card,4.0,Cancelled,DP045,180.55,1103.61,729.06,374.55
ORD103186,CUST1487,REST042,Spice Hub,2025-04-24,Pune,South Indian,5,1473.3,15,64.19,70,Wallet,3.0,Delivered,DP093,221.0,1316.49,1113.17,203.32
ORD103187,CUST1769,REST084,Urban Tadka,2025-11-09,Pune,South Indian,4,1709.76,15,94.41,16,UPI,3.5,Cancelled,DP003,256.46,1547.71,994.04,553.67
ORD103188,CUST1373,REST045,Taste of India,2025-11-26,Chennai,Indian,2,1273.33,25,92.2,49,Wallet,4.5,Cancelled,DP043,318.33,1047.2,901.95,145.25
ORD103189,CUST1780,REST082,Sweet Treats,2025-12-05,Hyderabad,Fast Food,5,1349.91,10,84.24,21,Wallet,4.5,Delivered,DP180,134.99,1299.16,874.36,424.8
ORD103190,CUST1692,REST017,Taste of India,2025-08-26,Bengaluru,Chinese,3,1624.37,25,62.91,17,Credit Card,5.0,Delivered,DP041,406.09,1281.19,993.65,287.54
ORD103191,CUST1159,REST073,Sweet Treats,2025-06-22,Hyderabad,Desserts,1,1693.12,0,59.8,75,Wallet,4.5,Delivered,DP121,0.0,1752.92,1033.36,719.56
ORD103192,CUST1350,REST014,Spice Hub,2025-03-20,Pune,Biryani,5,945.38,0,42.94,29,Cash,3.5,Delivered,DP107,0.0,988.32,628.85,359.47
ORD103193,CUST1287,REST049,Spice Hub,2025-04-03,Delhi,South Indian,4,304.44,25,36.32,57,UPI,3.5,Cancelled,DP169,76.11,264.65,232.67,31.98
ORD103194,CUST1287,REST029,Dosa Express,2025-02-19,Chennai,South Indian,5,903.58,0,58.55,48,Credit Card,4.5,Delivered,DP205,0.0,962.13,651.24,310.89
ORD103195,CUST1891,REST095,Urban Tadka,2025-10-12,Chennai,Indian,1,1054.2,20,64.11,36,Debit Card,4.5,Delivered,DP009,210.84,907.47,740.35,167.12
ORD103196,CUST1225,REST004,Curry Corner,2025-08-11,Pune,Desserts,1,1181.0,10,35.78,32,Wallet,3.5,Delivered,DP174,118.1,1098.68,887.37,211.31
ORD103197,CUST1522,REST082,Sweet Treats,2025-03-22,Hyderabad,Chinese,4,1782.0,5,93.42,60,Debit Card,4.5,Delivered,DP144,89.1,1786.32,1213.86,572.46
ORD103198,CUST1521,REST020,Biryani House,2025-09-23,Chennai,Fast Food,4,1661.51,0,62.37,32,Credit Card,5.0,Delivered,DP124,0.0,1723.88,987.18,736.7
ORD103199,CUST1782,REST047,Curry Corner,2025-06-04,Bengaluru,Fast Food,2,785.89,25,59.75,73,Debit Card,4.5,Delivered,DP113,196.47,649.17,608.87,40.3
ORD103200,CUST1272,REST009,Pizza Point,2025-08-21,Chennai,Biryani,1,310.6,25,52.03,48,Cash,4.5,Delivered,DP121,77.65,284.98,209.03,75.95
ORD103201,CUST1401,REST077,Taste of India,2025-11-12,Hyderabad,Fast Food,4,480.85,20,19.94,50,Credit Card,4.5,Delivered,DP047,96.17,404.62,299.34,105.28
ORD103202,CUST1182,REST079,Royal Kitchen,2025-08-24,Pune,Fast Food,1,411.98,0,90.0,60,UPI,3.5,Delivered,DP156,0.0,501.98,300.32,201.66
ORD103203,CUST1664,REST027,Royal Kitchen,2025-06-08,Bengaluru,North Indian,2,718.1,5,41.94,53,UPI,4.0,Delivered,DP028,35.9,724.14,471.59,252.55
ORD103204,CUST1487,REST015,Spice Hub,2025-11-12,Bengaluru,Chinese,3,1592.5,15,69.61,61,UPI,3.0,Delivered,DP075,238.88,1423.23,880.44,542.79
ORD103205,CUST1826,REST092,Biryani House,2025-09-08,Chennai,Desserts,1,855.79,25,66.63,52,UPI,3.5,Cancelled,DP236,213.95,708.47,533.66,174.81
ORD103206,CUST1845,REST019,Sweet Treats,2025-11-10,Hyderabad,Chinese,2,1073.03,0,64.68,51,Credit Card,5.0,Delivered,DP094,0.0,1137.71,703.0,434.71
ORD103207,CUST1123,REST090,Food Junction,2025-10-28,Chennai,North Indian,2,421.0,15,59.69,66,Credit Card,4.0,Delivered,DP139,63.15,417.54,267.63,149.91
ORD103208,CUST1625,REST052,Sweet Treats,2025-10-09,Kolkata,Biryani,2,947.99,25,30.42,32,Credit Card,4.5,Delivered,DP029,237.0,741.41,641.7,99.71
ORD103209,CUST1789,REST026,Royal Kitchen,2025-04-12,Delhi,South Indian,5,1587.69,5,38.85,57,Wallet,4.5,Delivered,DP242,79.38,1547.16,940.19,606.97
ORD103210,CUST1413,REST089,Taste of India,2025-02-20,Ahmedabad,Indian,4,1419.42,5,59.56,54,Credit Card,4.5,Delivered,DP184,70.97,1408.01,967.56,440.45
ORD103211,CUST1724,REST026,Sweet Treats,2025-02-21,Pune,Biryani,1,256.4,15,82.09,43,Credit Card,4.5,Delivered,DP249,38.46,300.03,199.2,100.83
ORD103212,CUST1171,REST026,Sweet Treats,2025-07-28,Kolkata,Italian,5,1568.28,20,51.72,26,Credit Card,4.5,Delivered,DP204,313.66,1306.34,1134.46,171.88
ORD103213,CUST1287,REST046,The Food Factory,2025-11-03,Ahmedabad,Fast Food,1,580.03,0,32.33,32,UPI,4.0,Delivered,DP200,0.0,612.36,410.34,202.02
ORD103214,CUST1434,REST092,Urban Tadka,2025-05-11,Delhi,North Indian,5,1238.4,15,22.48,45,Cash,5.0,Cancelled,DP057,185.76,1075.12,738.26,336.86
ORD103215,CUST1685,REST049,Curry Corner,2025-09-27,Bengaluru,Indian,4,365.92,15,71.36,29,UPI,3.0,Delivered,DP181,54.89,382.39,250.22,132.17
ORD103216,CUST1112,REST082,Food Junction,2025-07-24,Chennai,South Indian,2,1253.4,20,50.98,73,Cash,3.0,Delivered,DP074,250.68,1053.7,925.67,128.03
ORD103217,CUST1887,REST096,Spice Hub,2025-08-07,Delhi,South Indian,1,179.98,15,25.66,54,Cash,4.5,Delivered,DP119,27.0,178.64,108.95,69.69
ORD103218,CUST1121,REST053,Sweet Treats,2025-09-14,Mumbai,Chinese,2,1129.08,0,72.33,72,Cash,4.0,Delivered,DP059,0.0,1201.41,643.53,557.88
ORD103219,CUST1543,REST003,Food Junction,2025-07-04,Delhi,Italian,4,1205.18,10,32.64,44,UPI,4.0,Delivered,DP035,120.52,1117.3,846.28,271.02
ORD103220,CUST1221,REST066,Dosa Express,2025-05-25,Chennai,Desserts,1,530.75,0,58.27,50,Wallet,5.0,Delivered,DP180,0.0,589.02,374.14,214.88
ORD103221,CUST1630,REST097,Sweet Treats,2025-06-27,Ahmedabad,South Indian,3,1694.12,20,41.03,42,Debit Card,4.5,Delivered,DP036,338.82,1396.33,1245.19,151.14
ORD103222,CUST1038,REST042,Dragon Bowl,2025-01-14,Chennai,Italian,3,197.23,15,94.19,67,Wallet,5.0,Delivered,DP077,29.58,261.84,137.04,124.8
ORD103223,CUST1496,REST019,Dragon Bowl,2025-09-03,Pune,Fast Food,3,1618.07,0,34.4,29,UPI,4.0,Delivered,DP058,0.0,1652.47,1205.55,446.92
ORD103224,CUST1779,REST017,The Food Factory,2025-07-06,Delhi,Chinese,4,761.59,0,50.69,57,Cash,4.0,Delivered,DP244,0.0,812.28,465.49,346.79
ORD103225,CUST1232,REST033,Dragon Bowl,2025-12-03,Chennai,Indian,3,1319.38,5,96.56,47,Debit Card,4.5,Delivered,DP219,65.97,1349.97,736.37,613.6
ORD103226,CUST1529,REST076,The Food Factory,2025-09-16,Chennai,Chinese,1,1214.6,10,42.09,16,Wallet,5.0,Cancelled,DP232,121.46,1135.23,872.74,262.49
ORD103227,CUST1148,REST049,Biryani House,2025-12-20,Kolkata,Fast Food,3,402.65,25,69.79,73,Credit Card,4.5,Delivered,DP002,100.66,371.78,257.2,114.58
ORD103228,CUST1396,REST056,Pizza Point,2025-02-09,Pune,North Indian,1,655.92,25,41.92,22,Wallet,5.0,Cancelled,DP028,163.98,533.86,392.38,141.48
ORD103229,CUST1660,REST063,Taste of India,2025-03-30,Kolkata,South Indian,4,1009.85,20,24.41,62,UPI,5.0,Delivered,DP226,201.97,832.29,567.41,264.88
ORD103230,CUST1637,REST003,Curry Corner,2025-05-05,Pune,Italian,2,1542.14,5,68.34,47,Debit Card,4.0,Delivered,DP213,77.11,1533.37,1116.1,417.27
ORD103231,CUST1301,REST049,Dosa Express,2025-12-17,Pune,North Indian,5,1724.16,25,92.86,49,Credit Card,4.0,Cancelled,DP070,431.04,1385.98,1275.97,110.01
ORD103232,CUST1359,REST055,Taste of India,2025-01-09,Ahmedabad,Fast Food,3,154.59,5,53.47,32,Debit Card,4.5,Delivered,DP063,7.73,200.33,98.86,101.47
ORD103233,CUST1237,REST026,Dragon Bowl,2025-12-16,Kolkata,South Indian,5,712.3,0,68.23,40,Debit Card,5.0,Delivered,DP180,0.0,780.53,536.77,243.76
ORD103234,CUST1646,REST099,Taste of India,2025-03-25,Pune,Biryani,2,1242.48,0,66.76,62,Wallet,4.0,Delivered,DP060,0.0,1309.24,802.12,507.12
ORD103235,CUST1662,REST072,Biryani House,2025-01-21,Mumbai,Desserts,4,1006.59,5,50.28,35,Cash,4.5,Delivered,DP231,50.33,1006.54,773.92,232.62
ORD103236,CUST1235,REST052,The Food Factory,2025-10-08,Ahmedabad,Italian,4,1704.28,5,67.27,42,Wallet,4.5,Delivered,DP090,85.21,1686.34,1322.76,363.58
ORD103237,CUST1735,REST100,Urban Tadka,2025-12-24,Bengaluru,Fast Food,2,148.51,25,37.04,34,Credit Card,4.0,Delivered,DP164,37.13,148.42,109.61,38.81
ORD103238,CUST1202,REST007,Food Junction,2025-06-21,Chennai,Indian,5,855.4,10,47.13,66,UPI,4.5,Cancelled,DP104,85.54,816.99,520.88,296.11
ORD103239,CUST1255,REST046,Spice Hub,2025-01-25,Hyderabad,Indian,3,1243.59,25,52.6,59,Wallet,4.0,Delivered,DP210,310.9,985.29,788.75,196.54
ORD103240,CUST1597,REST046,Urban Tadka,2025-04-13,Pune,South Indian,1,485.54,0,88.44,34,Cash,5.0,Delivered,DP190,0.0,573.98,326.53,247.45
ORD103241,CUST1661,REST100,Urban Tadka,2025-07-09,Bengaluru,South Indian,4,1339.46,0,44.61,73,Cash,4.5,Delivered,DP234,0.0,1384.07,837.96,546.11
ORD103242,CUST1234,REST016,Pizza Point,2025-08-24,Pune,Indian,2,256.46,10,68.99,18,Wallet,5.0,Delivered,DP116,25.65,299.8,189.36,110.44
ORD103243,CUST1344,REST024,Pizza Point,2025-11-09,Ahmedabad,Desserts,5,877.74,0,33.14,50,Credit Card,3.5,Delivered,DP043,0.0,910.88,670.01,240.87
ORD103244,CUST1533,REST061,Urban Tadka,2025-02-06,Ahmedabad,Biryani,3,1256.07,25,36.47,68,Cash,3.0,Cancelled,DP167,314.02,978.52,975.63,2.89
ORD103245,CUST1859,REST054,The Food Factory,2025-09-29,Bengaluru,Chinese,5,568.15,0,70.12,48,Cash,5.0,Cancelled,DP133,0.0,638.27,356.43,281.84
ORD103246,CUST1796,REST062,Taste of India,2025-10-20,Hyderabad,Indian,3,244.06,5,79.8,59,Credit Card,4.0,Delivered,DP218,12.2,311.66,149.4,162.26
ORD103247,CUST1780,REST001,Food Junction,2025-11-28,Ahmedabad,Desserts,1,1727.8,10,54.28,27,Credit Card,3.5,Delivered,DP203,172.78,1609.3,1014.3,595.0
ORD103248,CUST1465,REST049,Taste of India,2025-06-01,Delhi,Desserts,1,1655.22,5,43.48,45,Credit Card,3.5,Delivered,DP178,82.76,1615.94,928.44,687.5
ORD103249,CUST1769,REST025,Taste of India,2025-10-09,Mumbai,South Indian,2,1676.3,15,92.37,66,Credit Card,4.5,Delivered,DP016,251.44,1517.23,990.21,527.02
ORD103250,CUST1540,REST010,Taste of India,2025-01-20,Chennai,South Indian,2,1763.88,0,26.54,53,Wallet,3.5,Delivered,DP211,0.0,1790.42,1085.56,704.86
ORD103251,CUST1212,REST080,Food Junction,2025-05-17,Delhi,Biryani,3,430.29,10,76.26,21,Wallet,4.5,Delivered,DP052,43.03,463.52,275.36,188.16
ORD103252,CUST1462,REST016,Food Junction,2025-12-25,Kolkata,Indian,3,385.06,0,73.66,31,Debit Card,4.5,Cancelled,DP197,0.0,458.72,221.5,237.22
ORD103253,CUST1435,REST058,Biryani House,2025-01-29,Hyderabad,Biryani,3,177.48,5,73.67,56,Debit Card,4.5,Delivered,DP071,8.87,242.28,131.1,111.18
ORD103254,CUST1282,REST072,Curry Corner,2025-01-31,Mumbai,Desserts,3,1618.26,15,94.51,26,Debit Card,5.0,Delivered,DP003,242.74,1470.03,1120.45,349.58
ORD103255,CUST1561,REST029,Royal Kitchen,2025-01-19,Mumbai,Indian,1,1384.64,20,76.9,71,Cash,3.5,Delivered,DP089,276.93,1184.61,940.73,243.88
ORD103256,CUST1606,REST092,Royal Kitchen,2025-05-28,Mumbai,Chinese,2,1183.88,15,40.63,69,Credit Card,4.5,Cancelled,DP138,177.58,1046.93,799.61,247.32
ORD103257,CUST1462,REST006,Royal Kitchen,2025-10-10,Hyderabad,Fast Food,2,1678.5,15,45.04,73,Wallet,3.5,Cancelled,DP051,251.78,1471.76,1035.12,436.64
ORD103258,CUST1406,REST016,Urban Tadka,2025-12-16,Pune,Indian,4,1086.13,5,48.24,68,Wallet,5.0,Delivered,DP197,54.31,1080.06,831.58,248.48
ORD103259,CUST1087,REST020,Sweet Treats,2025-12-07,Pune,Fast Food,2,337.95,0,17.62,44,Credit Card,5.0,Delivered,DP160,0.0,355.57,203.88,151.69
ORD103260,CUST1043,REST080,Biryani House,2025-10-27,Ahmedabad,Indian,2,417.13,25,92.65,62,Debit Card,4.0,Delivered,DP224,104.28,405.5,293.57,111.93
ORD103261,CUST1460,REST071,Biryani House,2025-06-12,Kolkata,Chinese,5,342.07,10,21.25,48,Cash,4.0,Delivered,DP133,34.21,329.11,208.05,121.06
ORD103262,CUST1277,REST078,Spice Hub,2025-04-23,Pune,Desserts,5,636.87,0,74.48,36,Wallet,4.0,Delivered,DP247,0.0,711.35,495.24,216.11
ORD103263,CUST1682,REST043,Sweet Treats,2025-05-30,Ahmedabad,North Indian,4,757.55,0,77.06,35,UPI,5.0,Delivered,DP118,0.0,834.61,575.5,259.11
ORD103264,CUST1420,REST026,Pizza Point,2025-11-26,Delhi,South Indian,3,1458.69,5,86.72,23,Cash,4.5,Delivered,DP171,72.93,1472.48,891.04,581.44
ORD103265,CUST1700,REST090,Spice Hub,2025-09-12,Ahmedabad,Fast Food,4,441.31,20,62.04,26,Cash,5.0,Cancelled,DP211,88.26,415.09,342.95,72.14
ORD103266,CUST1352,REST078,Pizza Point,2025-03-28,Chennai,Desserts,4,1338.61,10,76.65,31,Debit Card,3.5,Delivered,DP140,133.86,1281.4,928.96,352.44
ORD103267,CUST1695,REST071,Curry Corner,2025-12-16,Ahmedabad,Biryani,1,945.26,0,40.73,30,Credit Card,4.0,Delivered,DP159,0.0,985.99,678.29,307.7
ORD103268,CUST1514,REST033,Dosa Express,2025-04-08,Mumbai,Indian,2,1799.43,20,78.37,19,UPI,4.5,Delivered,DP209,359.89,1517.91,1106.78,411.13
ORD103269,CUST1702,REST026,Pizza Point,2025-05-12,Kolkata,South Indian,1,1424.66,10,44.19,33,Debit Card,5.0,Delivered,DP150,142.47,1326.38,854.33,472.05
ORD103270,CUST1629,REST045,Taste of India,2025-11-08,Kolkata,Indian,2,1747.84,0,91.74,71,Credit Card,4.0,Cancelled,DP059,0.0,1839.58,1306.26,533.32
ORD103271,CUST1018,REST084,Pizza Point,2025-04-07,Mumbai,Biryani,4,695.15,25,28.89,42,UPI,4.0,Delivered,DP246,173.79,550.25,426.33,123.92
ORD103272,CUST1022,REST063,Dragon Bowl,2025-04-08,Delhi,Desserts,2,326.72,0,41.84,31,Wallet,5.0,Delivered,DP052,0.0,368.56,248.64,119.92
ORD103273,CUST1412,REST067,Sweet Treats,2025-10-17,Ahmedabad,Chinese,3,969.9,15,57.4,36,UPI,3.0,Cancelled,DP047,145.49,881.81,615.24,266.57
ORD103274,CUST1029,REST052,Royal Kitchen,2025-12-22,Pune,Italian,3,328.72,20,80.95,49,Debit Card,4.0,Delivered,DP242,65.74,343.93,181.49,162.44
ORD103275,CUST1806,REST068,Royal Kitchen,2025-08-15,Ahmedabad,Indian,4,947.32,20,78.65,63,UPI,4.0,Delivered,DP105,189.46,836.51,650.05,186.46
ORD103276,CUST1107,REST026,Food Junction,2025-05-25,Mumbai,North Indian,5,573.5,5,32.91,73,UPI,3.5,Delivered,DP214,28.68,577.73,362.07,215.66
ORD103277,CUST1366,REST075,Sweet Treats,2025-06-05,Mumbai,Biryani,3,944.96,0,27.26,29,UPI,4.0,Delivered,DP049,0.0,972.22,731.85,240.37
ORD103278,CUST1280,REST002,Curry Corner,2025-09-27,Hyderabad,Italian,4,1715.39,25,40.84,33,Wallet,4.5,Cancelled,DP056,428.85,1327.38,1096.04,231.34
ORD103279,CUST1127,REST014,Royal Kitchen,2025-06-11,Bengaluru,Indian,1,605.58,15,56.12,61,Credit Card,4.0,Delivered,DP218,90.84,570.86,376.87,193.99
ORD103280,CUST1228,REST030,Biryani House,2025-04-22,Kolkata,Fast Food,5,1788.97,15,60.82,64,UPI,4.0,Delivered,DP031,268.35,1581.44,1216.98,364.46
ORD103281,CUST1110,REST049,Taste of India,2025-11-27,Delhi,Desserts,3,505.27,10,51.48,40,Cash,4.5,Delivered,DP247,50.53,506.22,362.72,143.5
ORD103282,CUST1135,REST012,Dosa Express,2025-07-04,Ahmedabad,South Indian,4,469.62,20,71.36,58,Debit Card,5.0,Delivered,DP187,93.92,447.06,362.69,84.37
ORD103283,CUST1361,REST090,Curry Corner,2025-07-24,Delhi,South Indian,4,1035.24,0,51.34,74,Cash,4.5,Delivered,DP235,0.0,1086.58,585.96,500.62
ORD103284,CUST1185,REST044,Biryani House,2025-04-07,Pune,Biryani,1,1534.64,0,95.44,58,Credit Card,5.0,Delivered,DP070,0.0,1630.08,992.12,637.96
ORD103285,CUST1655,REST033,The Food Factory,2025-02-24,Delhi,Fast Food,1,1379.17,25,37.18,70,Debit Card,5.0,Delivered,DP076,344.79,1071.56,969.07,102.49
ORD103286,CUST1583,REST013,Sweet Treats,2025-04-27,Pune,Chinese,5,1335.54,10,68.33,49,Credit Card,5.0,Delivered,DP171,133.55,1270.32,736.07,534.25
ORD103287,CUST1128,REST078,Dragon Bowl,2025-04-03,Ahmedabad,Italian,3,594.82,20,66.97,57,Debit Card,5.0,Delivered,DP219,118.96,542.83,394.05,148.78
ORD103288,CUST1875,REST088,Curry Corner,2025-10-20,Hyderabad,Biryani,4,157.83,5,38.93,37,Cash,4.5,Cancelled,DP081,7.89,188.87,116.08,72.79
ORD103289,CUST1260,REST098,Sweet Treats,2025-07-23,Ahmedabad,North Indian,5,391.74,0,49.99,24,Cash,4.5,Delivered,DP074,0.0,441.73,220.04,221.69
ORD103290,CUST1514,REST026,Dosa Express,2025-10-09,Hyderabad,Indian,5,707.12,15,46.07,36,Wallet,4.5,Delivered,DP109,106.07,647.12,444.3,202.82
ORD103291,CUST1448,REST021,Biryani House,2025-07-08,Chennai,South Indian,1,1752.43,15,29.66,61,Credit Card,5.0,Delivered,DP005,262.86,1519.23,1125.43,393.8
ORD103292,CUST1899,REST028,Sweet Treats,2025-11-19,Pune,Indian,4,1665.23,20,55.57,69,Cash,4.5,Delivered,DP004,333.05,1387.75,1190.22,197.53
ORD103293,CUST1103,REST048,Food Junction,2025-03-25,Kolkata,Italian,2,457.08,0,47.87,25,Debit Card,4.5,Delivered,DP231,0.0,504.95,282.48,222.47
ORD103294,CUST1482,REST100,Pizza Point,2025-06-29,Hyderabad,Fast Food,1,1339.05,0,30.16,69,UPI,4.0,Delivered,DP143,0.0,1369.21,812.32,556.89
ORD103295,CUST1223,REST040,Spice Hub,2025-10-01,Ahmedabad,Fast Food,4,1092.75,5,53.24,40,UPI,5.0,Delivered,DP130,54.64,1091.35,630.04,461.31
ORD103296,CUST1831,REST066,Dosa Express,2025-06-30,Pune,Biryani,5,203.74,20,50.86,15,UPI,4.0,Delivered,DP177,40.75,213.85,158.72,55.13
ORD103297,CUST1873,REST073,Spice Hub,2025-06-30,Kolkata,Biryani,5,744.47,0,26.17,66,Wallet,3.5,Delivered,DP247,0.0,770.64,490.22,280.42
ORD103298,CUST1865,REST087,Urban Tadka,2025-10-10,Ahmedabad,Fast Food,3,936.6,5,26.15,50,Cash,4.5,Delivered,DP056,46.83,915.92,525.52,390.4
ORD103299,CUST1490,REST079,Pizza Point,2025-10-14,Kolkata,Biryani,2,1241.52,15,70.04,67,Credit Card,4.0,Delivered,DP245,186.23,1125.33,704.69,420.64
ORD103300,CUST1472,REST077,Dosa Express,2025-04-16,Ahmedabad,Fast Food,1,615.44,5,75.06,72,Credit Card,3.5,Delivered,DP136,30.77,659.73,356.6,303.13
ORD103301,CUST1009,REST023,Curry Corner,2025-05-09,Delhi,Italian,3,1688.82,0,95.0,35,Wallet,4.0,Delivered,DP016,0.0,1783.82,1011.1,772.72
ORD103302,CUST1404,REST081,Food Junction,2025-09-19,Chennai,Biryani,3,879.16,0,22.4,22,Debit Card,3.0,Delivered,DP192,0.0,901.56,633.26,268.3
ORD103303,CUST1895,REST048,Curry Corner,2025-01-11,Bengaluru,Fast Food,2,537.53,20,25.02,34,Cash,3.5,Cancelled,DP212,107.51,455.04,364.71,90.33
ORD103304,CUST1301,REST002,The Food Factory,2025-06-11,Mumbai,Biryani,1,651.6,25,19.4,59,Cash,4.5,Delivered,DP024,162.9,508.1,474.78,33.32
ORD103305,CUST1230,REST084,Urban Tadka,2025-06-30,Mumbai,Indian,1,1383.17,0,60.24,31,Debit Card,5.0,Delivered,DP227,0.0,1443.41,767.05,676.36
ORD103306,CUST1730,REST020,Food Junction,2025-08-01,Chennai,Desserts,5,1195.68,0,67.93,29,Debit Card,4.0,Cancelled,DP055,0.0,1263.61,730.53,533.08
ORD103307,CUST1065,REST059,Dragon Bowl,2025-10-01,Pune,South Indian,1,1366.86,15,49.3,35,Cash,4.5,Delivered,DP182,205.03,1211.13,879.26,331.87
ORD103308,CUST1111,REST046,Royal Kitchen,2025-01-21,Pune,Indian,3,611.13,20,82.82,15,Cash,5.0,Delivered,DP209,122.23,571.72,396.42,175.3
ORD103309,CUST1012,REST003,Sweet Treats,2025-10-02,Pune,Chinese,5,669.11,25,73.37,74,UPI,4.0,Delivered,DP069,167.28,575.2,376.25,198.95
ORD103310,CUST1392,REST055,Sweet Treats,2025-09-17,Bengaluru,Fast Food,1,786.49,10,98.8,17,Credit Card,4.5,Delivered,DP206,78.65,806.64,525.1,281.54
ORD103311,CUST1499,REST012,Royal Kitchen,2025-11-29,Kolkata,Chinese,2,436.84,20,26.72,45,UPI,4.0,Delivered,DP206,87.37,376.19,269.06,107.13
ORD103312,CUST1597,REST040,Taste of India,2025-04-26,Mumbai,Fast Food,3,1280.95,15,19.96,70,UPI,4.5,Delivered,DP238,192.14,1108.77,760.93,347.84
ORD103313,CUST1233,REST066,Sweet Treats,2025-01-25,Chennai,Desserts,4,673.31,15,38.36,72,Credit Card,4.0,Delivered,DP235,101.0,610.67,474.26,136.41
ORD103314,CUST1601,REST100,Biryani House,2025-11-29,Pune,South Indian,2,668.08,15,16.62,45,Wallet,5.0,Delivered,DP060,100.21,584.49,380.33,204.16
ORD103315,CUST1313,REST078,Urban Tadka,2025-09-11,Hyderabad,Biryani,2,572.53,5,94.27,35,Wallet,3.0,Cancelled,DP159,28.63,638.17,429.06,209.11
ORD103316,CUST1565,REST016,Biryani House,2025-07-30,Delhi,Fast Food,1,880.75,25,40.84,37,Wallet,4.5,Delivered,DP020,220.19,701.4,666.69,34.71
ORD103317,CUST1011,REST083,Royal Kitchen,2025-11-01,Bengaluru,Desserts,5,1416.92,15,61.96,31,Wallet,4.0,Delivered,DP205,212.54,1266.34,885.4,380.94
ORD103318,CUST1208,REST034,Pizza Point,2025-11-17,Ahmedabad,Indian,5,1523.82,10,42.04,36,Debit Card,4.5,Delivered,DP054,152.38,1413.48,1183.99,229.49
ORD103319,CUST1013,REST044,Taste of India,2025-12-05,Pune,Biryani,3,1471.57,0,35.89,74,UPI,4.0,Delivered,DP137,0.0,1507.46,945.18,562.28
ORD103320,CUST1632,REST006,Taste of India,2025-09-14,Mumbai,South Indian,1,1163.61,0,27.95,70,Debit Card,4.0,Cancelled,DP244,0.0,1191.56,897.53,294.03
ORD103321,CUST1417,REST077,Royal Kitchen,2025-06-17,Delhi,Indian,5,591.12,20,42.23,36,Debit Card,4.0,Delivered,DP162,118.22,515.13,459.29,55.84
ORD103322,CUST1436,REST064,Royal Kitchen,2025-12-03,Chennai,Biryani,4,1354.56,20,67.31,50,Credit Card,3.5,Delivered,DP204,270.91,1150.96,1002.63,148.33
ORD103323,CUST1376,REST100,Sweet Treats,2025-01-21,Pune,Fast Food,1,186.13,15,97.59,73,Wallet,4.5,Delivered,DP232,27.92,255.8,107.72,148.08
ORD103324,CUST1019,REST022,Food Junction,2025-03-27,Mumbai,Fast Food,1,1460.9,0,62.44,22,Cash,4.0,Delivered,DP080,0.0,1523.34,999.86,523.48
ORD103325,CUST1586,REST018,Pizza Point,2025-01-15,Delhi,Indian,5,1430.78,15,60.28,61,Wallet,4.5,Delivered,DP193,214.62,1276.44,1027.79,248.65
ORD103326,CUST1754,REST012,The Food Factory,2025-02-19,Hyderabad,Italian,2,1245.6,5,18.0,22,UPI,4.5,Delivered,DP144,62.28,1201.32,707.27,494.05
ORD103327,CUST1734,REST052,Urban Tadka,2025-10-31,Bengaluru,Fast Food,1,284.51,0,86.41,28,Debit Card,3.0,Delivered,DP070,0.0,370.92,214.96,155.96
ORD103328,CUST1069,REST094,Urban Tadka,2025-11-01,Chennai,Desserts,2,1795.53,15,18.81,52,UPI,3.5,Delivered,DP212,269.33,1545.01,1339.31,205.7
ORD103329,CUST1823,REST051,Dosa Express,2025-07-15,Ahmedabad,Italian,3,1390.77,15,92.03,38,Debit Card,5.0,Delivered,DP134,208.62,1274.18,1063.64,210.54
ORD103330,CUST1210,REST071,Curry Corner,2025-12-30,Mumbai,Biryani,3,1354.48,10,60.79,74,Debit Card,4.5,Delivered,DP035,135.45,1279.82,905.18,374.64
ORD103331,CUST1100,REST096,Sweet Treats,2025-10-28,Kolkata,Italian,5,227.53,10,29.32,36,Debit Card,3.5,Cancelled,DP105,22.75,234.1,142.11,91.99
ORD103332,CUST1697,REST048,Dosa Express,2025-10-15,Hyderabad,Indian,3,789.82,25,53.4,29,Cash,4.5,Cancelled,DP243,197.46,645.76,526.38,119.38
ORD103333,CUST1131,REST019,The Food Factory,2025-09-02,Bengaluru,Chinese,5,264.77,10,99.57,34,Wallet,5.0,Delivered,DP131,26.48,337.86,190.04,147.82
ORD103334,CUST1622,REST006,Taste of India,2025-12-19,Bengaluru,Chinese,5,726.54,25,40.93,41,Debit Card,4.0,Cancelled,DP021,181.64,585.83,469.15,116.68
ORD103335,CUST1380,REST084,Royal Kitchen,2025-07-20,Kolkata,Indian,2,1078.42,5,37.9,42,Credit Card,4.5,Delivered,DP135,53.92,1062.4,680.38,382.02
ORD103336,CUST1131,REST027,Spice Hub,2025-07-12,Ahmedabad,North Indian,2,1596.51,25,25.03,36,Debit Card,4.0,Delivered,DP078,399.13,1222.41,906.38,316.03
ORD103337,CUST1019,REST053,Royal Kitchen,2025-12-02,Hyderabad,Desserts,3,595.34,0,65.76,45,Wallet,3.5,Cancelled,DP158,0.0,661.1,388.68,272.42
ORD103338,CUST1535,REST048,The Food Factory,2025-05-26,Mumbai,Chinese,2,1167.34,5,22.58,23,Wallet,4.0,Delivered,DP022,58.37,1131.55,747.52,384.03
ORD103339,CUST1226,REST007,The Food Factory,2025-11-06,Bengaluru,Indian,1,396.62,0,80.11,70,Cash,4.5,Delivered,DP142,0.0,476.73,278.65,198.08
ORD103340,CUST1153,REST059,Food Junction,2025-05-07,Chennai,Fast Food,4,714.66,15,93.13,37,Debit Card,4.0,Delivered,DP183,107.2,700.59,465.18,235.41
ORD103341,CUST1804,REST069,Food Junction,2025-06-24,Delhi,Italian,1,1711.36,15,94.21,19,Credit Card,4.0,Cancelled,DP089,256.7,1548.87,942.84,606.03
ORD103342,CUST1741,REST011,Food Junction,2025-05-14,Chennai,Chinese,1,1376.04,15,24.17,59,Cash,4.0,Delivered,DP067,206.41,1193.8,910.11,283.69
ORD103343,CUST1468,REST015,Food Junction,2025-03-07,Ahmedabad,Fast Food,5,1036.95,10,62.45,53,Cash,4.0,Cancelled,DP133,103.7,995.7,754.85,240.85
ORD103344,CUST1821,REST064,Curry Corner,2025-12-31,Pune,Chinese,4,542.85,15,23.25,31,Debit Card,4.0,Cancelled,DP197,81.43,484.67,416.59,68.08
ORD103345,CUST1870,REST003,Sweet Treats,2025-10-06,Ahmedabad,Biryani,5,757.9,25,63.62,54,Debit Card,4.5,Delivered,DP115,189.48,632.04,450.48,181.56
ORD103346,CUST1404,REST069,Dragon Bowl,2025-09-03,Bengaluru,Indian,2,383.24,10,84.27,19,Cash,3.0,Cancelled,DP059,38.32,429.19,248.03,181.16
ORD103347,CUST1201,REST023,Urban Tadka,2025-12-29,Delhi,Indian,2,713.82,0,60.71,69,Cash,5.0,Delivered,DP234,0.0,774.53,531.74,242.79
ORD103348,CUST1037,REST053,Sweet Treats,2025-08-25,Hyderabad,Desserts,4,373.06,5,89.12,21,Cash,3.5,Delivered,DP137,18.65,443.53,208.86,234.67
ORD103349,CUST1771,REST037,Sweet Treats,2025-06-20,Delhi,Fast Food,3,1456.12,5,83.14,22,UPI,4.5,Delivered,DP176,72.81,1466.45,918.05,548.4
ORD103350,CUST1187,REST009,Urban Tadka,2025-02-20,Ahmedabad,North Indian,2,255.68,25,38.51,21,Cash,4.0,Delivered,DP233,63.92,230.27,175.38,54.89
ORD103351,CUST1056,REST015,Food Junction,2025-11-24,Delhi,Biryani,1,438.2,5,68.56,36,Wallet,4.5,Delivered,DP102,21.91,484.85,275.53,209.32
ORD103352,CUST1019,REST003,Sweet Treats,2025-12-25,Kolkata,Italian,4,1281.16,10,15.63,58,Credit Card,5.0,Delivered,DP037,128.12,1168.67,848.84,319.83
ORD103353,CUST1272,REST093,Royal Kitchen,2025-06-02,Delhi,Desserts,4,1636.23,20,48.66,52,Credit Card,4.0,Delivered,DP068,327.25,1357.64,1253.34,104.3
ORD103354,CUST1118,REST070,Curry Corner,2025-03-21,Bengaluru,Biryani,2,1740.51,20,35.23,67,Debit Card,4.5,Delivered,DP148,348.1,1427.64,966.86,460.78
ORD103355,CUST1582,REST017,Food Junction,2025-05-25,Kolkata,North Indian,2,1524.52,0,94.65,35,Cash,3.5,Delivered,DP085,0.0,1619.17,865.81,753.36
ORD103356,CUST1515,REST026,Curry Corner,2025-10-01,Ahmedabad,Biryani,5,475.27,20,49.46,18,Credit Card,3.5,Delivered,DP178,95.05,429.68,282.93,146.75
ORD103357,CUST1220,REST021,Dosa Express,2025-06-04,Ahmedabad,South Indian,5,599.99,0,70.6,46,Credit Card,5.0,Delivered,DP240,0.0,670.59,383.11,287.48
ORD103358,CUST1525,REST072,Dragon Bowl,2025-12-03,Ahmedabad,Italian,1,1582.86,0,77.22,69,Wallet,3.5,Delivered,DP024,0.0,1660.08,1041.97,618.11
ORD103359,CUST1514,REST021,Sweet Treats,2025-12-29,Kolkata,Desserts,4,1614.08,0,80.72,43,Wallet,4.0,Delivered,DP124,0.0,1694.8,901.36,793.44
ORD103360,CUST1727,REST011,Royal Kitchen,2025-11-21,Pune,Italian,3,1196.3,0,77.54,74,UPI,3.5,Delivered,DP199,0.0,1273.84,900.8,373.04
ORD103361,CUST1740,REST038,Dragon Bowl,2025-12-02,Pune,Biryani,3,646.92,15,39.58,73,UPI,4.0,Delivered,DP238,97.04,589.46,468.68,120.78
ORD103362,CUST1335,REST072,Biryani House,2025-05-23,Kolkata,Desserts,4,496.42,25,73.32,44,Credit Card,5.0,Delivered,DP126,124.1,445.64,303.63,142.01
ORD103363,CUST1697,REST088,Curry Corner,2025-10-25,Kolkata,Chinese,1,1551.83,5,61.67,17,Debit Card,4.0,Delivered,DP247,77.59,1535.91,945.15,590.76
ORD103364,CUST1054,REST035,Dosa Express,2025-02-03,Ahmedabad,South Indian,5,464.83,25,65.78,19,Credit Card,4.5,Delivered,DP049,116.21,414.4,258.39,156.01
ORD103365,CUST1499,REST014,Pizza Point,2025-10-31,Ahmedabad,Chinese,5,1231.83,20,15.07,33,Debit Card,4.0,Delivered,DP136,246.37,1000.53,790.59,209.94
ORD103366,CUST1899,REST014,Pizza Point,2025-08-27,Ahmedabad,Biryani,5,1746.16,10,36.95,22,Credit Card,4.0,Delivered,DP075,174.62,1608.49,1062.59,545.9
ORD103367,CUST1887,REST010,Dosa Express,2025-05-18,Mumbai,Chinese,3,1304.89,0,94.11,51,Wallet,4.5,Delivered,DP241,0.0,1399.0,903.29,495.71
ORD103368,CUST1765,REST012,Taste of India,2025-09-11,Pune,Italian,3,552.89,20,39.66,45,Cash,4.5,Cancelled,DP110,110.58,481.97,373.76,108.21
ORD103369,CUST1535,REST038,Taste of India,2025-01-05,Bengaluru,Desserts,1,594.61,10,52.23,41,Credit Card,4.0,Delivered,DP201,59.46,587.38,457.93,129.45
ORD103370,CUST1161,REST034,Food Junction,2025-06-25,Mumbai,Italian,3,276.06,10,30.87,27,UPI,5.0,Delivered,DP006,27.61,279.32,202.33,76.99
ORD103371,CUST1669,REST041,Taste of India,2025-08-02,Hyderabad,Chinese,2,1272.88,5,26.78,56,Debit Card,3.0,Cancelled,DP040,63.64,1236.02,723.76,512.26
ORD103372,CUST1593,REST010,Pizza Point,2025-12-30,Hyderabad,Desserts,3,990.97,25,32.74,20,Debit Card,3.5,Cancelled,DP081,247.74,775.97,705.56,70.41
ORD103373,CUST1158,REST017,Royal Kitchen,2025-01-23,Hyderabad,Italian,5,466.87,15,62.06,15,Credit Card,5.0,Delivered,DP182,70.03,458.9,268.28,190.62
ORD103374,CUST1187,REST017,Taste of India,2025-11-14,Hyderabad,Indian,1,502.48,15,93.12,44,Debit Card,4.5,Delivered,DP205,75.37,520.23,313.7,206.53
ORD103375,CUST1059,REST067,Biryani House,2025-01-13,Hyderabad,Italian,4,135.16,25,42.73,25,UPI,5.0,Delivered,DP109,33.79,144.1,91.59,52.51
ORD103376,CUST1816,REST062,Pizza Point,2025-08-29,Chennai,Biryani,4,1763.74,0,42.49,66,Wallet,4.5,Delivered,DP145,0.0,1806.23,1171.15,635.08
ORD103377,CUST1318,REST095,Curry Corner,2025-10-03,Kolkata,Fast Food,1,1511.07,20,62.95,55,Cash,4.0,Cancelled,DP051,302.21,1271.81,1072.05,199.76
ORD103378,CUST1877,REST001,The Food Factory,2025-04-02,Bengaluru,Chinese,2,782.21,15,45.32,45,Cash,4.5,Delivered,DP002,117.33,710.2,575.95,134.25
ORD103379,CUST1210,REST012,Taste of India,2025-04-18,Mumbai,South Indian,4,1709.43,5,92.39,30,Debit Card,3.5,Delivered,DP158,85.47,1716.35,1266.28,450.07
ORD103380,CUST1405,REST004,Taste of India,2025-08-17,Hyderabad,North Indian,5,1257.56,20,47.12,29,Credit Card,4.5,Delivered,DP160,251.51,1053.17,708.53,344.64
ORD103381,CUST1663,REST042,Sweet Treats,2025-06-01,Chennai,Chinese,4,1382.46,10,56.69,19,Debit Card,4.5,Delivered,DP050,138.25,1300.9,964.38,336.52
ORD103382,CUST1108,REST013,Urban Tadka,2025-04-18,Ahmedabad,North Indian,4,1262.33,0,60.34,29,UPI,5.0,Delivered,DP228,0.0,1322.67,973.4,349.27
ORD103383,CUST1075,REST098,Biryani House,2025-10-16,Ahmedabad,North Indian,5,1391.51,0,81.48,15,Credit Card,4.5,Delivered,DP199,0.0,1472.99,1006.97,466.02
ORD103384,CUST1541,REST085,Pizza Point,2025-06-25,Pune,Italian,3,407.18,15,62.93,29,Wallet,3.5,Delivered,DP144,61.08,409.03,272.64,136.39
ORD103385,CUST1313,REST086,Pizza Point,2025-11-16,Chennai,Italian,2,1064.83,0,35.33,50,UPI,4.0,Delivered,DP083,0.0,1100.16,830.21,269.95
ORD103386,CUST1116,REST004,Dragon Bowl,2025-10-13,Chennai,Desserts,5,1546.95,0,25.54,74,Wallet,3.0,Delivered,DP207,0.0,1572.49,866.47,706.02
ORD103387,CUST1867,REST082,Spice Hub,2025-12-30,Bengaluru,Desserts,5,152.83,0,94.71,62,Credit Card,4.5,Delivered,DP183,0.0,247.54,87.16,160.38
ORD103388,CUST1703,REST069,Urban Tadka,2025-11-25,Hyderabad,Fast Food,1,327.38,0,83.13,68,Wallet,4.5,Delivered,DP185,0.0,410.51,237.9,172.61
ORD103389,CUST1018,REST019,Taste of India,2025-12-31,Chennai,Fast Food,2,532.67,0,16.95,53,UPI,4.0,Delivered,DP206,0.0,549.62,360.32,189.3
ORD103390,CUST1431,REST002,Dosa Express,2025-08-29,Kolkata,South Indian,3,615.14,25,84.83,69,UPI,5.0,Delivered,DP045,153.78,546.19,355.93,190.26
ORD103391,CUST1684,REST012,Sweet Treats,2025-05-25,Chennai,Biryani,5,426.94,0,65.2,22,Debit Card,5.0,Delivered,DP180,0.0,492.14,271.67,220.47
ORD103392,CUST1739,REST081,Dragon Bowl,2025-12-22,Hyderabad,Indian,3,1168.88,10,59.11,67,Credit Card,5.0,Delivered,DP199,116.89,1111.1,660.17,450.93
ORD103393,CUST1349,REST074,Royal Kitchen,2025-01-14,Bengaluru,Biryani,5,613.95,5,16.04,36,Cash,4.0,Delivered,DP175,30.7,599.29,412.01,187.28
ORD103394,CUST1182,REST098,Dragon Bowl,2025-10-02,Chennai,Desserts,5,385.61,0,81.37,41,Cash,4.5,Delivered,DP033,0.0,466.98,221.32,245.66
ORD103395,CUST1112,REST006,Curry Corner,2025-03-12,Mumbai,South Indian,1,1641.79,20,31.84,73,Wallet,5.0,Delivered,DP128,328.36,1345.27,905.59,439.68
ORD103396,CUST1182,REST008,Sweet Treats,2025-11-11,Delhi,Chinese,4,1287.66,15,76.88,48,Cash,4.5,Delivered,DP098,193.15,1171.39,803.7,367.69
ORD103397,CUST1480,REST051,Taste of India,2025-07-14,Ahmedabad,Italian,2,533.38,5,16.35,44,Cash,4.0,Delivered,DP152,26.67,523.06,322.05,201.01
ORD103398,CUST1145,REST011,Spice Hub,2025-12-19,Pune,Biryani,1,726.4,10,82.69,26,UPI,5.0,Delivered,DP035,72.64,736.45,460.02,276.43
ORD103399,CUST1830,REST063,The Food Factory,2025-10-27,Delhi,North Indian,3,1364.52,10,16.96,72,UPI,5.0,Cancelled,DP192,136.45,1245.03,860.47,384.56
ORD103400,CUST1627,REST057,Royal Kitchen,2025-01-11,Delhi,Italian,5,1448.73,10,35.05,74,UPI,4.5,Delivered,DP085,144.87,1338.91,1006.73,332.18
ORD103401,CUST1112,REST012,Pizza Point,2025-04-16,Bengaluru,Italian,5,416.41,15,37.8,16,Cash,4.0,Cancelled,DP088,62.46,391.75,294.15,97.6
ORD103402,CUST1762,REST073,Curry Corner,2025-09-15,Ahmedabad,Biryani,2,1693.45,0,28.39,60,Wallet,3.5,Delivered,DP101,0.0,1721.84,981.0,740.84
ORD103403,CUST1475,REST002,Urban Tadka,2025-07-15,Chennai,Biryani,1,1439.26,0,55.89,65,Credit Card,4.5,Delivered,DP208,0.0,1495.15,953.35,541.8
ORD103404,CUST1762,REST008,Royal Kitchen,2025-05-25,Delhi,North Indian,1,1559.45,25,39.11,66,Debit Card,4.5,Delivered,DP060,389.86,1208.7,1176.61,32.09
ORD103405,CUST1302,REST011,Taste of India,2025-08-08,Delhi,Desserts,3,361.68,25,99.43,52,Wallet,4.5,Delivered,DP209,90.42,370.69,211.27,159.42
ORD103406,CUST1824,REST053,Dragon Bowl,2025-12-16,Ahmedabad,North Indian,1,360.86,0,64.3,36,UPI,3.5,Delivered,DP029,0.0,425.16,278.72,146.44
ORD103407,CUST1117,REST100,Biryani House,2025-06-23,Pune,Fast Food,1,633.02,0,63.15,65,Wallet,3.5,Delivered,DP018,0.0,696.17,350.98,345.19
ORD103408,CUST1812,REST010,Dosa Express,2025-08-04,Hyderabad,Desserts,4,228.61,20,33.77,31,Credit Card,4.0,Delivered,DP186,45.72,216.66,130.98,85.68
ORD103409,CUST1160,REST085,Sweet Treats,2025-04-03,Kolkata,South Indian,2,272.99,0,49.74,49,UPI,4.0,Delivered,DP048,0.0,322.73,161.29,161.44
ORD103410,CUST1400,REST084,Spice Hub,2025-09-17,Kolkata,South Indian,1,360.59,15,25.54,66,Credit Card,4.5,Delivered,DP011,54.09,332.04,237.29,94.75
ORD103411,CUST1197,REST008,Royal Kitchen,2025-03-04,Ahmedabad,North Indian,3,1316.88,5,79.81,71,Debit Card,4.0,Cancelled,DP131,65.84,1330.85,814.89,515.96
ORD103412,CUST1259,REST036,The Food Factory,2025-01-29,Chennai,Indian,5,170.79,25,43.15,56,Wallet,4.5,Delivered,DP170,42.7,171.24,110.36,60.88
ORD103413,CUST1659,REST093,Food Junction,2025-10-02,Chennai,Desserts,1,259.85,0,78.92,70,Debit Card,4.5,Delivered,DP146,0.0,338.77,199.15,139.62
ORD103414,CUST1751,REST076,Dragon Bowl,2025-12-13,Pune,North Indian,1,1706.23,0,46.59,59,Cash,3.5,Cancelled,DP016,0.0,1752.82,1072.4,680.42
ORD103415,CUST1046,REST014,Dosa Express,2025-10-12,Hyderabad,Fast Food,5,260.54,25,99.04,66,Wallet,5.0,Delivered,DP041,65.14,294.44,194.12,100.32
ORD103416,CUST1398,REST054,Taste of India,2025-03-11,Ahmedabad,Indian,4,1022.94,15,29.55,37,Cash,4.5,Delivered,DP245,153.44,899.05,579.75,319.3
ORD103417,CUST1709,REST085,The Food Factory,2025-10-06,Chennai,Biryani,2,1199.52,15,15.13,43,Credit Card,4.5,Delivered,DP193,179.93,1034.72,883.74,150.98
ORD103418,CUST1558,REST086,Dragon Bowl,2025-08-19,Kolkata,South Indian,4,1730.44,20,65.56,43,Cash,5.0,Cancelled,DP043,346.09,1449.91,1310.56,139.35
ORD103419,CUST1077,REST021,Dosa Express,2025-10-29,Kolkata,South Indian,3,1631.67,0,96.0,71,Credit Card,4.0,Delivered,DP171,0.0,1727.67,1004.37,723.3
ORD103420,CUST1123,REST050,Dosa Express,2025-09-12,Mumbai,Indian,1,860.35,25,70.0,64,Debit Card,4.0,Delivered,DP091,215.09,715.26,581.45,133.81
ORD103421,CUST1074,REST094,Pizza Point,2025-06-21,Pune,Chinese,4,1702.84,25,22.29,33,UPI,3.5,Delivered,DP031,425.71,1299.42,1009.86,289.56
ORD103422,CUST1870,REST039,Dosa Express,2025-06-29,Bengaluru,Fast Food,2,846.21,20,60.94,31,Debit Card,4.0,Delivered,DP237,169.24,737.91,483.1,254.81
ORD103423,CUST1136,REST020,Biryani House,2025-09-21,Hyderabad,Fast Food,3,1245.46,25,92.31,22,Cash,4.5,Delivered,DP028,311.36,1026.41,905.69,120.72
ORD103424,CUST1601,REST088,The Food Factory,2025-07-02,Pune,Fast Food,4,556.14,10,15.55,64,Credit Card,4.5,Cancelled,DP232,55.61,516.08,386.44,129.64
ORD103425,CUST1399,REST087,Taste of India,2025-11-18,Delhi,South Indian,1,1189.56,10,29.19,21,Cash,3.0,Delivered,DP051,118.96,1099.79,860.07,239.72
ORD103426,CUST1836,REST007,Taste of India,2025-07-24,Ahmedabad,Italian,2,1024.16,10,84.24,69,UPI,3.0,Cancelled,DP027,102.42,1005.98,666.86,339.12
ORD103427,CUST1504,REST009,Biryani House,2025-09-06,Chennai,South Indian,1,1139.48,0,90.98,25,Wallet,4.0,Delivered,DP009,0.0,1230.46,692.13,538.33
ORD103428,CUST1499,REST001,Urban Tadka,2025-08-01,Mumbai,Italian,1,1266.85,15,75.11,17,Wallet,3.5,Delivered,DP121,190.03,1151.93,821.14,330.79
ORD103429,CUST1572,REST026,Royal Kitchen,2025-06-08,Kolkata,South Indian,3,411.4,15,99.28,16,Wallet,4.5,Delivered,DP124,61.71,448.97,232.4,216.57
ORD103430,CUST1137,REST038,The Food Factory,2025-04-10,Mumbai,Desserts,2,626.12,0,22.67,33,Cash,4.5,Cancelled,DP166,0.0,648.79,385.2,263.59
ORD103431,CUST1049,REST038,Dosa Express,2025-11-13,Bengaluru,Biryani,5,1356.89,25,61.38,42,Wallet,4.0,Delivered,DP164,339.22,1079.05,839.14,239.91
ORD103432,CUST1770,REST061,Royal Kitchen,2025-04-22,Ahmedabad,South Indian,1,395.22,10,73.22,70,Credit Card,3.0,Delivered,DP060,39.52,428.92,282.32,146.6
ORD103433,CUST1618,REST044,Spice Hub,2025-11-04,Pune,Desserts,2,698.32,0,74.72,42,UPI,3.5,Delivered,DP233,0.0,773.04,392.61,380.43
ORD103434,CUST1624,REST086,Curry Corner,2025-06-15,Mumbai,Desserts,1,1239.68,0,82.45,39,Debit Card,4.5,Delivered,DP219,0.0,1322.13,751.76,570.37
ORD103435,CUST1861,REST044,The Food Factory,2025-02-05,Pune,Biryani,4,1695.25,15,93.0,25,Credit Card,5.0,Delivered,DP057,254.29,1533.96,1040.24,493.72
ORD103436,CUST1253,REST074,Food Junction,2025-04-22,Ahmedabad,Desserts,4,246.5,25,45.74,54,UPI,4.0,Delivered,DP175,61.62,230.62,166.83,63.79
ORD103437,CUST1629,REST062,Spice Hub,2025-03-28,Chennai,Italian,2,987.82,25,18.65,57,Debit Card,5.0,Cancelled,DP114,246.96,759.51,598.9,160.61
ORD103438,CUST1709,REST006,Biryani House,2025-07-02,Chennai,Fast Food,3,257.6,0,45.81,16,Wallet,5.0,Delivered,DP218,0.0,303.41,149.53,153.88
ORD103439,CUST1848,REST017,Dosa Express,2025-03-26,Kolkata,Italian,5,756.94,10,72.09,26,Debit Card,3.0,Delivered,DP246,75.69,753.34,461.23,292.11
ORD103440,CUST1876,REST051,Urban Tadka,2025-09-26,Mumbai,Indian,4,414.65,25,33.14,75,Cash,5.0,Delivered,DP219,103.66,344.13,268.29,75.84
ORD103441,CUST1562,REST038,Food Junction,2025-06-14,Chennai,Fast Food,3,1211.06,25,83.85,55,Cash,4.0,Delivered,DP068,302.76,992.15,812.45,179.7
ORD103442,CUST1756,REST024,Urban Tadka,2025-10-30,Ahmedabad,South Indian,5,1393.16,25,33.68,52,Wallet,5.0,Cancelled,DP051,348.29,1078.55,777.96,300.59
ORD103443,CUST1425,REST051,Urban Tadka,2025-03-31,Pune,South Indian,4,535.54,5,15.86,26,Wallet,4.5,Delivered,DP058,26.78,524.62,332.71,191.91
ORD103444,CUST1546,REST010,Sweet Treats,2025-08-26,Kolkata,South Indian,5,1317.65,10,58.19,64,Credit Card,4.0,Delivered,DP048,131.76,1244.08,956.3,287.78
ORD103445,CUST1301,REST072,Dragon Bowl,2025-01-22,Chennai,South Indian,1,870.66,10,76.75,39,Credit Card,5.0,Cancelled,DP230,87.07,860.34,598.54,261.8
ORD103446,CUST1580,REST021,Dragon Bowl,2025-06-16,Ahmedabad,South Indian,2,596.41,0,44.72,51,Cash,4.0,Cancelled,DP059,0.0,641.13,390.58,250.55
ORD103447,CUST1348,REST070,Pizza Point,2025-08-03,Ahmedabad,Italian,4,999.31,5,78.66,45,UPI,5.0,Cancelled,DP076,49.97,1028.0,653.73,374.27
ORD103448,CUST1831,REST085,Food Junction,2025-02-27,Kolkata,North Indian,4,757.81,25,52.26,68,Credit Card,3.5,Delivered,DP047,189.45,620.62,481.09,139.53
ORD103449,CUST1048,REST057,Curry Corner,2025-01-30,Delhi,Biryani,1,506.39,20,29.6,31,UPI,4.5,Cancelled,DP143,101.28,434.71,318.35,116.36
ORD103450,CUST1073,REST039,Pizza Point,2025-04-16,Pune,North Indian,4,1391.5,5,22.7,62,Cash,4.0,Delivered,DP111,69.58,1344.62,893.55,451.07
ORD103451,CUST1703,REST088,Food Junction,2025-11-26,Ahmedabad,Italian,4,1459.84,5,75.4,26,Credit Card,5.0,Delivered,DP112,72.99,1462.25,1094.76,367.49
ORD103452,CUST1260,REST033,Urban Tadka,2025-06-16,Kolkata,Chinese,4,1464.52,15,47.79,75,UPI,3.5,Cancelled,DP222,219.68,1292.63,963.41,329.22
ORD103453,CUST1355,REST059,Pizza Point,2025-12-16,Hyderabad,Desserts,4,762.0,0,92.59,44,UPI,4.0,Delivered,DP206,0.0,854.59,536.4,318.19
ORD103454,CUST1581,REST018,Food Junction,2025-06-03,Ahmedabad,North Indian,4,404.81,15,60.92,16,Credit Card,4.5,Delivered,DP072,60.72,405.01,297.86,107.15
ORD103455,CUST1601,REST056,Curry Corner,2025-11-23,Chennai,Italian,3,1531.89,20,44.62,30,Wallet,5.0,Delivered,DP121,306.38,1270.13,994.74,275.39
ORD103456,CUST1259,REST092,Royal Kitchen,2025-01-07,Chennai,Desserts,4,673.16,5,44.66,15,Debit Card,4.0,Delivered,DP220,33.66,684.16,500.16,184.0
ORD103457,CUST1637,REST057,Spice Hub,2025-07-16,Pune,Fast Food,1,1376.75,0,26.17,66,Wallet,4.0,Delivered,DP249,0.0,1402.92,1071.55,331.37
ORD103458,CUST1742,REST096,Royal Kitchen,2025-11-17,Ahmedabad,South Indian,4,1493.32,20,65.47,48,Debit Card,4.0,Delivered,DP095,298.66,1260.13,994.49,265.64
ORD103459,CUST1294,REST076,The Food Factory,2025-02-15,Bengaluru,Italian,5,1410.5,25,64.48,59,UPI,4.0,Cancelled,DP002,352.62,1122.36,906.43,215.93
ORD103460,CUST1640,REST048,Royal Kitchen,2025-01-18,Hyderabad,North Indian,5,774.87,10,83.0,62,Credit Card,5.0,Delivered,DP079,77.49,780.38,569.79,210.59
ORD103461,CUST1791,REST042,Royal Kitchen,2025-06-02,Kolkata,Biryani,1,1695.87,25,32.1,15,Cash,3.5,Delivered,DP189,423.97,1304.0,1185.94,118.06
ORD103462,CUST1312,REST027,Dosa Express,2025-09-21,Hyderabad,North Indian,3,1229.07,10,39.72,65,Credit Card,4.5,Cancelled,DP040,122.91,1145.88,849.33,296.55
ORD103463,CUST1611,REST074,Royal Kitchen,2025-03-15,Kolkata,South Indian,1,1087.25,15,23.27,50,Wallet,4.5,Cancelled,DP171,163.09,947.43,819.58,127.85
ORD103464,CUST1837,REST052,Food Junction,2025-05-25,Ahmedabad,North Indian,3,1292.49,25,40.1,66,Debit Card,4.0,Delivered,DP048,323.12,1009.47,903.93,105.54
ORD103465,CUST1808,REST042,Curry Corner,2025-04-12,Hyderabad,Indian,2,195.14,20,51.39,17,Credit Card,4.5,Delivered,DP200,39.03,207.5,136.12,71.38
ORD103466,CUST1181,REST032,The Food Factory,2025-12-01,Mumbai,Chinese,5,776.07,15,96.94,48,Debit Card,5.0,Delivered,DP197,116.41,756.6,463.77,292.83
ORD103467,CUST1685,REST026,Pizza Point,2025-12-01,Delhi,Fast Food,5,1600.44,0,70.51,26,Wallet,4.0,Delivered,DP244,0.0,1670.95,1133.58,537.37
ORD103468,CUST1827,REST025,Food Junction,2025-05-01,Delhi,Biryani,5,390.61,10,81.54,70,Wallet,3.5,Cancelled,DP057,39.06,433.09,296.86,136.23
ORD103469,CUST1363,REST075,Food Junction,2025-06-25,Bengaluru,Chinese,3,816.19,25,42.67,72,Credit Card,3.0,Cancelled,DP196,204.05,654.81,557.1,97.71
ORD103470,CUST1187,REST023,Biryani House,2025-03-04,Hyderabad,Italian,1,800.82,15,27.28,59,Cash,4.5,Delivered,DP012,120.12,707.98,606.84,101.14
ORD103471,CUST1568,REST098,Food Junction,2025-10-23,Hyderabad,Chinese,3,718.15,25,36.82,41,Cash,4.0,Delivered,DP202,179.54,575.43,451.07,124.36
ORD103472,CUST1542,REST057,Dosa Express,2025-03-25,Chennai,South Indian,5,1064.75,0,36.8,64,Debit Card,5.0,Delivered,DP068,0.0,1101.55,596.04,505.51
ORD103473,CUST1595,REST052,Dragon Bowl,2025-01-15,Kolkata,South Indian,5,1793.61,15,64.56,51,Credit Card,4.5,Delivered,DP179,269.04,1589.13,1170.11,419.02
ORD103474,CUST1663,REST087,Biryani House,2025-12-21,Pune,Indian,5,549.83,15,44.03,69,UPI,4.0,Cancelled,DP074,82.47,511.39,302.91,208.48
ORD103475,CUST1547,REST093,The Food Factory,2025-05-14,Mumbai,Desserts,5,1304.33,5,87.88,39,Wallet,4.5,Delivered,DP029,65.22,1326.99,763.83,563.16
ORD103476,CUST1724,REST031,Pizza Point,2025-05-01,Mumbai,Chinese,2,1393.43,0,99.03,26,Debit Card,4.0,Cancelled,DP092,0.0,1492.46,827.47,664.99
ORD103477,CUST1407,REST064,Dragon Bowl,2025-11-15,Ahmedabad,North Indian,5,1101.96,0,44.18,65,Wallet,5.0,Delivered,DP029,0.0,1146.14,741.38,404.76
ORD103478,CUST1875,REST071,Pizza Point,2025-05-08,Bengaluru,Chinese,3,283.76,25,74.93,47,Debit Card,4.0,Delivered,DP083,70.94,287.75,218.06,69.69
ORD103479,CUST1617,REST033,Taste of India,2025-10-15,Delhi,South Indian,5,1081.59,0,70.89,23,Credit Card,3.5,Delivered,DP115,0.0,1152.48,599.8,552.68
ORD103480,CUST1413,REST085,Taste of India,2025-10-28,Ahmedabad,Desserts,4,1721.82,25,31.53,15,Debit Card,4.5,Delivered,DP107,430.46,1322.89,1040.73,282.16
ORD103481,CUST1341,REST002,The Food Factory,2025-06-29,Hyderabad,Italian,2,694.66,5,93.03,70,Debit Card,4.5,Delivered,DP247,34.73,752.96,536.95,216.01
ORD103482,CUST1219,REST018,Sweet Treats,2025-03-23,Pune,Italian,5,1194.68,0,31.95,64,UPI,4.5,Delivered,DP141,0.0,1226.63,899.33,327.3
ORD103483,CUST1162,REST047,Curry Corner,2025-01-13,Bengaluru,Fast Food,4,1731.79,5,77.64,37,Debit Card,5.0,Delivered,DP245,86.59,1722.84,1285.02,437.82
ORD103484,CUST1219,REST033,Sweet Treats,2025-01-24,Kolkata,North Indian,3,1460.62,5,44.55,42,Cash,4.0,Delivered,DP185,73.03,1432.14,834.18,597.96
ORD103485,CUST1269,REST098,Curry Corner,2025-06-17,Mumbai,North Indian,2,1276.36,10,46.2,17,Debit Card,4.0,Delivered,DP098,127.64,1194.92,891.08,303.84
ORD103486,CUST1631,REST084,Biryani House,2025-09-27,Mumbai,Italian,5,1751.53,25,53.71,52,Debit Card,4.5,Delivered,DP046,437.88,1367.36,1045.17,322.19
ORD103487,CUST1847,REST035,The Food Factory,2025-03-11,Mumbai,Chinese,3,406.58,0,88.48,68,Credit Card,5.0,Delivered,DP020,0.0,495.06,284.5,210.56
ORD103488,CUST1399,REST051,Curry Corner,2025-11-14,Hyderabad,Indian,4,1418.22,10,26.92,50,Debit Card,5.0,Delivered,DP210,141.82,1303.32,919.48,383.84
ORD103489,CUST1181,REST018,Taste of India,2025-03-30,Hyderabad,Italian,2,803.48,25,19.64,70,UPI,5.0,Delivered,DP059,200.87,622.25,559.39,62.86
ORD103490,CUST1617,REST088,Taste of India,2025-07-08,Hyderabad,North Indian,5,725.53,15,49.17,58,Credit Card,4.0,Delivered,DP240,108.83,665.87,470.61,195.26
ORD103491,CUST1728,REST072,Urban Tadka,2025-09-14,Chennai,North Indian,3,994.73,25,19.72,58,Wallet,4.5,Cancelled,DP120,248.68,765.77,754.77,11.0
ORD103492,CUST1204,REST030,Curry Corner,2025-08-05,Delhi,South Indian,2,176.7,15,73.45,19,Cash,4.0,Delivered,DP036,26.5,223.65,98.21,125.44
ORD103493,CUST1581,REST044,Royal Kitchen,2025-02-01,Kolkata,South Indian,4,645.05,10,79.63,69,Cash,4.0,Delivered,DP001,64.5,660.18,383.2,276.98
ORD103494,CUST1555,REST053,The Food Factory,2025-05-21,Mumbai,Fast Food,5,399.24,15,87.65,43,Wallet,3.0,Delivered,DP090,59.89,427.0,296.07,130.93
ORD103495,CUST1840,REST010,Dragon Bowl,2025-06-10,Mumbai,Desserts,2,353.0,10,78.23,67,Debit Card,3.5,Delivered,DP131,35.3,395.93,253.97,141.96
ORD103496,CUST1812,REST087,Spice Hub,2025-02-01,Ahmedabad,Fast Food,4,686.73,25,92.89,27,UPI,4.0,Delivered,DP044,171.68,607.94,407.13,200.81
ORD103497,CUST1227,REST052,Biryani House,2025-11-08,Chennai,Chinese,4,1467.8,0,78.61,58,UPI,4.0,Delivered,DP183,0.0,1546.41,848.29,698.12
ORD103498,CUST1695,REST049,Food Junction,2025-06-01,Mumbai,Italian,3,457.87,5,94.57,18,UPI,4.0,Delivered,DP060,22.89,529.55,284.61,244.94
ORD103499,CUST1618,REST011,Royal Kitchen,2025-12-13,Kolkata,Italian,4,1012.78,0,31.41,20,UPI,4.0,Delivered,DP131,0.0,1044.19,669.28,374.91
ORD103500,CUST1595,REST066,Food Junction,2025-09-17,Mumbai,Fast Food,4,1377.74,0,57.49,65,Debit Card,4.5,Delivered,DP085,0.0,1435.23,772.63,662.6
ORD103501,CUST1849,REST058,Curry Corner,2025-08-04,Hyderabad,Italian,1,524.83,0,99.48,52,Wallet,4.0,Delivered,DP191,0.0,624.31,390.73,233.58
ORD103502,CUST1249,REST090,Dragon Bowl,2025-10-06,Hyderabad,Chinese,4,1672.66,0,72.93,20,Wallet,4.5,Cancelled,DP082,0.0,1745.59,1120.38,625.21
ORD103503,CUST1874,REST036,Royal Kitchen,2025-10-12,Delhi,Indian,5,1575.72,15,89.68,25,Cash,4.0,Delivered,DP159,236.36,1429.04,1199.88,229.16
ORD103504,CUST1440,REST033,Sweet Treats,2025-04-08,Kolkata,Desserts,2,541.98,20,17.58,41,Wallet,5.0,Delivered,DP248,108.4,451.16,338.69,112.47
ORD103505,CUST1532,REST047,Biryani House,2025-01-30,Kolkata,South Indian,5,1782.59,25,89.1,68,UPI,3.5,Cancelled,DP228,445.65,1426.04,1000.44,425.6
ORD103506,CUST1195,REST013,Royal Kitchen,2025-03-31,Mumbai,Chinese,5,1244.21,20,74.31,60,Debit Card,3.5,Delivered,DP061,248.84,1069.68,933.67,136.01
ORD103507,CUST1689,REST040,Pizza Point,2025-05-28,Bengaluru,Italian,3,600.65,10,29.51,73,Credit Card,4.5,Cancelled,DP049,60.06,570.1,351.03,219.07
ORD103508,CUST1518,REST089,Dragon Bowl,2025-05-24,Mumbai,Chinese,1,1264.14,0,17.18,49,Credit Card,5.0,Cancelled,DP044,0.0,1281.32,792.87,488.45
ORD103509,CUST1069,REST068,Dosa Express,2025-03-08,Mumbai,South Indian,1,1239.3,20,37.09,75,UPI,3.5,Cancelled,DP180,247.86,1028.53,813.97,214.56
ORD103510,CUST1638,REST042,Food Junction,2025-12-23,Delhi,Biryani,5,1138.41,15,92.84,54,Cash,3.0,Delivered,DP031,170.76,1060.49,754.93,305.56
ORD103511,CUST1398,REST019,Taste of India,2025-02-27,Bengaluru,North Indian,2,1315.65,0,71.79,18,Credit Card,5.0,Delivered,DP072,0.0,1387.44,730.71,656.73
ORD103512,CUST1671,REST082,Biryani House,2025-10-08,Ahmedabad,South Indian,1,570.77,5,93.15,41,UPI,3.5,Delivered,DP089,28.54,635.38,383.07,252.31
ORD103513,CUST1759,REST094,Royal Kitchen,2025-10-06,Mumbai,North Indian,1,1764.7,10,52.92,30,Debit Card,4.0,Delivered,DP177,176.47,1641.15,1001.85,639.3
ORD103514,CUST1202,REST019,Sweet Treats,2025-08-24,Pune,South Indian,5,1561.26,15,94.61,32,Credit Card,5.0,Delivered,DP046,234.19,1421.68,976.06,445.62
ORD103515,CUST1147,REST058,The Food Factory,2025-12-19,Pune,Biryani,1,1372.85,0,54.35,21,UPI,5.0,Delivered,DP182,0.0,1427.2,1063.08,364.12
ORD103516,CUST1471,REST023,Dragon Bowl,2025-05-08,Kolkata,Italian,3,164.19,25,32.36,25,Credit Card,4.0,Delivered,DP212,41.05,155.5,100.89,54.61
ORD103517,CUST1654,REST054,Sweet Treats,2025-12-03,Kolkata,Italian,5,1111.85,5,27.87,22,Debit Card,5.0,Delivered,DP139,55.59,1084.13,819.39,264.74
ORD103518,CUST1198,REST080,Biryani House,2025-07-28,Bengaluru,Desserts,1,1306.89,0,99.47,73,Wallet,4.5,Delivered,DP104,0.0,1406.36,872.18,534.18
ORD103519,CUST1425,REST065,Pizza Point,2025-07-05,Pune,Indian,1,1554.89,20,43.38,66,Wallet,3.0,Delivered,DP065,310.98,1287.29,927.58,359.71
ORD103520,CUST1665,REST012,Food Junction,2025-06-18,Hyderabad,South Indian,1,1709.54,25,28.6,20,Debit Card,4.5,Delivered,DP213,427.38,1310.76,1224.11,86.65
ORD103521,CUST1491,REST024,Dragon Bowl,2025-06-21,Hyderabad,Chinese,5,1658.63,0,15.71,70,Debit Card,4.5,Delivered,DP145,0.0,1674.34,1124.02,550.32
ORD103522,CUST1887,REST034,Taste of India,2025-09-17,Bengaluru,Indian,2,802.16,5,39.27,62,Wallet,4.5,Delivered,DP116,40.11,801.32,539.53,261.79
ORD103523,CUST1895,REST053,Spice Hub,2025-07-24,Ahmedabad,Italian,4,1626.12,25,90.57,19,Debit Card,5.0,Delivered,DP028,406.53,1310.16,905.55,404.61
ORD103524,CUST1141,REST008,The Food Factory,2025-05-15,Mumbai,Italian,1,121.26,25,60.39,71,Debit Card,3.5,Delivered,DP082,30.32,151.33,76.0,75.33
ORD103525,CUST1312,REST018,Dragon Bowl,2025-02-15,Kolkata,Desserts,4,710.48,15,68.76,20,Debit Card,4.5,Cancelled,DP221,106.57,672.67,510.82,161.85
ORD103526,CUST1164,REST057,Taste of India,2025-01-09,Bengaluru,Desserts,4,311.32,0,93.4,52,Wallet,4.0,Delivered,DP074,0.0,404.72,228.23,176.49
ORD103527,CUST1313,REST005,Pizza Point,2025-06-10,Pune,Desserts,1,1603.55,20,58.59,74,Wallet,4.0,Delivered,DP009,320.71,1341.43,1182.47,158.96
ORD103528,CUST1020,REST026,Dosa Express,2025-10-16,Bengaluru,Fast Food,1,1679.01,0,86.25,75,Credit Card,4.5,Delivered,DP162,0.0,1765.26,937.9,827.36
ORD103529,CUST1081,REST030,Pizza Point,2025-12-06,Pune,Indian,4,550.09,0,42.53,16,Wallet,4.5,Delivered,DP148,0.0,592.62,323.14,269.48
ORD103530,CUST1580,REST054,Pizza Point,2025-11-17,Kolkata,Italian,2,737.08,0,98.05,45,Credit Card,5.0,Delivered,DP223,0.0,835.13,572.48,262.65
ORD103531,CUST1130,REST013,Royal Kitchen,2025-04-16,Hyderabad,Biryani,4,1772.91,20,21.7,53,Wallet,5.0,Delivered,DP131,354.58,1440.03,1038.49,401.54
ORD103532,CUST1598,REST083,Food Junction,2025-10-17,Bengaluru,North Indian,2,1070.99,10,76.61,46,Cash,4.5,Delivered,DP129,107.1,1040.5,641.52,398.98
ORD103533,CUST1729,REST029,Biryani House,2025-12-07,Kolkata,Fast Food,3,955.05,20,71.15,23,Credit Card,4.0,Delivered,DP060,191.01,835.19,701.58,133.61
ORD103534,CUST1304,REST003,Dragon Bowl,2025-03-29,Kolkata,Chinese,2,960.73,10,31.29,29,Debit Card,4.5,Delivered,DP097,96.07,895.95,615.34,280.61
ORD103535,CUST1370,REST090,Biryani House,2025-07-11,Chennai,North Indian,5,1289.6,20,48.05,35,Cash,4.0,Delivered,DP050,257.92,1079.73,743.78,335.95
ORD103536,CUST1856,REST058,Dragon Bowl,2025-06-02,Ahmedabad,Fast Food,1,1723.63,20,41.59,60,Wallet,4.0,Delivered,DP136,344.73,1420.49,997.59,422.9
ORD103537,CUST1852,REST076,Taste of India,2025-11-07,Pune,Desserts,3,735.93,0,23.03,67,Wallet,4.5,Delivered,DP146,0.0,758.96,418.94,340.02
ORD103538,CUST1383,REST002,Dosa Express,2025-05-17,Chennai,South Indian,4,410.07,10,64.71,42,Cash,4.5,Delivered,DP030,41.01,433.77,242.58,191.19
ORD103539,CUST1444,REST075,Royal Kitchen,2025-09-30,Hyderabad,South Indian,2,430.82,20,99.46,59,UPI,4.5,Delivered,DP097,86.16,444.12,286.2,157.92
ORD103540,CUST1424,REST028,Dosa Express,2025-05-29,Kolkata,Chinese,3,154.2,25,62.56,41,Debit Card,5.0,Cancelled,DP150,38.55,178.21,85.34,92.87
ORD103541,CUST1160,REST082,Sweet Treats,2025-07-07,Kolkata,Biryani,5,1053.09,0,61.35,19,Credit Card,4.0,Delivered,DP081,0.0,1114.44,607.57,506.87
ORD103542,CUST1177,REST077,Royal Kitchen,2025-05-21,Mumbai,Chinese,2,1680.92,0,18.43,31,Cash,4.0,Delivered,DP234,0.0,1699.35,1275.21,424.14
ORD103543,CUST1628,REST086,Spice Hub,2025-05-11,Pune,Indian,4,1317.97,25,26.83,51,Credit Card,4.5,Delivered,DP009,329.49,1015.31,990.6,24.71
ORD103544,CUST1707,REST076,Pizza Point,2025-01-04,Ahmedabad,North Indian,4,1788.18,25,58.62,72,Wallet,4.5,Delivered,DP022,447.04,1399.76,1326.13,73.63
ORD103545,CUST1894,REST002,Spice Hub,2025-09-20,Ahmedabad,Chinese,2,1648.01,5,98.74,38,UPI,3.0,Delivered,DP138,82.4,1664.35,1174.12,490.23
ORD103546,CUST1489,REST007,Urban Tadka,2025-01-26,Mumbai,Chinese,5,946.32,0,89.51,45,UPI,4.0,Delivered,DP246,0.0,1035.83,664.46,371.37
ORD103547,CUST1326,REST026,Curry Corner,2025-01-24,Hyderabad,Fast Food,1,937.4,20,43.92,49,Credit Card,4.0,Delivered,DP225,187.48,793.84,574.97,218.87
ORD103548,CUST1597,REST090,Pizza Point,2025-09-23,Mumbai,Biryani,1,1175.64,15,61.16,55,Wallet,5.0,Delivered,DP240,176.35,1060.45,737.18,323.27
ORD103549,CUST1288,REST088,Spice Hub,2025-08-17,Kolkata,Chinese,4,306.37,15,61.98,55,UPI,5.0,Cancelled,DP231,45.96,322.39,185.12,137.27
ORD103550,CUST1592,REST076,Food Junction,2025-09-26,Pune,Indian,5,1140.91,25,73.26,68,Debit Card,4.0,Delivered,DP067,285.23,928.94,884.74,44.2
ORD103551,CUST1663,REST016,Curry Corner,2025-05-05,Delhi,Fast Food,4,899.64,25,73.46,18,Wallet,3.5,Delivered,DP209,224.91,748.19,626.05,122.14
ORD103552,CUST1572,REST023,Dosa Express,2025-06-21,Pune,Biryani,1,1199.8,0,82.13,34,Cash,4.0,Delivered,DP009,0.0,1281.93,926.4,355.53
ORD103553,CUST1572,REST040,Pizza Point,2025-08-22,Pune,Biryani,4,1069.55,5,17.12,57,Cash,3.5,Delivered,DP047,53.48,1033.19,655.11,378.08
ORD103554,CUST1353,REST060,Pizza Point,2025-10-22,Chennai,Italian,2,641.47,0,95.21,31,Cash,4.0,Delivered,DP040,0.0,736.68,444.46,292.22
ORD103555,CUST1027,REST073,Dosa Express,2025-10-02,Delhi,South Indian,2,1141.04,5,20.96,60,Debit Card,4.0,Cancelled,DP036,57.05,1104.95,826.75,278.2
ORD103556,CUST1042,REST032,Sweet Treats,2025-03-17,Delhi,North Indian,5,734.9,20,55.47,24,Wallet,4.0,Cancelled,DP147,146.98,643.39,420.21,223.18
ORD103557,CUST1680,REST015,Food Junction,2025-11-04,Delhi,Indian,1,446.96,0,93.16,51,Credit Card,4.0,Cancelled,DP098,0.0,540.12,314.39,225.73
ORD103558,CUST1422,REST013,Pizza Point,2025-08-02,Pune,South Indian,5,1254.12,0,56.45,35,Credit Card,4.5,Delivered,DP002,0.0,1310.57,738.53,572.04
ORD103559,CUST1597,REST005,Spice Hub,2025-06-07,Hyderabad,Fast Food,5,634.66,5,20.41,35,Wallet,4.0,Delivered,DP173,31.73,623.34,396.95,226.39
ORD103560,CUST1176,REST075,Pizza Point,2025-10-29,Delhi,Fast Food,1,1613.56,25,34.49,74,Debit Card,5.0,Delivered,DP219,403.39,1244.66,1153.24,91.42
ORD103561,CUST1528,REST074,Curry Corner,2025-07-23,Bengaluru,Indian,3,454.88,10,64.19,63,Wallet,5.0,Cancelled,DP083,45.49,473.58,296.22,177.36
ORD103562,CUST1609,REST052,Pizza Point,2025-05-29,Mumbai,Biryani,3,1128.24,0,22.47,30,Credit Card,4.0,Delivered,DP161,0.0,1150.71,859.57,291.14
ORD103563,CUST1493,REST077,Spice Hub,2025-03-16,Hyderabad,Desserts,4,1080.2,15,51.01,47,Wallet,3.0,Delivered,DP064,162.03,969.18,654.04,315.14
ORD103564,CUST1197,REST041,The Food Factory,2025-08-17,Bengaluru,Chinese,3,452.21,0,42.97,24,Cash,4.0,Delivered,DP154,0.0,495.18,264.71,230.47
ORD103565,CUST1609,REST053,Curry Corner,2025-10-31,Pune,Indian,2,859.01,20,84.29,58,Wallet,3.5,Delivered,DP119,171.8,771.5,539.07,232.43
ORD103566,CUST1576,REST050,Dragon Bowl,2025-03-03,Pune,Fast Food,5,1254.91,10,24.36,32,UPI,4.0,Cancelled,DP111,125.49,1153.78,936.09,217.69
ORD103567,CUST1841,REST015,Taste of India,2025-02-27,Bengaluru,South Indian,4,655.13,25,73.04,47,Wallet,4.5,Delivered,DP162,163.78,564.39,488.01,76.38
ORD103568,CUST1852,REST007,Taste of India,2025-10-01,Chennai,North Indian,5,311.24,15,49.56,43,Credit Card,4.5,Cancelled,DP191,46.69,314.11,197.62,116.49
ORD103569,CUST1516,REST040,Curry Corner,2025-04-18,Chennai,Indian,1,1153.6,0,64.96,45,Credit Card,4.0,Delivered,DP156,0.0,1218.56,849.35,369.21
ORD103570,CUST1513,REST028,Dragon Bowl,2025-07-06,Bengaluru,Biryani,3,496.52,15,32.47,38,Credit Card,4.5,Cancelled,DP208,74.48,454.51,281.97,172.54
ORD103571,CUST1021,REST032,Food Junction,2025-08-17,Ahmedabad,North Indian,1,1264.88,10,66.82,74,Cash,3.5,Delivered,DP214,126.49,1205.21,697.9,507.31
ORD103572,CUST1111,REST099,The Food Factory,2025-02-17,Chennai,North Indian,4,1530.3,5,72.29,26,Credit Card,4.0,Cancelled,DP092,76.52,1526.07,1146.05,380.02
ORD103573,CUST1056,REST015,Curry Corner,2025-11-15,Mumbai,North Indian,2,327.24,0,20.97,34,UPI,4.5,Delivered,DP078,0.0,348.21,245.77,102.44
ORD103574,CUST1065,REST100,Spice Hub,2025-09-25,Mumbai,Italian,3,855.18,15,85.07,20,Wallet,3.5,Delivered,DP006,128.28,811.97,498.55,313.42
ORD103575,CUST1841,REST085,Royal Kitchen,2025-08-03,Ahmedabad,North Indian,1,867.47,20,88.21,22,Debit Card,4.5,Delivered,DP139,173.49,782.19,536.51,245.68
ORD103576,CUST1097,REST070,Urban Tadka,2025-10-17,Pune,Italian,3,1182.66,25,20.4,28,Credit Card,5.0,Delivered,DP046,295.67,907.39,881.84,25.55
ORD103577,CUST1143,REST065,Royal Kitchen,2025-09-11,Chennai,Chinese,5,681.81,20,66.27,19,Wallet,5.0,Delivered,DP020,136.36,611.72,388.13,223.59
ORD103578,CUST1879,REST004,Biryani House,2025-12-24,Ahmedabad,Chinese,2,823.2,15,65.49,68,Cash,3.5,Cancelled,DP164,123.48,765.21,616.17,149.04
ORD103579,CUST1434,REST011,Pizza Point,2025-03-28,Delhi,North Indian,3,140.15,25,16.06,50,Wallet,4.5,Delivered,DP113,35.04,121.17,95.61,25.56
ORD103580,CUST1636,REST026,Dragon Bowl,2025-06-30,Ahmedabad,Biryani,2,325.68,10,44.1,68,Credit Card,4.0,Delivered,DP016,32.57,337.21,228.36,108.85
ORD103581,CUST1678,REST061,Sweet Treats,2025-01-25,Bengaluru,South Indian,5,1077.37,10,97.36,62,Credit Card,5.0,Delivered,DP198,107.74,1066.99,739.95,327.04
ORD103582,CUST1085,REST037,The Food Factory,2025-08-10,Mumbai,Chinese,5,482.7,25,62.21,52,Credit Card,5.0,Delivered,DP200,120.68,424.23,330.16,94.07
ORD103583,CUST1587,REST023,Spice Hub,2025-02-18,Ahmedabad,Italian,1,362.89,20,94.32,17,UPI,3.5,Cancelled,DP173,72.58,384.63,215.04,169.59
ORD103584,CUST1343,REST093,Sweet Treats,2025-11-30,Kolkata,Biryani,4,665.01,20,72.43,50,Wallet,5.0,Delivered,DP250,133.0,604.44,401.86,202.58
ORD103585,CUST1293,REST085,Taste of India,2025-06-24,Chennai,North Indian,1,394.74,25,17.41,36,Debit Card,3.5,Delivered,DP228,98.68,313.47,269.77,43.7
ORD103586,CUST1570,REST091,Curry Corner,2025-11-07,Kolkata,Biryani,2,220.17,10,21.61,22,UPI,4.0,Delivered,DP048,22.02,219.76,141.42,78.34
ORD103587,CUST1649,REST040,The Food Factory,2025-10-01,Chennai,Biryani,1,596.88,5,76.39,75,Debit Card,4.0,Cancelled,DP113,29.84,643.43,402.59,240.84
ORD103588,CUST1610,REST077,Royal Kitchen,2025-02-04,Ahmedabad,Indian,3,396.12,0,62.14,28,Credit Card,4.0,Cancelled,DP004,0.0,458.26,240.95,217.31
ORD103589,CUST1703,REST023,Dosa Express,2025-08-05,Ahmedabad,South Indian,1,1462.98,15,25.81,21,Debit Card,5.0,Delivered,DP176,219.45,1269.34,960.71,308.63
ORD103590,CUST1242,REST016,Pizza Point,2025-07-28,Mumbai,North Indian,4,225.26,5,67.2,18,Debit Card,4.0,Delivered,DP098,11.26,281.2,131.32,149.88
ORD103591,CUST1830,REST094,Biryani House,2025-06-09,Mumbai,South Indian,4,1375.7,15,83.87,33,UPI,5.0,Delivered,DP212,206.36,1253.21,768.78,484.43
ORD103592,CUST1560,REST061,Dragon Bowl,2025-01-07,Ahmedabad,Chinese,2,763.1,20,79.0,57,UPI,5.0,Delivered,DP216,152.62,689.48,586.64,102.84
ORD103593,CUST1031,REST068,Royal Kitchen,2025-09-26,Delhi,Desserts,5,1254.54,5,35.92,61,Wallet,5.0,Delivered,DP109,62.73,1227.73,898.63,329.1
ORD103594,CUST1390,REST080,Taste of India,2025-05-06,Chennai,South Indian,4,208.52,20,36.95,38,Debit Card,4.0,Delivered,DP195,41.7,203.77,138.57,65.2
ORD103595,CUST1276,REST031,Curry Corner,2025-11-21,Ahmedabad,Fast Food,2,1666.78,25,97.27,30,UPI,4.5,Cancelled,DP156,416.7,1347.35,1127.96,219.39
ORD103596,CUST1531,REST053,Pizza Point,2025-12-22,Chennai,Italian,4,1409.19,25,90.43,20,Wallet,4.5,Cancelled,DP158,352.3,1147.32,940.73,206.59
ORD103597,CUST1153,REST025,Taste of India,2025-03-31,Hyderabad,Chinese,4,355.44,20,42.06,58,Debit Card,4.5,Delivered,DP029,71.09,326.41,268.97,57.44
ORD103598,CUST1382,REST044,Dosa Express,2025-02-11,Pune,North Indian,5,487.56,20,85.04,22,Debit Card,3.5,Delivered,DP149,97.51,475.09,354.91,120.18
ORD103599,CUST1067,REST012,Sweet Treats,2025-12-31,Delhi,South Indian,3,1201.91,0,28.75,39,Credit Card,4.5,Delivered,DP042,0.0,1230.66,750.93,479.73
ORD103600,CUST1877,REST090,Royal Kitchen,2025-06-08,Mumbai,Italian,2,1668.23,0,31.73,46,UPI,4.5,Cancelled,DP219,0.0,1699.96,1001.24,698.72
ORD103601,CUST1883,REST097,Biryani House,2025-07-21,Kolkata,North Indian,4,869.0,20,30.4,39,Cash,4.5,Delivered,DP128,173.8,725.6,491.25,234.35
ORD103602,CUST1213,REST092,Biryani House,2025-10-09,Mumbai,North Indian,4,935.86,15,22.46,24,UPI,5.0,Delivered,DP050,140.38,817.94,546.53,271.41
ORD103603,CUST1654,REST009,Pizza Point,2025-11-28,Bengaluru,Chinese,1,519.5,10,87.65,57,Credit Card,3.0,Delivered,DP089,51.95,555.2,344.28,210.92
ORD103604,CUST1375,REST012,Spice Hub,2025-10-15,Pune,Fast Food,3,763.46,0,64.2,55,Wallet,4.0,Delivered,DP126,0.0,827.66,455.47,372.19
ORD103605,CUST1743,REST069,Pizza Point,2025-04-01,Mumbai,Italian,5,600.51,15,37.01,72,UPI,4.0,Delivered,DP003,90.08,547.44,373.43,174.01
ORD103606,CUST1212,REST054,Taste of India,2025-05-05,Chennai,Desserts,2,708.96,0,87.14,31,Debit Card,4.0,Delivered,DP193,0.0,796.1,411.67,384.43
ORD103607,CUST1078,REST054,Dragon Bowl,2025-05-06,Mumbai,Desserts,4,154.6,20,83.22,74,Cash,4.0,Delivered,DP023,30.92,206.9,117.84,89.06
ORD103608,CUST1725,REST028,Spice Hub,2025-02-21,Ahmedabad,Desserts,2,188.98,15,23.58,60,Wallet,3.5,Delivered,DP107,28.35,184.21,105.4,78.81
ORD103609,CUST1627,REST056,Biryani House,2025-04-13,Chennai,Fast Food,5,1263.55,15,69.75,17,UPI,5.0,Delivered,DP005,189.53,1143.77,797.19,346.58
ORD103610,CUST1603,REST099,Urban Tadka,2025-12-27,Chennai,Italian,3,1265.42,15,76.36,23,Wallet,5.0,Delivered,DP223,189.81,1151.97,771.12,380.85
ORD103611,CUST1781,REST069,Biryani House,2025-07-06,Delhi,Indian,1,674.79,0,75.85,66,Debit Card,3.5,Delivered,DP025,0.0,750.64,372.42,378.22
ORD103612,CUST1380,REST098,Pizza Point,2025-07-24,Mumbai,North Indian,3,1607.58,20,76.47,72,Cash,3.5,Delivered,DP035,321.52,1362.53,1227.51,135.02
ORD103613,CUST1679,REST098,Taste of India,2025-01-14,Delhi,Indian,1,567.07,15,29.4,74,Debit Card,4.0,Cancelled,DP235,85.06,511.41,352.79,158.62
ORD103614,CUST1057,REST077,Spice Hub,2025-04-14,Kolkata,Italian,2,784.92,10,41.78,32,Cash,4.5,Delivered,DP065,78.49,748.21,522.38,225.83
ORD103615,CUST1795,REST058,Curry Corner,2025-04-27,Kolkata,Desserts,3,1348.71,20,86.76,63,Wallet,4.5,Delivered,DP207,269.74,1165.73,922.52,243.21
ORD103616,CUST1025,REST078,Spice Hub,2025-10-31,Pune,Italian,3,1369.19,5,91.36,44,UPI,3.0,Delivered,DP039,68.46,1392.09,945.3,446.79
ORD103617,CUST1880,REST075,Dosa Express,2025-04-03,Chennai,Fast Food,3,1566.76,10,38.73,19,Cash,4.5,Delivered,DP216,156.68,1448.81,1027.58,421.23
ORD103618,CUST1446,REST042,Food Junction,2025-05-24,Ahmedabad,North Indian,5,168.82,0,16.96,66,Debit Card,3.5,Delivered,DP123,0.0,185.78,115.91,69.87
ORD103619,CUST1065,REST038,Royal Kitchen,2025-04-20,Ahmedabad,South Indian,2,428.71,25,88.08,46,Cash,5.0,Delivered,DP226,107.18,409.61,309.92,99.69
ORD103620,CUST1759,REST068,Food Junction,2025-06-12,Kolkata,North Indian,1,1196.16,0,47.05,67,Wallet,5.0,Cancelled,DP111,0.0,1243.21,919.82,323.39
ORD103621,CUST1253,REST053,The Food Factory,2025-02-22,Pune,Biryani,3,688.18,5,43.0,41,Wallet,5.0,Delivered,DP018,34.41,696.77,482.5,214.27
ORD103622,CUST1898,REST033,Sweet Treats,2025-01-03,Mumbai,Italian,2,193.18,0,44.49,35,Wallet,3.5,Delivered,DP025,0.0,237.67,126.79,110.88
ORD103623,CUST1043,REST071,The Food Factory,2025-03-09,Pune,Chinese,5,1105.26,0,50.33,38,UPI,4.5,Delivered,DP100,0.0,1155.59,720.92,434.67
ORD103624,CUST1096,REST056,Dragon Bowl,2025-09-03,Pune,Chinese,5,780.36,15,47.15,52,Wallet,3.5,Delivered,DP129,117.05,710.46,556.61,153.85
ORD103625,CUST1553,REST072,Dragon Bowl,2025-05-18,Mumbai,Chinese,2,731.68,10,63.15,17,UPI,4.5,Delivered,DP190,73.17,721.66,507.95,213.71
ORD103626,CUST1226,REST051,The Food Factory,2025-11-04,Delhi,Indian,1,564.13,5,21.71,30,Credit Card,4.0,Delivered,DP137,28.21,557.63,364.82,192.81
ORD103627,CUST1773,REST074,Spice Hub,2025-12-18,Delhi,South Indian,2,130.08,15,97.58,29,Cash,4.5,Cancelled,DP169,19.51,208.15,81.59,126.56
ORD103628,CUST1678,REST043,Taste of India,2025-10-14,Chennai,Fast Food,2,426.36,5,94.6,39,Debit Card,4.5,Cancelled,DP095,21.32,499.64,331.89,167.75
ORD103629,CUST1435,REST015,Royal Kitchen,2025-03-07,Ahmedabad,South Indian,4,916.72,20,94.42,22,UPI,4.5,Delivered,DP022,183.34,827.8,665.87,161.93
ORD103630,CUST1790,REST038,The Food Factory,2025-12-13,Chennai,Indian,5,583.24,20,89.74,55,UPI,5.0,Cancelled,DP230,116.65,556.33,348.52,207.81
ORD103631,CUST1600,REST015,Pizza Point,2025-11-21,Mumbai,South Indian,1,1588.97,10,71.13,18,Debit Card,4.5,Delivered,DP238,158.9,1501.2,980.71,520.49
ORD103632,CUST1378,REST005,Spice Hub,2025-06-04,Mumbai,South Indian,4,360.24,15,33.79,46,Cash,4.0,Delivered,DP233,54.04,339.99,272.18,67.81
ORD103633,CUST1177,REST093,Taste of India,2025-03-28,Hyderabad,North Indian,2,1590.57,5,19.21,59,Wallet,4.5,Delivered,DP194,79.53,1530.25,1116.57,413.68
ORD103634,CUST1426,REST083,Food Junction,2025-02-02,Hyderabad,Chinese,5,800.11,25,23.44,70,Cash,5.0,Delivered,DP233,200.03,623.52,497.25,126.27
ORD103635,CUST1708,REST054,Urban Tadka,2025-03-09,Bengaluru,Italian,4,583.41,20,42.54,73,UPI,4.5,Delivered,DP173,116.68,509.27,369.75,139.52
ORD103636,CUST1306,REST051,Dragon Bowl,2025-07-06,Ahmedabad,Chinese,4,631.21,15,57.83,49,Wallet,4.5,Delivered,DP180,94.68,594.36,402.17,192.19
ORD103637,CUST1778,REST010,Pizza Point,2025-07-11,Kolkata,South Indian,1,674.52,0,99.43,67,Credit Card,5.0,Delivered,DP020,0.0,773.95,399.89,374.06
ORD103638,CUST1503,REST012,Curry Corner,2025-08-01,Chennai,Italian,2,971.03,20,52.01,44,Debit Card,4.5,Cancelled,DP121,194.21,828.83,648.23,180.6
ORD103639,CUST1267,REST004,Sweet Treats,2025-03-29,Pune,North Indian,1,714.52,0,59.59,53,Cash,5.0,Delivered,DP215,0.0,774.11,518.8,255.31
ORD103640,CUST1585,REST095,Curry Corner,2025-12-17,Kolkata,Fast Food,4,1207.31,5,74.09,62,Wallet,3.5,Delivered,DP140,60.37,1221.03,820.65,400.38
ORD103641,CUST1007,REST018,Taste of India,2025-04-18,Bengaluru,Biryani,4,834.3,25,30.36,63,Debit Card,4.5,Delivered,DP202,208.58,656.08,584.73,71.35
ORD103642,CUST1507,REST080,Royal Kitchen,2025-08-28,Kolkata,Italian,1,1248.36,20,94.29,44,Cash,4.0,Cancelled,DP124,249.67,1092.98,857.55,235.43
ORD103643,CUST1475,REST036,Dosa Express,2025-08-04,Ahmedabad,Indian,4,1135.44,10,59.97,31,UPI,4.0,Delivered,DP064,113.54,1081.87,639.87,442.0
ORD103644,CUST1296,REST025,Taste of India,2025-06-26,Ahmedabad,Chinese,3,530.68,5,38.48,33,UPI,3.5,Delivered,DP160,26.53,542.63,314.83,227.8
ORD103645,CUST1163,REST087,Urban Tadka,2025-02-22,Ahmedabad,North Indian,5,1485.46,0,94.48,66,UPI,4.0,Delivered,DP062,0.0,1579.94,936.7,643.24
ORD103646,CUST1484,REST076,Food Junction,2025-11-26,Bengaluru,North Indian,2,1462.29,5,68.16,45,Credit Card,4.0,Delivered,DP133,73.11,1457.34,1103.33,354.01
ORD103647,CUST1596,REST098,Biryani House,2025-02-18,Delhi,Chinese,5,1781.49,5,56.11,31,UPI,4.0,Delivered,DP120,89.07,1748.53,1122.69,625.84
ORD103648,CUST1071,REST036,Taste of India,2025-04-24,Pune,South Indian,2,414.08,20,64.31,70,UPI,3.5,Cancelled,DP044,82.82,395.57,258.9,136.67
ORD103649,CUST1566,REST067,Food Junction,2025-04-05,Ahmedabad,South Indian,4,1544.37,5,78.61,16,UPI,5.0,Delivered,DP157,77.22,1545.76,878.03,667.73
ORD103650,CUST1558,REST009,Royal Kitchen,2025-01-25,Delhi,South Indian,1,1584.93,10,28.14,73,Wallet,4.0,Delivered,DP033,158.49,1454.58,1226.07,228.51
ORD103651,CUST1237,REST061,Curry Corner,2025-05-12,Ahmedabad,Desserts,1,1198.84,0,88.51,51,Debit Card,4.0,Delivered,DP087,0.0,1287.35,874.03,413.32
ORD103652,CUST1103,REST053,Taste of India,2025-06-28,Hyderabad,North Indian,4,970.73,20,96.56,62,Credit Card,3.0,Delivered,DP100,194.15,873.14,704.91,168.23
ORD103653,CUST1209,REST018,Taste of India,2025-05-25,Bengaluru,South Indian,2,1728.2,0,63.19,43,Cash,3.5,Delivered,DP013,0.0,1791.39,1103.03,688.36
ORD103654,CUST1553,REST043,The Food Factory,2025-12-30,Kolkata,Chinese,4,1754.12,10,72.99,44,Credit Card,5.0,Cancelled,DP050,175.41,1651.7,996.38,655.32
ORD103655,CUST1827,REST035,Curry Corner,2025-07-17,Hyderabad,Desserts,2,1198.05,5,88.09,68,Debit Card,5.0,Delivered,DP130,59.9,1226.24,731.54,494.7
ORD103656,CUST1467,REST063,Sweet Treats,2025-11-21,Pune,Italian,4,724.06,5,46.86,57,UPI,5.0,Delivered,DP203,36.2,734.72,540.27,194.45
ORD103657,CUST1453,REST098,Sweet Treats,2025-03-25,Ahmedabad,Fast Food,4,1492.84,20,99.39,36,UPI,4.0,Delivered,DP156,298.57,1293.66,882.97,410.69
ORD103658,CUST1267,REST078,Pizza Point,2025-06-06,Pune,Italian,4,269.95,0,72.84,52,Cash,3.5,Delivered,DP217,0.0,342.79,204.0,138.79
ORD103659,CUST1385,REST004,Dosa Express,2025-03-26,Chennai,Indian,1,608.2,5,51.04,25,Credit Card,3.5,Delivered,DP246,30.41,628.83,409.45,219.38
ORD103660,CUST1774,REST093,Dragon Bowl,2025-09-10,Ahmedabad,Desserts,2,1775.73,25,72.57,47,Credit Card,4.5,Delivered,DP228,443.93,1404.37,1268.48,135.89
ORD103661,CUST1847,REST041,Biryani House,2025-03-13,Mumbai,Chinese,4,1488.08,0,59.34,33,Cash,5.0,Delivered,DP018,0.0,1547.42,973.71,573.71
ORD103662,CUST1386,REST045,Taste of India,2025-08-11,Delhi,Desserts,5,1698.5,5,24.49,17,Credit Card,5.0,Delivered,DP231,84.92,1638.07,1298.39,339.68
ORD103663,CUST1876,REST050,Taste of India,2025-10-03,Chennai,Italian,5,1119.25,25,82.65,54,Credit Card,4.0,Delivered,DP201,279.81,922.09,677.28,244.81
ORD103664,CUST1258,REST079,Pizza Point,2025-10-10,Kolkata,Chinese,1,804.89,5,62.97,36,Credit Card,4.0,Delivered,DP066,40.24,827.62,548.66,278.96
ORD103665,CUST1282,REST028,Dosa Express,2025-09-21,Chennai,North Indian,3,1765.88,15,82.65,32,Cash,3.5,Delivered,DP228,264.88,1583.65,999.31,584.34
ORD103666,CUST1625,REST042,Curry Corner,2025-09-03,Kolkata,Indian,1,639.83,0,28.17,59,Cash,4.5,Delivered,DP174,0.0,668.0,422.61,245.39
ORD103667,CUST1874,REST080,Taste of India,2025-12-07,Delhi,North Indian,3,1392.46,0,60.76,44,Debit Card,4.0,Delivered,DP145,0.0,1453.22,1077.38,375.84
ORD103668,CUST1039,REST076,Food Junction,2025-03-02,Delhi,Biryani,1,1057.79,25,80.16,15,Credit Card,4.5,Delivered,DP161,264.45,873.5,603.23,270.27
ORD103669,CUST1485,REST069,Spice Hub,2025-09-16,Pune,Biryani,5,503.89,0,99.01,34,Debit Card,5.0,Cancelled,DP099,0.0,602.9,335.87,267.03
ORD103670,CUST1219,REST098,Dragon Bowl,2025-01-07,Pune,Biryani,4,149.37,0,90.17,63,Wallet,4.5,Delivered,DP033,0.0,239.54,102.85,136.69
ORD103671,CUST1128,REST001,Dosa Express,2025-07-07,Bengaluru,Chinese,2,764.72,0,88.47,19,Wallet,3.0,Delivered,DP096,0.0,853.19,584.48,268.71
ORD103672,CUST1519,REST039,Taste of India,2025-01-04,Hyderabad,Italian,4,1040.11,0,36.03,26,Credit Card,3.0,Delivered,DP084,0.0,1076.14,643.21,432.93
ORD103673,CUST1612,REST096,Dosa Express,2025-08-19,Pune,Chinese,5,427.76,15,86.23,25,UPI,4.5,Delivered,DP158,64.16,449.83,284.75,165.08
ORD103674,CUST1891,REST090,Sweet Treats,2025-05-13,Chennai,North Indian,2,816.45,15,29.39,38,Wallet,4.5,Delivered,DP022,122.47,723.37,634.43,88.94
ORD103675,CUST1687,REST017,Royal Kitchen,2025-05-05,Bengaluru,Fast Food,3,1153.52,10,31.84,72,UPI,4.5,Delivered,DP125,115.35,1070.01,838.46,231.55
ORD103676,CUST1618,REST091,Biryani House,2025-01-15,Kolkata,North Indian,3,1321.07,0,24.36,32,Debit Card,3.5,Cancelled,DP181,0.0,1345.43,972.83,372.6
ORD103677,CUST1612,REST088,Taste of India,2025-01-13,Bengaluru,Italian,5,208.61,10,87.9,22,Credit Card,5.0,Delivered,DP217,20.86,275.65,152.18,123.47
ORD103678,CUST1259,REST035,Biryani House,2025-04-28,Chennai,North Indian,2,1235.82,5,24.2,43,Debit Card,4.5,Delivered,DP237,61.79,1198.23,826.15,372.08
ORD103679,CUST1365,REST046,Urban Tadka,2025-08-28,Pune,North Indian,4,215.2,0,26.74,70,Debit Card,5.0,Delivered,DP174,0.0,241.94,139.86,102.08
ORD103680,CUST1757,REST042,Royal Kitchen,2025-09-20,Ahmedabad,Indian,5,167.35,10,35.9,36,Cash,4.0,Delivered,DP044,16.74,186.51,101.85,84.66
ORD103681,CUST1786,REST039,Spice Hub,2025-12-26,Kolkata,South Indian,3,376.05,20,63.68,70,Credit Card,4.0,Delivered,DP075,75.21,364.52,247.13,117.39
ORD103682,CUST1543,REST090,Pizza Point,2025-01-06,Chennai,Biryani,5,1218.12,10,89.82,59,Cash,3.5,Delivered,DP114,121.81,1186.13,675.71,510.42
ORD103683,CUST1648,REST049,Biryani House,2025-11-16,Mumbai,Italian,4,208.74,0,50.55,16,Debit Card,5.0,Delivered,DP162,0.0,259.29,119.47,139.82
ORD103684,CUST1523,REST062,Taste of India,2025-08-19,Pune,Desserts,1,155.11,0,61.43,37,UPI,3.5,Delivered,DP028,0.0,216.54,95.56,120.98
ORD103685,CUST1813,REST038,The Food Factory,2025-01-30,Hyderabad,Desserts,1,318.17,0,29.15,30,Credit Card,3.5,Delivered,DP163,0.0,347.32,199.41,147.91
ORD103686,CUST1886,REST023,Pizza Point,2025-01-22,Kolkata,Desserts,4,1715.53,15,37.61,58,Credit Card,3.5,Delivered,DP196,257.33,1495.81,1222.71,273.1
ORD103687,CUST1015,REST022,Dragon Bowl,2025-06-05,Chennai,Desserts,2,1644.23,10,26.38,22,Wallet,4.5,Delivered,DP009,164.42,1506.19,969.22,536.97
ORD103688,CUST1128,REST004,Pizza Point,2025-04-28,Pune,Italian,5,265.26,15,49.84,18,UPI,5.0,Delivered,DP107,39.79,275.31,194.44,80.87
ORD103689,CUST1574,REST049,Curry Corner,2025-12-06,Delhi,Biryani,4,630.74,10,65.18,28,UPI,5.0,Delivered,DP022,63.07,632.85,463.08,169.77
ORD103690,CUST1108,REST059,Biryani House,2025-07-12,Mumbai,North Indian,1,1711.45,0,39.14,23,Debit Card,4.5,Delivered,DP189,0.0,1750.59,1172.38,578.21
ORD103691,CUST1886,REST073,The Food Factory,2025-12-12,Kolkata,Indian,3,284.12,0,86.91,25,Debit Card,5.0,Delivered,DP217,0.0,371.03,188.38,182.65
ORD103692,CUST1532,REST068,Biryani House,2025-07-14,Kolkata,Chinese,4,278.92,5,98.41,62,Debit Card,3.0,Delivered,DP085,13.95,363.38,183.39,179.99
ORD103693,CUST1669,REST071,Curry Corner,2025-06-17,Hyderabad,Chinese,4,264.49,10,25.21,52,Wallet,5.0,Delivered,DP025,26.45,263.25,171.05,92.2
ORD103694,CUST1268,REST087,Royal Kitchen,2025-08-27,Pune,North Indian,4,1760.48,10,16.52,58,UPI,4.0,Delivered,DP233,176.05,1600.95,1004.13,596.82
ORD103695,CUST1161,REST002,Royal Kitchen,2025-12-28,Delhi,North Indian,1,1368.42,0,82.13,65,Cash,4.0,Cancelled,DP081,0.0,1450.55,958.92,491.63
ORD103696,CUST1259,REST049,Dragon Bowl,2025-09-01,Pune,South Indian,1,480.33,25,31.2,30,UPI,3.5,Cancelled,DP079,120.08,391.45,327.96,63.49
ORD103697,CUST1101,REST088,Spice Hub,2025-03-10,Delhi,Desserts,4,197.19,0,45.02,27,Cash,3.0,Delivered,DP169,0.0,242.21,109.17,133.04
ORD103698,CUST1505,REST095,Taste of India,2025-04-05,Hyderabad,Italian,4,1741.61,25,48.51,50,Credit Card,4.0,Cancelled,DP007,435.4,1354.72,1039.08,315.64
ORD103699,CUST1734,REST031,Sweet Treats,2025-03-18,Mumbai,Biryani,2,834.82,15,92.91,58,Cash,3.5,Delivered,DP059,125.22,802.51,542.93,259.58
ORD103700,CUST1570,REST040,Royal Kitchen,2025-06-20,Kolkata,North Indian,3,1125.27,5,71.0,50,Credit Card,4.5,Delivered,DP224,56.26,1140.01,852.17,287.84
ORD103701,CUST1246,REST048,Sweet Treats,2025-01-01,Delhi,North Indian,5,589.05,0,18.45,31,Debit Card,3.5,Delivered,DP200,0.0,607.5,458.14,149.36
ORD103702,CUST1639,REST051,Biryani House,2025-03-03,Bengaluru,Fast Food,5,1394.05,10,16.26,28,UPI,3.5,Delivered,DP195,139.4,1270.91,1007.63,263.28
ORD103703,CUST1794,REST043,Dragon Bowl,2025-07-26,Hyderabad,Indian,5,450.63,15,31.96,43,Debit Card,5.0,Delivered,DP033,67.59,415.0,325.51,89.49
ORD103704,CUST1836,REST098,Curry Corner,2025-06-03,Hyderabad,Chinese,1,1442.01,5,42.04,72,UPI,5.0,Delivered,DP228,72.1,1411.95,930.84,481.11
ORD103705,CUST1536,REST055,Dosa Express,2025-10-01,Chennai,Indian,1,507.41,0,56.18,31,Cash,5.0,Delivered,DP209,0.0,563.59,345.71,217.88
ORD103706,CUST1130,REST088,Taste of India,2025-02-17,Mumbai,Indian,2,284.49,5,86.22,15,UPI,4.5,Cancelled,DP193,14.22,356.49,171.7,184.79
ORD103707,CUST1352,REST049,Biryani House,2025-05-17,Bengaluru,South Indian,1,924.42,15,41.76,34,Cash,4.5,Cancelled,DP100,138.66,827.52,665.37,162.15
ORD103708,CUST1195,REST090,Dosa Express,2025-01-01,Bengaluru,Desserts,4,1486.2,0,47.01,47,UPI,5.0,Delivered,DP104,0.0,1533.21,837.85,695.36
ORD103709,CUST1792,REST080,Taste of India,2025-08-23,Chennai,Indian,3,766.57,0,42.99,68,Credit Card,4.5,Cancelled,DP060,0.0,809.56,495.18,314.38
ORD103710,CUST1665,REST057,Dosa Express,2025-09-13,Delhi,Biryani,3,168.51,20,15.76,16,Cash,4.0,Delivered,DP081,33.7,150.57,124.9,25.67
ORD103711,CUST1381,REST077,Pizza Point,2025-04-17,Delhi,South Indian,3,1049.56,0,96.19,31,Debit Card,3.5,Cancelled,DP122,0.0,1145.75,813.79,331.96
ORD103712,CUST1644,REST015,Biryani House,2025-06-22,Ahmedabad,North Indian,3,1263.19,0,26.81,37,Debit Card,4.0,Delivered,DP058,0.0,1290.0,897.13,392.87
ORD103713,CUST1226,REST027,Dragon Bowl,2025-05-10,Ahmedabad,Biryani,5,1364.37,25,39.45,36,Debit Card,5.0,Cancelled,DP044,341.09,1062.73,812.31,250.42
ORD103714,CUST1700,REST068,Dragon Bowl,2025-10-21,Bengaluru,South Indian,5,795.23,0,25.99,15,Debit Card,4.5,Delivered,DP121,0.0,821.22,541.83,279.39
ORD103715,CUST1475,REST080,Curry Corner,2025-02-09,Mumbai,Biryani,4,282.99,15,56.7,26,Credit Card,4.0,Delivered,DP246,42.45,297.24,192.13,105.11
ORD103716,CUST1476,REST064,Taste of India,2025-12-04,Delhi,South Indian,2,1101.67,25,94.23,27,Credit Card,3.0,Delivered,DP048,275.42,920.48,850.63,69.85
ORD103717,CUST1264,REST094,Sweet Treats,2025-01-16,Hyderabad,South Indian,1,673.64,0,23.56,28,Wallet,4.0,Delivered,DP125,0.0,697.2,500.68,196.52
ORD103718,CUST1371,REST030,Biryani House,2025-05-07,Pune,Italian,1,1710.77,10,52.48,24,Wallet,4.5,Delivered,DP165,171.08,1592.17,960.21,631.96
ORD103719,CUST1485,REST036,Taste of India,2025-12-15,Chennai,Biryani,5,964.56,5,16.9,26,Wallet,4.5,Delivered,DP153,48.23,933.23,579.34,353.89
ORD103720,CUST1433,REST067,Taste of India,2025-07-22,Mumbai,Italian,3,913.41,25,80.53,71,Wallet,4.0,Delivered,DP153,228.35,765.59,679.25,86.34
ORD103721,CUST1645,REST086,Dragon Bowl,2025-05-14,Delhi,North Indian,4,639.47,15,69.5,36,UPI,4.0,Delivered,DP057,95.92,613.05,494.74,118.31
ORD103722,CUST1210,REST086,Dosa Express,2025-09-16,Pune,Desserts,2,689.16,0,74.47,32,Cash,4.5,Delivered,DP013,0.0,763.63,425.75,337.88
ORD103723,CUST1571,REST049,Royal Kitchen,2025-01-14,Bengaluru,Desserts,5,981.43,15,55.15,53,Debit Card,5.0,Delivered,DP077,147.21,889.37,695.7,193.67
ORD103724,CUST1376,REST076,Dosa Express,2025-03-07,Chennai,South Indian,4,635.2,10,92.15,33,UPI,5.0,Delivered,DP012,63.52,663.83,394.33,269.5
ORD103725,CUST1394,REST055,The Food Factory,2025-12-17,Delhi,Desserts,4,1619.07,25,49.81,44,Credit Card,3.0,Delivered,DP224,404.77,1264.11,905.79,358.32
ORD103726,CUST1449,REST085,Biryani House,2025-12-08,Bengaluru,Chinese,5,857.55,0,58.7,29,Debit Card,4.5,Cancelled,DP227,0.0,916.25,635.26,280.99
ORD103727,CUST1363,REST056,Urban Tadka,2025-07-14,Delhi,South Indian,4,610.6,0,74.1,53,Cash,4.0,Delivered,DP220,0.0,684.7,439.59,245.11
ORD103728,CUST1875,REST068,Food Junction,2025-04-24,Chennai,Chinese,3,381.06,20,59.25,28,Cash,4.5,Cancelled,DP108,76.21,364.1,214.25,149.85
ORD103729,CUST1456,REST095,Urban Tadka,2025-06-08,Hyderabad,Chinese,4,1249.55,15,31.09,23,Credit Card,4.5,Delivered,DP191,187.43,1093.21,729.06,364.15
ORD103730,CUST1724,REST044,Taste of India,2025-06-10,Kolkata,Chinese,2,163.32,0,41.95,19,Debit Card,4.0,Delivered,DP248,0.0,205.27,127.37,77.9
ORD103731,CUST1727,REST031,The Food Factory,2025-09-11,Hyderabad,Chinese,4,875.99,0,22.85,47,Wallet,4.5,Cancelled,DP250,0.0,898.84,612.91,285.93
ORD103732,CUST1225,REST058,Dragon Bowl,2025-01-15,Kolkata,Desserts,1,1044.2,10,51.77,62,Debit Card,4.0,Cancelled,DP190,104.42,991.55,766.55,225.0
ORD103733,CUST1130,REST087,Taste of India,2025-02-06,Pune,Biryani,4,690.84,0,66.8,19,Debit Card,5.0,Delivered,DP116,0.0,757.64,441.71,315.93
ORD103734,CUST1587,REST053,Urban Tadka,2025-06-04,Bengaluru,Fast Food,5,1379.69,20,25.08,38,Cash,3.0,Delivered,DP212,275.94,1128.83,923.28,205.55
ORD103735,CUST1475,REST084,Royal Kitchen,2025-01-27,Kolkata,Biryani,1,1255.11,20,68.6,22,Credit Card,3.5,Delivered,DP028,251.02,1072.69,869.26,203.43
ORD103736,CUST1797,REST079,Taste of India,2025-01-12,Hyderabad,North Indian,5,1751.95,20,90.89,33,Debit Card,4.5,Delivered,DP183,350.39,1492.45,1288.36,204.09
ORD103737,CUST1276,REST023,Dosa Express,2025-03-08,Chennai,Fast Food,2,974.73,25,43.71,66,UPI,4.5,Delivered,DP223,243.68,774.76,612.08,162.68
ORD103738,CUST1155,REST028,Biryani House,2025-01-30,Bengaluru,Biryani,3,1023.52,5,33.87,26,UPI,4.5,Delivered,DP216,51.18,1006.21,721.19,285.02
ORD103739,CUST1759,REST016,Royal Kitchen,2025-04-06,Delhi,North Indian,2,533.01,15,90.91,22,Credit Card,5.0,Delivered,DP116,79.95,543.97,388.25,155.72
ORD103740,CUST1217,REST037,Sweet Treats,2025-08-03,Kolkata,Desserts,1,767.61,0,73.82,22,Wallet,4.0,Delivered,DP203,0.0,841.43,564.33,277.1
ORD103741,CUST1189,REST021,Urban Tadka,2025-07-13,Ahmedabad,Chinese,3,165.13,5,23.96,69,Debit Card,4.0,Delivered,DP042,8.26,180.83,109.78,71.05
ORD103742,CUST1416,REST079,Food Junction,2025-05-15,Kolkata,Indian,4,1277.98,0,49.69,52,Debit Card,5.0,Delivered,DP189,0.0,1327.67,842.03,485.64
ORD103743,CUST1674,REST017,Food Junction,2025-10-17,Mumbai,South Indian,1,643.53,15,72.3,34,Cash,4.5,Delivered,DP080,96.53,619.3,369.41,249.89
ORD103744,CUST1691,REST037,Dosa Express,2025-02-01,Kolkata,Fast Food,3,1027.82,20,63.82,72,Debit Card,4.0,Cancelled,DP038,205.56,886.08,682.96,203.12
ORD103745,CUST1545,REST077,Biryani House,2025-02-08,Kolkata,Indian,5,548.39,10,67.58,43,Wallet,4.5,Delivered,DP081,54.84,561.13,390.15,170.98
ORD103746,CUST1040,REST019,Spice Hub,2025-12-18,Delhi,Chinese,3,1163.34,10,63.21,55,Debit Card,4.5,Cancelled,DP109,116.33,1110.22,886.16,224.06
ORD103747,CUST1306,REST030,Spice Hub,2025-07-25,Chennai,Fast Food,5,871.94,10,82.84,48,Debit Card,4.0,Delivered,DP114,87.19,867.59,504.68,362.91
ORD103748,CUST1337,REST045,Curry Corner,2025-02-12,Pune,Indian,5,929.53,0,42.24,32,Cash,4.0,Cancelled,DP108,0.0,971.77,718.38,253.39
ORD103749,CUST1313,REST018,Curry Corner,2025-12-03,Bengaluru,Biryani,3,1703.58,15,75.22,15,UPI,4.0,Delivered,DP133,255.54,1523.26,1028.68,494.58
ORD103750,CUST1074,REST078,Urban Tadka,2025-09-16,Delhi,North Indian,2,1306.35,0,99.24,25,UPI,3.0,Cancelled,DP084,0.0,1405.59,771.33,634.26
ORD103751,CUST1278,REST062,Dosa Express,2025-09-06,Bengaluru,Chinese,2,559.99,0,48.15,61,Wallet,5.0,Delivered,DP176,0.0,608.14,322.74,285.4
ORD103752,CUST1175,REST036,Dosa Express,2025-03-15,Ahmedabad,Biryani,5,966.59,10,82.24,58,Credit Card,3.5,Delivered,DP163,96.66,952.17,751.75,200.42
ORD103753,CUST1895,REST100,Taste of India,2025-11-15,Hyderabad,Biryani,1,904.01,25,35.92,49,Credit Card,3.5,Delivered,DP048,226.0,713.93,613.85,100.08
ORD103754,CUST1661,REST084,Food Junction,2025-10-23,Mumbai,Chinese,3,1455.69,0,38.96,65,Cash,4.5,Delivered,DP235,0.0,1494.65,891.23,603.42
ORD103755,CUST1272,REST052,Food Junction,2025-10-01,Ahmedabad,Fast Food,1,1520.04,0,94.46,66,Debit Card,4.5,Delivered,DP014,0.0,1614.5,947.03,667.47
ORD103756,CUST1836,REST019,Royal Kitchen,2025-11-19,Chennai,South Indian,2,596.18,0,17.2,46,Cash,4.5,Delivered,DP054,0.0,613.38,458.2,155.18
ORD103757,CUST1619,REST044,Food Junction,2025-12-25,Delhi,Italian,1,1499.53,15,33.48,65,UPI,4.0,Delivered,DP154,224.93,1308.08,1135.13,172.95
ORD103758,CUST1650,REST007,The Food Factory,2025-07-09,Mumbai,Italian,4,421.56,25,56.05,56,Wallet,5.0,Delivered,DP118,105.39,372.22,265.79,106.43
ORD103759,CUST1861,REST044,Biryani House,2025-05-18,Kolkata,South Indian,4,1401.45,25,49.16,30,Credit Card,4.5,Cancelled,DP109,350.36,1100.25,791.29,308.96
ORD103760,CUST1782,REST068,Pizza Point,2025-10-29,Chennai,Desserts,2,537.96,10,68.48,20,Debit Card,4.0,Delivered,DP171,53.8,552.64,399.01,153.63
ORD103761,CUST1858,REST034,Dragon Bowl,2025-11-07,Ahmedabad,Chinese,1,620.52,5,31.38,23,Credit Card,5.0,Delivered,DP238,31.03,620.87,471.79,149.08
ORD103762,CUST1288,REST066,Dragon Bowl,2025-11-27,Chennai,Italian,3,1552.15,10,21.0,54,UPI,4.0,Cancelled,DP042,155.22,1417.93,1152.68,265.25
ORD103763,CUST1723,REST069,Dragon Bowl,2025-12-19,Pune,South Indian,2,825.73,5,46.39,36,Debit Card,5.0,Delivered,DP216,41.29,830.83,627.54,203.29
ORD103764,CUST1892,REST055,Taste of India,2025-10-09,Ahmedabad,Indian,4,1784.15,25,59.57,62,UPI,4.5,Delivered,DP095,446.04,1397.68,1217.61,180.07
ORD103765,CUST1271,REST010,Spice Hub,2025-06-15,Ahmedabad,South Indian,2,375.26,0,62.77,22,Credit Card,5.0,Delivered,DP146,0.0,438.03,278.86,159.17
ORD103766,CUST1065,REST096,Dosa Express,2025-10-05,Hyderabad,Desserts,1,898.43,25,66.13,70,Credit Card,4.0,Delivered,DP103,224.61,739.95,689.19,50.76
ORD103767,CUST1482,REST042,Spice Hub,2025-01-26,Pune,Fast Food,1,1350.52,20,61.64,46,UPI,5.0,Delivered,DP183,270.1,1142.06,1019.21,122.85
ORD103768,CUST1247,REST041,The Food Factory,2025-03-14,Pune,North Indian,1,129.02,5,35.89,40,Debit Card,4.5,Cancelled,DP050,6.45,158.46,88.39,70.07
ORD103769,CUST1155,REST077,Spice Hub,2025-04-25,Bengaluru,South Indian,5,375.12,20,79.99,68,UPI,4.5,Delivered,DP125,75.02,380.09,270.72,109.37
ORD103770,CUST1046,REST069,Food Junction,2025-02-20,Bengaluru,Biryani,1,154.2,0,22.46,32,Debit Card,4.0,Delivered,DP086,0.0,176.66,110.39,66.27
ORD103771,CUST1453,REST010,Sweet Treats,2025-06-20,Kolkata,Biryani,4,1788.03,25,31.86,51,Cash,5.0,Delivered,DP149,447.01,1372.88,1313.63,59.25
ORD103772,CUST1200,REST010,Taste of India,2025-09-25,Mumbai,North Indian,4,1397.85,20,77.85,66,Cash,4.0,Delivered,DP162,279.57,1196.13,842.39,353.74
ORD103773,CUST1659,REST091,Sweet Treats,2025-01-03,Hyderabad,Chinese,5,747.58,5,38.78,26,Debit Card,4.5,Delivered,DP217,37.38,748.98,411.54,337.44
ORD103774,CUST1123,REST060,Curry Corner,2025-07-29,Ahmedabad,Biryani,4,382.56,0,56.95,52,UPI,4.5,Cancelled,DP040,0.0,439.51,255.27,184.24
ORD103775,CUST1000,REST051,Sweet Treats,2025-12-04,Chennai,Indian,4,271.84,0,42.81,48,Debit Card,4.0,Delivered,DP119,0.0,314.65,197.38,117.27
ORD103776,CUST1758,REST021,Pizza Point,2025-10-28,Kolkata,South Indian,2,1013.6,25,58.09,18,Credit Card,4.0,Cancelled,DP111,253.4,818.29,586.65,231.64
ORD103777,CUST1854,REST008,Royal Kitchen,2025-12-08,Hyderabad,North Indian,1,1759.5,10,44.47,30,UPI,4.5,Delivered,DP030,175.95,1628.02,1183.34,444.68
ORD103778,CUST1639,REST065,Dosa Express,2025-04-25,Hyderabad,Indian,2,1253.35,0,99.51,75,Debit Card,3.5,Delivered,DP198,0.0,1352.86,779.98,572.88
ORD103779,CUST1190,REST092,The Food Factory,2025-06-16,Ahmedabad,Chinese,2,733.43,0,45.39,38,Credit Card,5.0,Delivered,DP117,0.0,778.82,544.79,234.03
ORD103780,CUST1578,REST078,Dragon Bowl,2025-09-22,Ahmedabad,Biryani,4,961.43,5,68.3,28,Wallet,4.5,Delivered,DP237,48.07,981.66,550.96,430.7
ORD103781,CUST1515,REST085,Dosa Express,2025-08-15,Mumbai,North Indian,3,1798.16,15,90.51,31,Credit Card,4.5,Delivered,DP025,269.72,1618.95,1339.66,279.29
ORD103782,CUST1441,REST030,Pizza Point,2025-05-31,Bengaluru,Italian,1,991.53,0,69.22,65,Debit Card,4.0,Delivered,DP197,0.0,1060.75,684.63,376.12
ORD103783,CUST1814,REST085,Dosa Express,2025-09-25,Ahmedabad,South Indian,3,1739.86,20,63.1,45,UPI,4.5,Delivered,DP029,347.97,1454.99,1324.86,130.13
ORD103784,CUST1805,REST049,Sweet Treats,2025-04-26,Hyderabad,Italian,4,147.49,5,63.38,18,UPI,5.0,Delivered,DP214,7.37,203.5,112.86,90.64
ORD103785,CUST1142,REST009,Biryani House,2025-03-29,Hyderabad,Fast Food,5,1331.22,10,57.2,64,Cash,4.5,Delivered,DP067,133.12,1255.3,979.83,275.47
ORD103786,CUST1190,REST017,Dosa Express,2025-11-14,Hyderabad,Chinese,2,1173.63,15,83.64,58,Debit Card,4.0,Delivered,DP185,176.04,1081.23,788.59,292.64
ORD103787,CUST1532,REST069,Curry Corner,2025-08-30,Delhi,Fast Food,4,1271.35,10,19.29,48,Credit Card,4.0,Delivered,DP047,127.14,1163.5,740.93,422.57
ORD103788,CUST1226,REST058,Taste of India,2025-12-26,Hyderabad,Italian,4,1078.55,0,90.24,52,Credit Card,4.5,Delivered,DP222,0.0,1168.79,649.12,519.67
ORD103789,CUST1312,REST057,Taste of India,2025-11-25,Hyderabad,Italian,3,194.22,10,64.83,52,Debit Card,4.5,Delivered,DP216,19.42,239.63,125.48,114.15
ORD103790,CUST1628,REST062,Spice Hub,2025-11-29,Ahmedabad,Italian,5,371.27,5,87.15,17,Credit Card,4.0,Delivered,DP105,18.56,439.86,266.45,173.41
ORD103791,CUST1301,REST095,Urban Tadka,2025-02-09,Chennai,Fast Food,2,1669.38,15,15.88,22,Wallet,4.5,Cancelled,DP145,250.41,1434.85,1127.36,307.49
ORD103792,CUST1653,REST052,Sweet Treats,2025-07-01,Pune,North Indian,5,511.31,25,88.89,26,Cash,5.0,Delivered,DP177,127.83,472.37,332.77,139.6
ORD103793,CUST1459,REST061,Food Junction,2025-07-28,Delhi,Chinese,5,1788.13,10,25.21,49,UPI,3.0,Delivered,DP109,178.81,1634.53,1179.87,454.66
ORD103794,CUST1400,REST040,Pizza Point,2025-09-30,Hyderabad,Desserts,5,1261.71,10,76.3,16,Credit Card,4.5,Cancelled,DP050,126.17,1211.84,909.11,302.73
ORD103795,CUST1550,REST038,The Food Factory,2025-04-29,Pune,South Indian,1,866.52,25,50.4,67,Wallet,5.0,Delivered,DP212,216.63,700.29,483.43,216.86
ORD103796,CUST1392,REST043,Royal Kitchen,2025-01-24,Hyderabad,Desserts,5,1665.68,20,72.89,43,Debit Card,5.0,Delivered,DP090,333.14,1405.43,1085.7,319.73
ORD103797,CUST1866,REST063,Sweet Treats,2025-09-15,Mumbai,North Indian,4,1455.58,20,68.4,37,Credit Card,4.0,Cancelled,DP133,291.12,1232.86,992.3,240.56
ORD103798,CUST1763,REST019,Dragon Bowl,2025-04-02,Ahmedabad,South Indian,1,840.66,0,28.89,47,Debit Card,4.0,Delivered,DP013,0.0,869.55,576.19,293.36
ORD103799,CUST1844,REST100,Taste of India,2025-06-10,Ahmedabad,Indian,1,235.24,25,58.74,64,Wallet,5.0,Delivered,DP191,58.81,235.17,162.86,72.31
ORD103800,CUST1206,REST050,Spice Hub,2025-05-29,Mumbai,Desserts,5,1578.75,25,38.56,32,Wallet,3.5,Delivered,DP039,394.69,1222.62,887.72,334.9
ORD103801,CUST1209,REST033,Royal Kitchen,2025-04-27,Pune,Indian,4,1405.27,5,62.64,54,UPI,4.5,Cancelled,DP196,70.26,1397.65,953.23,444.42
ORD103802,CUST1114,REST013,Dragon Bowl,2025-02-22,Ahmedabad,Desserts,2,1448.43,10,77.73,72,Debit Card,4.5,Delivered,DP173,144.84,1381.32,980.05,401.27
ORD103803,CUST1736,REST078,Royal Kitchen,2025-10-29,Delhi,Italian,5,1371.36,5,21.91,36,Cash,4.5,Delivered,DP017,68.57,1324.7,1023.88,300.82
ORD103804,CUST1645,REST097,Dosa Express,2025-02-14,Chennai,Chinese,1,583.27,0,58.84,28,UPI,4.0,Delivered,DP232,0.0,642.11,422.76,219.35
ORD103805,CUST1250,REST062,Food Junction,2025-09-22,Delhi,Desserts,2,1562.86,0,67.5,43,Debit Card,5.0,Delivered,DP187,0.0,1630.36,870.8,759.56
ORD103806,CUST1218,REST093,Food Junction,2025-09-19,Delhi,Chinese,2,123.75,20,40.11,59,Debit Card,4.0,Delivered,DP099,24.75,139.11,83.89,55.22
ORD103807,CUST1406,REST043,Urban Tadka,2025-11-03,Mumbai,Biryani,1,518.62,25,96.01,29,Wallet,4.5,Delivered,DP249,129.66,484.97,367.66,117.31
ORD103808,CUST1442,REST049,Biryani House,2025-08-22,Mumbai,Biryani,2,198.22,0,59.23,29,Wallet,4.5,Delivered,DP223,0.0,257.45,135.47,121.98
ORD103809,CUST1602,REST036,Royal Kitchen,2025-02-04,Chennai,North Indian,4,305.8,0,30.51,59,Debit Card,4.0,Delivered,DP080,0.0,336.31,215.76,120.55
ORD103810,CUST1353,REST010,Urban Tadka,2025-12-04,Kolkata,Desserts,4,1014.4,5,24.16,18,Wallet,3.5,Delivered,DP226,50.72,987.84,585.14,402.7
ORD103811,CUST1887,REST095,Dosa Express,2025-07-16,Kolkata,Fast Food,5,182.59,25,61.04,50,Debit Card,5.0,Cancelled,DP059,45.65,197.98,107.53,90.45
ORD103812,CUST1557,REST006,Royal Kitchen,2025-01-25,Kolkata,Desserts,5,424.72,20,46.9,19,Debit Card,4.5,Delivered,DP096,84.94,386.68,290.52,96.16
ORD103813,CUST1549,REST057,Sweet Treats,2025-07-21,Hyderabad,Desserts,2,511.0,20,31.37,17,UPI,4.5,Delivered,DP225,102.2,440.17,375.15,65.02
ORD103814,CUST1141,REST001,Curry Corner,2025-09-30,Chennai,Biryani,1,1220.97,10,17.61,26,UPI,4.5,Delivered,DP122,122.1,1116.48,678.83,437.65
ORD103815,CUST1611,REST071,Pizza Point,2025-02-05,Hyderabad,North Indian,4,907.62,10,63.16,34,Cash,3.5,Delivered,DP136,90.76,880.02,590.26,289.76
ORD103816,CUST1500,REST058,Food Junction,2025-08-11,Pune,South Indian,3,890.13,5,65.88,58,UPI,4.5,Delivered,DP030,44.51,911.5,692.67,218.83
ORD103817,CUST1839,REST091,The Food Factory,2025-12-18,Pune,South Indian,5,1410.97,5,27.05,34,Credit Card,3.5,Delivered,DP131,70.55,1367.47,1024.54,342.93
ORD103818,CUST1701,REST021,Sweet Treats,2025-10-04,Bengaluru,North Indian,4,887.29,0,66.15,53,Credit Card,4.5,Delivered,DP145,0.0,953.44,579.88,373.56
ORD103819,CUST1546,REST092,The Food Factory,2025-01-18,Kolkata,Fast Food,2,705.46,15,95.92,53,Wallet,3.5,Cancelled,DP123,105.82,695.56,403.91,291.65
ORD103820,CUST1658,REST080,Spice Hub,2025-07-07,Mumbai,Indian,4,1736.92,15,98.16,15,Credit Card,5.0,Delivered,DP051,260.54,1574.54,1098.8,475.74
ORD103821,CUST1541,REST056,The Food Factory,2025-09-14,Bengaluru,Italian,4,133.93,0,90.52,58,UPI,4.5,Delivered,DP152,0.0,224.45,78.42,146.03
ORD103822,CUST1845,REST087,Food Junction,2025-05-22,Bengaluru,Chinese,2,633.06,10,83.6,17,Cash,4.0,Delivered,DP080,63.31,653.35,482.25,171.1
ORD103823,CUST1506,REST020,Dragon Bowl,2025-05-16,Mumbai,Indian,5,1143.78,20,32.8,61,Debit Card,4.0,Delivered,DP192,228.76,947.82,809.45,138.37
ORD103824,CUST1595,REST054,Food Junction,2025-11-03,Ahmedabad,North Indian,5,1435.12,25,28.3,23,Cash,3.5,Delivered,DP212,358.78,1104.64,1071.76,32.88
ORD103825,CUST1880,REST025,Food Junction,2025-03-20,Bengaluru,South Indian,3,1491.57,0,52.82,68,UPI,5.0,Delivered,DP074,0.0,1544.39,1128.25,416.14
ORD103826,CUST1280,REST028,Sweet Treats,2025-10-19,Ahmedabad,Indian,3,197.4,25,67.67,68,UPI,3.5,Delivered,DP123,49.35,215.72,136.12,79.6
ORD103827,CUST1423,REST005,Dragon Bowl,2025-03-03,Kolkata,Fast Food,5,1311.34,20,87.31,34,UPI,4.0,Delivered,DP247,262.27,1136.38,723.23,413.15
ORD103828,CUST1855,REST021,Dragon Bowl,2025-05-09,Delhi,Italian,5,1330.03,10,34.72,72,Wallet,4.0,Delivered,DP216,133.0,1231.75,901.62,330.13
ORD103829,CUST1269,REST018,Sweet Treats,2025-12-07,Ahmedabad,South Indian,5,479.65,10,55.77,23,Credit Card,5.0,Delivered,DP111,47.96,487.46,352.34,135.12
ORD103830,CUST1153,REST047,Dragon Bowl,2025-10-25,Hyderabad,Fast Food,5,309.46,0,70.03,45,UPI,4.5,Delivered,DP199,0.0,379.49,192.59,186.9
ORD103831,CUST1613,REST070,Pizza Point,2025-09-14,Kolkata,North Indian,4,1379.47,5,52.88,60,Debit Card,3.5,Delivered,DP112,68.97,1363.38,1053.06,310.32
ORD103832,CUST1726,REST057,Taste of India,2025-07-31,Ahmedabad,Indian,3,539.16,25,53.61,42,Credit Card,4.5,Delivered,DP177,134.79,457.98,420.15,37.83
ORD103833,CUST1661,REST093,Biryani House,2025-02-23,Chennai,Chinese,2,122.81,5,34.13,49,Credit Card,5.0,Delivered,DP020,6.14,150.8,83.06,67.74
ORD103834,CUST1082,REST019,Dosa Express,2025-06-24,Mumbai,Biryani,1,495.6,5,98.87,54,Wallet,4.5,Delivered,DP205,24.78,569.69,333.14,236.55
ORD103835,CUST1621,REST097,Dosa Express,2025-04-10,Delhi,Fast Food,2,172.19,15,55.39,75,Cash,4.0,Delivered,DP029,25.83,201.75,120.65,81.1
ORD103836,CUST1898,REST065,Spice Hub,2025-02-08,Pune,South Indian,1,538.63,5,60.28,52,Credit Card,4.0,Delivered,DP010,26.93,571.98,366.41,205.57
ORD103837,CUST1425,REST003,Urban Tadka,2025-09-20,Chennai,Indian,4,682.83,15,33.58,58,Credit Card,3.5,Delivered,DP009,102.42,613.99,400.76,213.23
ORD103838,CUST1274,REST042,Pizza Point,2025-05-30,Chennai,Biryani,3,575.95,20,58.7,16,UPI,4.0,Cancelled,DP199,115.19,519.46,352.69,166.77
ORD103839,CUST1712,REST021,Taste of India,2025-05-01,Ahmedabad,Biryani,1,1665.49,0,36.7,17,Debit Card,4.5,Delivered,DP108,0.0,1702.19,993.32,708.87
ORD103840,CUST1283,REST099,Curry Corner,2025-06-27,Chennai,Indian,5,510.66,25,32.2,28,UPI,4.5,Delivered,DP063,127.66,415.2,289.33,125.87
ORD103841,CUST1172,REST040,Spice Hub,2025-10-28,Bengaluru,Italian,4,905.46,15,38.44,31,Debit Card,5.0,Cancelled,DP033,135.82,808.08,527.24,280.84
ORD103842,CUST1326,REST067,Royal Kitchen,2025-11-26,Bengaluru,Indian,1,1728.48,10,15.23,49,Credit Card,4.5,Delivered,DP152,172.85,1570.86,1337.21,233.65
ORD103843,CUST1717,REST025,Sweet Treats,2025-04-30,Bengaluru,South Indian,5,1597.06,0,63.46,18,Debit Card,3.5,Cancelled,DP080,0.0,1660.52,1082.24,578.28
ORD103844,CUST1062,REST055,Royal Kitchen,2025-03-13,Kolkata,North Indian,4,639.55,25,47.94,61,UPI,4.5,Delivered,DP032,159.89,527.6,370.27,157.33
ORD103845,CUST1072,REST084,Taste of India,2025-08-07,Ahmedabad,Chinese,1,668.5,0,91.39,44,UPI,4.5,Delivered,DP004,0.0,759.89,477.32,282.57
ORD103846,CUST1762,REST052,Dragon Bowl,2025-10-29,Bengaluru,South Indian,5,1116.79,10,18.46,68,Cash,4.0,Delivered,DP190,111.68,1023.57,736.7,286.87
ORD103847,CUST1635,REST044,Royal Kitchen,2025-05-03,Delhi,North Indian,3,1662.01,20,18.67,72,Wallet,4.5,Cancelled,DP078,332.4,1348.28,999.99,348.29
ORD103848,CUST1374,REST098,Food Junction,2025-09-01,Bengaluru,Biryani,4,136.8,25,90.3,53,Cash,3.0,Delivered,DP126,34.2,192.9,104.93,87.97
ORD103849,CUST1632,REST085,Sweet Treats,2025-03-16,Ahmedabad,Chinese,1,780.44,0,25.76,65,Credit Card,3.0,Delivered,DP119,0.0,806.2,469.55,336.65
ORD103850,CUST1507,REST056,Royal Kitchen,2025-01-06,Mumbai,Fast Food,5,1547.62,0,15.18,28,Debit Card,4.5,Delivered,DP221,0.0,1562.8,885.93,676.87
ORD103851,CUST1786,REST055,Royal Kitchen,2025-01-21,Chennai,Biryani,3,809.59,25,30.21,62,UPI,3.5,Delivered,DP022,202.4,637.4,483.59,153.81
ORD103852,CUST1397,REST087,Urban Tadka,2025-07-09,Delhi,Desserts,5,1329.69,10,85.03,41,UPI,4.5,Delivered,DP151,132.97,1281.75,1010.22,271.53
ORD103853,CUST1119,REST070,Urban Tadka,2025-08-13,Ahmedabad,Italian,3,1282.43,0,83.23,27,UPI,4.0,Delivered,DP218,0.0,1365.66,958.35,407.31
ORD103854,CUST1436,REST077,Dosa Express,2025-04-13,Pune,Indian,1,465.17,15,43.91,69,UPI,5.0,Delivered,DP026,69.78,439.3,351.53,87.77
ORD103855,CUST1828,REST087,Biryani House,2025-12-10,Bengaluru,Fast Food,5,875.32,20,71.78,75,Credit Card,5.0,Delivered,DP049,175.06,772.04,665.87,106.17
ORD103856,CUST1675,REST073,Biryani House,2025-04-09,Pune,Desserts,5,1071.19,0,58.12,34,Wallet,5.0,Cancelled,DP172,0.0,1129.31,608.25,521.06
ORD103857,CUST1464,REST081,Curry Corner,2025-11-14,Chennai,South Indian,2,1321.98,20,91.9,63,Cash,5.0,Delivered,DP239,264.4,1149.48,943.37,206.11
ORD103858,CUST1285,REST066,Sweet Treats,2025-12-29,Delhi,Chinese,4,1501.61,20,19.8,63,Cash,5.0,Delivered,DP150,300.32,1221.09,1055.39,165.7
ORD103859,CUST1264,REST019,Sweet Treats,2025-03-24,Chennai,Fast Food,5,1396.69,15,84.12,38,UPI,4.5,Delivered,DP108,209.5,1271.31,1087.14,184.17
ORD103860,CUST1319,REST083,Urban Tadka,2025-06-30,Pune,Desserts,3,167.56,25,29.5,24,UPI,5.0,Cancelled,DP195,41.89,155.17,119.7,35.47
ORD103861,CUST1672,REST007,Food Junction,2025-06-01,Kolkata,Desserts,4,1246.67,20,48.29,21,Debit Card,4.5,Cancelled,DP170,249.33,1045.63,912.77,132.86
ORD103862,CUST1375,REST063,Food Junction,2025-02-25,Delhi,Desserts,1,955.49,15,31.32,66,UPI,5.0,Delivered,DP052,143.32,843.49,682.65,160.84
ORD103863,CUST1819,REST042,The Food Factory,2025-07-09,Hyderabad,Italian,4,1084.09,0,74.72,31,Cash,3.5,Delivered,DP145,0.0,1158.81,750.99,407.82
ORD103864,CUST1088,REST042,Food Junction,2025-01-22,Kolkata,Indian,2,746.58,0,72.66,36,Debit Card,4.5,Delivered,DP142,0.0,819.24,505.58,313.66
ORD103865,CUST1653,REST059,Dragon Bowl,2025-03-09,Delhi,Fast Food,1,1319.56,20,61.57,73,Debit Card,5.0,Delivered,DP064,263.91,1117.22,1019.93,97.29
ORD103866,CUST1202,REST020,Taste of India,2025-07-04,Bengaluru,South Indian,5,1252.13,15,74.34,58,UPI,4.5,Delivered,DP173,187.82,1138.65,958.33,180.32
ORD103867,CUST1820,REST073,Biryani House,2025-01-10,Ahmedabad,Chinese,1,1093.54,0,69.36,25,Debit Card,3.5,Delivered,DP192,0.0,1162.9,711.57,451.33
ORD103868,CUST1738,REST017,Food Junction,2025-03-07,Pune,Fast Food,1,1567.5,20,81.0,56,Wallet,4.5,Delivered,DP158,313.5,1335.0,964.57,370.43
ORD103869,CUST1333,REST027,Pizza Point,2025-09-21,Chennai,Indian,2,291.19,25,35.35,37,UPI,4.5,Delivered,DP141,72.8,253.74,194.25,59.49
ORD103870,CUST1221,REST047,Sweet Treats,2025-08-13,Ahmedabad,South Indian,3,625.72,0,51.46,68,Wallet,4.5,Delivered,DP154,0.0,677.18,451.52,225.66
ORD103871,CUST1040,REST002,Food Junction,2025-05-03,Chennai,Fast Food,1,951.82,5,27.89,74,UPI,4.5,Delivered,DP232,47.59,932.12,611.28,320.84
ORD103872,CUST1707,REST063,The Food Factory,2025-02-07,Chennai,Chinese,3,1730.46,25,51.52,36,Wallet,4.0,Delivered,DP160,432.62,1349.36,1165.57,183.79
ORD103873,CUST1067,REST062,Curry Corner,2025-05-03,Mumbai,Indian,4,240.9,25,74.64,54,UPI,5.0,Delivered,DP174,60.22,255.32,149.05,106.27
ORD103874,CUST1775,REST100,Curry Corner,2025-11-14,Mumbai,Italian,2,686.29,5,73.77,61,Cash,4.5,Cancelled,DP226,34.31,725.75,444.97,280.78
ORD103875,CUST1513,REST019,Urban Tadka,2025-06-05,Bengaluru,Italian,5,1675.5,10,75.3,68,UPI,4.0,Delivered,DP051,167.55,1583.25,1290.43,292.82
ORD103876,CUST1872,REST017,Food Junction,2025-10-28,Hyderabad,Biryani,1,1628.55,20,41.25,32,Cash,5.0,Delivered,DP215,325.71,1344.09,976.18,367.91
ORD103877,CUST1636,REST069,Royal Kitchen,2025-11-17,Ahmedabad,Fast Food,3,1573.61,5,71.29,69,Credit Card,4.0,Cancelled,DP034,78.68,1566.22,1223.34,342.88
ORD103878,CUST1621,REST039,Sweet Treats,2025-03-08,Mumbai,Chinese,1,638.1,0,46.23,59,Credit Card,4.0,Delivered,DP108,0.0,684.33,382.59,301.74
ORD103879,CUST1597,REST082,Sweet Treats,2025-05-13,Delhi,Fast Food,2,1542.68,20,95.28,40,UPI,5.0,Cancelled,DP116,308.54,1329.42,961.74,367.68
ORD103880,CUST1631,REST071,Biryani House,2025-12-28,Kolkata,Indian,5,968.97,5,44.19,62,Cash,5.0,Cancelled,DP204,48.45,964.71,552.36,412.35
ORD103881,CUST1126,REST081,Curry Corner,2025-05-20,Pune,Biryani,4,1161.23,5,66.26,44,Cash,4.0,Cancelled,DP215,58.06,1169.43,839.55,329.88
ORD103882,CUST1254,REST039,Urban Tadka,2025-03-23,Bengaluru,Chinese,4,521.23,0,78.76,27,Debit Card,3.0,Delivered,DP028,0.0,599.99,288.79,311.2
ORD103883,CUST1694,REST036,Food Junction,2025-02-27,Kolkata,Fast Food,3,1307.21,15,92.04,18,Debit Card,3.5,Cancelled,DP019,196.08,1203.17,955.84,247.33
ORD103884,CUST1015,REST040,Curry Corner,2025-05-29,Hyderabad,Chinese,4,670.53,5,52.22,57,Wallet,5.0,Delivered,DP176,33.53,689.22,457.8,231.42
ORD103885,CUST1476,REST045,Curry Corner,2025-05-11,Kolkata,Indian,3,697.72,25,45.64,41,Debit Card,5.0,Cancelled,DP098,174.43,568.93,503.9,65.03
ORD103886,CUST1061,REST004,Sweet Treats,2025-03-10,Ahmedabad,Biryani,5,1189.85,10,51.55,65,UPI,4.0,Delivered,DP072,118.98,1122.42,868.73,253.69
ORD103887,CUST1880,REST025,Food Junction,2025-12-11,Delhi,Chinese,1,522.92,25,42.51,54,Debit Card,4.0,Cancelled,DP162,130.73,434.7,302.57,132.13
ORD103888,CUST1431,REST069,Royal Kitchen,2025-09-07,Chennai,Indian,2,497.06,5,70.58,24,Debit Card,4.0,Delivered,DP106,24.85,542.79,275.83,266.96
ORD103889,CUST1669,REST030,Spice Hub,2025-11-16,Mumbai,Italian,5,740.19,5,94.28,58,UPI,5.0,Delivered,DP144,37.01,797.46,435.84,361.62
ORD103890,CUST1267,REST076,Royal Kitchen,2025-06-26,Delhi,Chinese,5,1427.15,0,25.72,42,UPI,4.0,Cancelled,DP071,0.0,1452.87,911.0,541.87
ORD103891,CUST1034,REST068,Food Junction,2025-03-13,Hyderabad,Biryani,4,497.47,0,62.68,35,Wallet,4.5,Delivered,DP027,0.0,560.15,282.0,278.15
ORD103892,CUST1778,REST088,Taste of India,2025-01-17,Bengaluru,North Indian,4,1442.69,20,91.3,66,Cash,4.5,Delivered,DP051,288.54,1245.45,945.03,300.42
ORD103893,CUST1575,REST029,Curry Corner,2025-11-25,Kolkata,South Indian,2,1288.62,10,23.51,25,Debit Card,4.0,Delivered,DP084,128.86,1183.27,793.24,390.03
ORD103894,CUST1493,REST073,Biryani House,2025-06-09,Delhi,South Indian,1,1260.85,0,56.98,34,Credit Card,4.0,Cancelled,DP054,0.0,1317.83,798.98,518.85
ORD103895,CUST1561,REST068,Dragon Bowl,2025-03-11,Ahmedabad,Chinese,5,917.59,0,88.54,67,Cash,4.0,Delivered,DP123,0.0,1006.13,703.13,303.0
ORD103896,CUST1468,REST051,Dragon Bowl,2025-04-23,Bengaluru,Chinese,4,1373.09,0,91.54,74,UPI,4.5,Delivered,DP227,0.0,1464.63,983.93,480.7
ORD103897,CUST1766,REST024,Spice Hub,2025-08-20,Chennai,Indian,5,142.71,10,58.72,50,Debit Card,5.0,Delivered,DP017,14.27,187.16,100.09,87.07
ORD103898,CUST1660,REST014,The Food Factory,2025-01-21,Hyderabad,Fast Food,1,633.42,5,17.12,33,Wallet,4.5,Cancelled,DP220,31.67,618.87,443.6,175.27
ORD103899,CUST1324,REST069,Urban Tadka,2025-05-15,Hyderabad,South Indian,3,1260.95,20,23.98,66,Credit Card,3.5,Delivered,DP072,252.19,1032.74,854.59,178.15
ORD103900,CUST1303,REST018,Royal Kitchen,2025-09-20,Kolkata,Desserts,1,1778.66,5,64.87,24,Cash,4.0,Cancelled,DP196,88.93,1754.6,1188.12,566.48
ORD103901,CUST1275,REST042,Food Junction,2025-04-21,Mumbai,Fast Food,5,124.22,25,25.53,29,Debit Card,3.5,Delivered,DP225,31.06,118.69,93.52,25.17
ORD103902,CUST1868,REST057,Biryani House,2025-09-03,Pune,South Indian,5,976.75,20,27.7,59,UPI,3.5,Cancelled,DP114,195.35,809.1,554.06,255.04
ORD103903,CUST1683,REST083,The Food Factory,2025-10-10,Hyderabad,Chinese,2,1672.05,0,80.63,59,Cash,4.5,Delivered,DP214,0.0,1752.68,1030.58,722.1
ORD103904,CUST1200,REST012,The Food Factory,2025-01-08,Ahmedabad,Desserts,5,1570.75,25,78.81,67,Credit Card,5.0,Delivered,DP095,392.69,1256.87,901.53,355.34
ORD103905,CUST1444,REST082,Curry Corner,2025-10-11,Delhi,Biryani,4,158.87,10,86.64,74,UPI,5.0,Delivered,DP129,15.89,229.62,87.78,141.84
ORD103906,CUST1323,REST017,Taste of India,2025-07-26,Ahmedabad,Biryani,2,1009.66,10,23.99,32,Credit Card,4.5,Delivered,DP105,100.97,932.68,558.53,374.15
ORD103907,CUST1034,REST030,Curry Corner,2025-07-13,Delhi,North Indian,5,127.2,0,31.84,21,Debit Card,4.5,Delivered,DP014,0.0,159.04,70.66,88.38
ORD103908,CUST1481,REST088,Urban Tadka,2025-02-16,Delhi,South Indian,1,1446.49,0,85.8,44,Cash,5.0,Delivered,DP135,0.0,1532.29,1022.38,509.91
ORD103909,CUST1727,REST075,Spice Hub,2025-12-08,Chennai,Desserts,5,638.91,20,76.29,28,Wallet,4.5,Cancelled,DP064,127.78,587.42,367.77,219.65
ORD103910,CUST1479,REST099,Royal Kitchen,2025-08-30,Hyderabad,South Indian,1,1406.19,0,83.51,51,Debit Card,4.5,Delivered,DP200,0.0,1489.7,838.87,650.83
ORD103911,CUST1064,REST023,Sweet Treats,2025-01-10,Hyderabad,Indian,1,1707.25,0,99.13,55,Debit Card,4.0,Delivered,DP136,0.0,1806.38,1103.51,702.87
ORD103912,CUST1007,REST081,Pizza Point,2025-10-16,Delhi,Chinese,5,1759.82,25,88.48,44,Wallet,3.5,Delivered,DP182,439.96,1408.34,1076.88,331.46
ORD103913,CUST1300,REST001,Spice Hub,2025-05-11,Kolkata,Chinese,1,1622.11,0,59.24,68,Wallet,4.0,Delivered,DP152,0.0,1681.35,1196.86,484.49
ORD103914,CUST1342,REST079,Royal Kitchen,2025-09-27,Ahmedabad,North Indian,3,462.96,0,41.42,41,UPI,5.0,Cancelled,DP183,0.0,504.38,321.01,183.37
ORD103915,CUST1430,REST032,Urban Tadka,2025-10-29,Mumbai,Fast Food,2,446.93,10,63.42,63,Credit Card,4.5,Delivered,DP129,44.69,465.66,280.07,185.59
ORD103916,CUST1423,REST009,Dragon Bowl,2025-03-02,Kolkata,Indian,5,1171.31,10,69.28,71,Debit Card,3.5,Delivered,DP227,117.13,1123.46,729.83,393.63
ORD103917,CUST1331,REST015,Royal Kitchen,2025-06-13,Mumbai,Italian,3,1034.01,5,43.5,51,UPI,4.5,Cancelled,DP233,51.7,1025.81,731.3,294.51
ORD103918,CUST1437,REST028,Sweet Treats,2025-01-13,Hyderabad,Biryani,1,136.02,5,80.53,62,UPI,4.0,Delivered,DP200,6.8,209.75,80.15,129.6
ORD103919,CUST1587,REST024,The Food Factory,2025-09-29,Kolkata,Biryani,1,778.1,10,22.88,55,Debit Card,5.0,Delivered,DP069,77.81,723.17,478.16,245.01
ORD103920,CUST1173,REST060,Spice Hub,2025-07-27,Ahmedabad,Chinese,2,1643.24,10,81.25,31,Credit Card,3.5,Cancelled,DP032,164.32,1560.17,1037.36,522.81
ORD103921,CUST1558,REST035,Sweet Treats,2025-09-03,Hyderabad,North Indian,3,1629.24,25,17.72,44,Wallet,4.5,Delivered,DP001,407.31,1239.65,1066.45,173.2
ORD103922,CUST1526,REST086,Food Junction,2025-05-13,Bengaluru,Desserts,3,462.56,0,57.33,32,Debit Card,4.5,Cancelled,DP194,0.0,519.89,274.68,245.21
ORD103923,CUST1872,REST027,Curry Corner,2025-09-01,Hyderabad,Indian,5,761.7,5,88.22,17,Credit Card,5.0,Cancelled,DP170,38.08,811.84,446.48,365.36
ORD103924,CUST1658,REST083,Royal Kitchen,2025-10-21,Kolkata,Italian,1,1061.41,10,22.35,42,Wallet,4.5,Delivered,DP238,106.14,977.62,825.45,152.17
ORD103925,CUST1025,REST076,Pizza Point,2025-02-07,Ahmedabad,Biryani,4,1552.68,0,59.01,51,Cash,5.0,Delivered,DP207,0.0,1611.69,1180.09,431.6
ORD103926,CUST1819,REST020,Biryani House,2025-12-25,Delhi,Indian,5,1013.75,0,28.55,44,Debit Card,3.0,Delivered,DP234,0.0,1042.3,679.65,362.65
ORD103927,CUST1604,REST065,Royal Kitchen,2025-02-25,Pune,Italian,5,1746.58,5,91.06,68,Debit Card,3.5,Delivered,DP137,87.33,1750.31,1268.15,482.16
ORD103928,CUST1405,REST085,Food Junction,2025-11-15,Chennai,South Indian,5,1462.41,0,85.75,35,Credit Card,4.0,Delivered,DP204,0.0,1548.16,1031.03,517.13
ORD103929,CUST1231,REST049,Spice Hub,2025-02-17,Ahmedabad,Chinese,2,1721.19,20,94.38,63,UPI,4.5,Delivered,DP074,344.24,1471.33,976.39,494.94
ORD103930,CUST1532,REST001,Royal Kitchen,2025-04-15,Hyderabad,Fast Food,2,1348.91,0,89.37,34,UPI,4.0,Delivered,DP152,0.0,1438.28,902.58,535.7
ORD103931,CUST1818,REST010,Dosa Express,2025-02-28,Hyderabad,Biryani,5,1594.41,5,77.61,36,Credit Card,4.0,Delivered,DP105,79.72,1592.3,944.37,647.93
ORD103932,CUST1549,REST047,Sweet Treats,2025-03-18,Delhi,Biryani,4,1516.09,20,30.72,50,Debit Card,4.5,Delivered,DP114,303.22,1243.59,1037.51,206.08
ORD103933,CUST1787,REST059,The Food Factory,2025-08-06,Ahmedabad,Italian,3,546.45,10,40.71,50,Debit Card,4.5,Cancelled,DP147,54.64,532.52,308.31,224.21
ORD103934,CUST1504,REST096,The Food Factory,2025-02-24,Bengaluru,Fast Food,3,505.62,25,57.23,35,Debit Card,4.5,Cancelled,DP051,126.4,436.45,297.04,139.41
ORD103935,CUST1668,REST062,Dosa Express,2025-02-24,Pune,Desserts,1,1572.16,25,65.06,38,Cash,3.5,Cancelled,DP081,393.04,1244.18,1147.35,96.83
ORD103936,CUST1178,REST086,Spice Hub,2025-05-09,Ahmedabad,South Indian,3,262.26,20,81.49,35,UPI,5.0,Delivered,DP002,52.45,291.3,195.11,96.19
ORD103937,CUST1131,REST018,The Food Factory,2025-03-26,Hyderabad,Indian,3,806.39,0,34.29,21,Cash,4.5,Delivered,DP010,0.0,840.68,611.82,228.86
ORD103938,CUST1822,REST046,Royal Kitchen,2025-08-02,Mumbai,Chinese,4,1498.71,0,25.9,22,Debit Card,4.0,Delivered,DP197,0.0,1524.61,1133.4,391.21
ORD103939,CUST1454,REST032,Taste of India,2025-04-25,Mumbai,Indian,3,1486.24,10,56.02,36,UPI,4.5,Delivered,DP103,148.62,1393.64,1127.49,266.15
ORD103940,CUST1347,REST027,Dragon Bowl,2025-11-10,Mumbai,Italian,4,353.16,15,28.42,36,Debit Card,4.0,Delivered,DP134,52.97,328.61,201.93,126.68
ORD103941,CUST1539,REST092,The Food Factory,2025-10-20,Chennai,Desserts,2,939.35,0,73.97,44,Debit Card,4.5,Cancelled,DP190,0.0,1013.32,659.13,354.19
ORD103942,CUST1771,REST018,Dragon Bowl,2025-02-18,Chennai,Desserts,4,926.12,0,63.93,48,Credit Card,4.0,Delivered,DP066,0.0,990.05,658.7,331.35
ORD103943,CUST1405,REST039,Pizza Point,2025-03-08,Ahmedabad,Biryani,2,663.85,0,77.99,43,UPI,5.0,Delivered,DP008,0.0,741.84,406.07,335.77
ORD103944,CUST1075,REST049,Taste of India,2025-10-02,Pune,South Indian,4,1660.86,25,20.39,75,Debit Card,5.0,Delivered,DP068,415.22,1266.03,1292.77,-26.74
ORD103945,CUST1578,REST093,Urban Tadka,2025-05-09,Hyderabad,Biryani,5,1217.24,15,97.0,24,Wallet,3.5,Delivered,DP187,182.59,1131.65,749.5,382.15
ORD103946,CUST1853,REST082,Royal Kitchen,2025-01-29,Hyderabad,Indian,2,1766.71,15,15.0,19,Wallet,3.0,Delivered,DP050,265.01,1516.7,1205.29,311.41
ORD103947,CUST1491,REST044,Royal Kitchen,2025-12-09,Hyderabad,South Indian,2,232.17,0,42.66,63,Debit Card,4.0,Delivered,DP095,0.0,274.83,174.28,100.55
ORD103948,CUST1193,REST072,Urban Tadka,2025-02-02,Chennai,North Indian,3,782.51,25,72.77,71,Credit Card,4.5,Delivered,DP036,195.63,659.65,482.43,177.22
ORD103949,CUST1161,REST054,Sweet Treats,2025-04-29,Pune,Chinese,2,1523.03,10,18.84,53,Debit Card,3.5,Cancelled,DP136,152.3,1389.57,1050.12,339.45
ORD103950,CUST1346,REST095,Taste of India,2025-06-29,Hyderabad,Italian,4,830.11,25,22.08,48,Wallet,5.0,Delivered,DP095,207.53,644.66,594.03,50.63
ORD103951,CUST1360,REST034,Food Junction,2025-05-31,Delhi,Chinese,5,559.96,20,21.52,52,UPI,4.0,Delivered,DP145,111.99,469.49,388.69,80.8
ORD103952,CUST1768,REST071,Sweet Treats,2025-05-13,Bengaluru,Desserts,5,1796.32,10,64.43,24,Credit Card,4.5,Delivered,DP187,179.63,1681.12,1155.7,525.42
ORD103953,CUST1583,REST036,Food Junction,2025-11-23,Kolkata,Italian,3,1586.85,15,91.15,23,Debit Card,4.0,Delivered,DP249,238.03,1439.97,1217.58,222.39
ORD103954,CUST1086,REST018,Pizza Point,2025-07-04,Ahmedabad,Desserts,4,1038.08,5,62.21,74,Wallet,5.0,Delivered,DP238,51.9,1048.39,717.14,331.25
ORD103955,CUST1261,REST038,Curry Corner,2025-05-14,Ahmedabad,Chinese,4,1063.67,5,66.3,46,UPI,3.0,Delivered,DP232,53.18,1076.79,639.91,436.88
ORD103956,CUST1213,REST059,Spice Hub,2025-06-26,Mumbai,North Indian,1,131.53,10,44.41,19,Wallet,4.5,Delivered,DP078,13.15,162.79,96.73,66.06
ORD103957,CUST1664,REST009,Royal Kitchen,2025-01-22,Mumbai,Indian,2,1768.07,5,16.59,49,Credit Card,4.5,Cancelled,DP136,88.4,1696.26,1239.16,457.1
ORD103958,CUST1721,REST073,Royal Kitchen,2025-08-29,Ahmedabad,Fast Food,3,1474.58,10,16.84,25,Cash,4.5,Delivered,DP122,147.46,1343.96,848.16,495.8
ORD103959,CUST1572,REST072,Taste of India,2025-03-18,Delhi,South Indian,5,181.71,0,90.51,56,Debit Card,4.0,Delivered,DP089,0.0,272.22,111.56,160.66
ORD103960,CUST1779,REST051,Dosa Express,2025-07-23,Hyderabad,Italian,1,416.23,10,23.72,30,UPI,3.0,Delivered,DP206,41.62,398.33,244.07,154.26
ORD103961,CUST1261,REST035,Biryani House,2025-01-04,Pune,Indian,4,1499.33,0,99.98,41,Credit Card,4.5,Delivered,DP215,0.0,1599.31,849.69,749.62
ORD103962,CUST1729,REST082,Spice Hub,2025-11-24,Pune,Biryani,2,265.93,20,28.98,34,Credit Card,5.0,Delivered,DP043,53.19,241.72,160.34,81.38
ORD103963,CUST1282,REST005,Pizza Point,2025-06-14,Chennai,Biryani,5,1702.2,15,72.34,65,Cash,3.5,Delivered,DP233,255.33,1519.21,1045.1,474.11
ORD103964,CUST1647,REST014,Taste of India,2025-05-08,Hyderabad,Chinese,1,1799.82,5,95.66,15,Cash,4.0,Delivered,DP063,89.99,1805.49,1183.02,622.47
ORD103965,CUST1466,REST092,Urban Tadka,2025-02-14,Pune,Desserts,4,1609.21,20,45.79,40,Debit Card,3.5,Cancelled,DP081,321.84,1333.16,1243.81,89.35
ORD103966,CUST1379,REST030,Royal Kitchen,2025-08-06,Hyderabad,Biryani,5,1361.36,20,77.43,25,Debit Card,4.5,Delivered,DP113,272.27,1166.52,1044.1,122.42
ORD103967,CUST1361,REST004,Spice Hub,2025-08-23,Mumbai,Desserts,5,938.63,25,44.82,75,Credit Card,4.5,Delivered,DP012,234.66,748.79,678.96,69.83
ORD103968,CUST1448,REST039,Royal Kitchen,2025-05-16,Kolkata,Fast Food,4,258.48,25,40.92,29,Debit Card,4.5,Delivered,DP084,64.62,234.78,180.6,54.18
ORD103969,CUST1440,REST084,Royal Kitchen,2025-06-17,Kolkata,Italian,4,1347.15,15,32.15,53,Debit Card,4.0,Delivered,DP098,202.07,1177.23,1034.44,142.79
ORD103970,CUST1092,REST064,Royal Kitchen,2025-08-25,Kolkata,Chinese,3,786.73,0,84.78,54,Cash,3.5,Delivered,DP056,0.0,871.51,458.48,413.03
ORD103971,CUST1620,REST025,Food Junction,2025-04-03,Mumbai,Italian,5,1077.98,0,36.88,62,Credit Card,4.5,Delivered,DP049,0.0,1114.86,674.79,440.07
ORD103972,CUST1752,REST028,Dosa Express,2025-01-05,Chennai,Italian,4,612.9,20,39.07,32,Wallet,4.0,Delivered,DP180,122.58,529.39,415.1,114.29
ORD103973,CUST1866,REST076,Spice Hub,2025-06-05,Kolkata,North Indian,1,526.82,20,99.91,38,Wallet,3.0,Cancelled,DP139,105.36,521.37,388.37,133.0
ORD103974,CUST1423,REST066,Biryani House,2025-09-02,Mumbai,Indian,2,664.82,25,42.82,42,UPI,4.5,Delivered,DP027,166.2,541.44,461.03,80.41
ORD103975,CUST1141,REST078,Pizza Point,2025-12-26,Hyderabad,Biryani,3,1487.23,15,50.94,39,Cash,4.0,Delivered,DP190,223.08,1315.09,1094.66,220.43
ORD103976,CUST1290,REST022,Pizza Point,2025-03-22,Kolkata,South Indian,4,836.51,10,99.15,37,UPI,5.0,Delivered,DP137,83.65,852.01,489.53,362.48
ORD103977,CUST1431,REST031,Sweet Treats,2025-09-04,Delhi,Italian,2,643.67,10,46.39,25,Credit Card,3.5,Cancelled,DP082,64.37,625.69,382.55,243.14
ORD103978,CUST1748,REST023,Royal Kitchen,2025-12-09,Chennai,Desserts,3,847.39,5,46.12,47,Wallet,4.0,Delivered,DP230,42.37,851.14,610.4,240.74
ORD103979,CUST1851,REST048,Dragon Bowl,2025-05-17,Delhi,Fast Food,5,174.24,15,85.36,30,Wallet,4.0,Cancelled,DP036,26.14,233.46,109.79,123.67
ORD103980,CUST1823,REST020,Dragon Bowl,2025-03-04,Ahmedabad,North Indian,2,1616.22,0,41.51,50,Wallet,4.5,Cancelled,DP174,0.0,1657.73,1051.03,606.7
ORD103981,CUST1688,REST038,Pizza Point,2025-11-03,Hyderabad,Desserts,3,1046.96,15,34.87,37,UPI,4.5,Cancelled,DP220,157.04,924.79,766.46,158.33
ORD103982,CUST1652,REST055,Sweet Treats,2025-04-26,Chennai,Fast Food,4,296.11,15,50.97,20,Debit Card,4.5,Delivered,DP212,44.42,302.66,167.63,135.03
ORD103983,CUST1700,REST068,Pizza Point,2025-04-23,Delhi,Desserts,4,604.52,25,74.55,57,UPI,4.0,Delivered,DP118,151.13,527.94,355.84,172.1
ORD103984,CUST1048,REST079,Biryani House,2025-01-31,Chennai,South Indian,3,1772.37,5,18.68,38,Wallet,3.0,Delivered,DP234,88.62,1702.43,1095.39,607.04
ORD103985,CUST1301,REST088,Pizza Point,2025-01-07,Hyderabad,Biryani,5,1116.34,10,46.78,52,Cash,4.0,Delivered,DP157,111.63,1051.49,840.83,210.66
ORD103986,CUST1880,REST089,Dosa Express,2025-01-03,Ahmedabad,Biryani,3,609.56,20,44.43,56,Cash,5.0,Delivered,DP196,121.91,532.08,392.02,140.06
ORD103987,CUST1189,REST001,Curry Corner,2025-11-03,Pune,Chinese,1,836.26,0,35.81,20,UPI,4.0,Delivered,DP079,0.0,872.07,508.43,363.64
ORD103988,CUST1135,REST007,Royal Kitchen,2025-08-31,Kolkata,Chinese,3,554.24,5,70.61,24,UPI,4.5,Delivered,DP041,27.71,597.14,391.31,205.83
ORD103989,CUST1554,REST057,Urban Tadka,2025-02-25,Ahmedabad,Desserts,3,173.43,0,39.65,36,Credit Card,5.0,Delivered,DP236,0.0,213.08,96.59,116.49
ORD103990,CUST1403,REST095,Dosa Express,2025-03-14,Chennai,Chinese,4,1534.61,0,66.57,37,UPI,3.0,Delivered,DP028,0.0,1601.18,1117.62,483.56
ORD103991,CUST1891,REST012,Dragon Bowl,2025-01-10,Kolkata,Biryani,5,611.36,10,57.87,19,UPI,4.5,Delivered,DP192,61.14,608.09,434.38,173.71
ORD103992,CUST1864,REST005,Pizza Point,2025-03-02,Ahmedabad,Italian,3,1528.53,20,33.46,42,Wallet,4.0,Delivered,DP232,305.71,1256.28,860.06,396.22
ORD103993,CUST1601,REST050,Taste of India,2025-02-19,Kolkata,Desserts,2,923.98,20,37.66,73,Debit Card,4.0,Delivered,DP152,184.8,776.84,614.03,162.81
ORD103994,CUST1806,REST042,Royal Kitchen,2025-05-02,Pune,Indian,4,427.26,25,29.5,23,Wallet,4.0,Delivered,DP101,106.82,349.94,274.71,75.23
ORD103995,CUST1340,REST012,Food Junction,2025-06-24,Hyderabad,South Indian,4,1467.14,10,19.81,53,Debit Card,5.0,Delivered,DP144,146.71,1340.24,860.29,479.95
ORD103996,CUST1756,REST018,Curry Corner,2025-01-01,Chennai,North Indian,3,753.55,5,67.63,63,Wallet,4.0,Delivered,DP022,37.68,783.5,441.15,342.35
ORD103997,CUST1703,REST066,Urban Tadka,2025-02-07,Chennai,South Indian,2,1308.99,0,72.19,73,Wallet,3.0,Delivered,DP047,0.0,1381.18,768.18,613.0
ORD103998,CUST1317,REST074,Food Junction,2025-07-09,Pune,South Indian,3,1526.55,5,29.11,58,Credit Card,3.5,Delivered,DP017,76.33,1479.33,1050.15,429.18
ORD103999,CUST1617,REST079,Royal Kitchen,2025-03-20,Mumbai,Chinese,2,1737.82,5,67.31,42,Debit Card,3.5,Cancelled,DP129,86.89,1718.24,1024.19,694.05
ORD104000,CUST1362,REST094,Dosa Express,2025-12-11,Pune,Indian,4,264.17,0,98.48,39,Wallet,5.0,Cancelled,DP159,0.0,362.65,148.91,213.74
ORD104001,CUST1821,REST017,Biryani House,2025-12-04,Pune,Fast Food,2,134.09,0,21.32,57,Wallet,4.0,Delivered,DP089,0.0,155.41,103.28,52.13
ORD104002,CUST1381,REST068,Biryani House,2025-07-09,Pune,Biryani,3,1041.35,15,56.68,52,Debit Card,5.0,Delivered,DP012,156.2,941.83,582.12,359.71
ORD104003,CUST1232,REST071,Food Junction,2025-07-03,Hyderabad,Fast Food,1,563.92,0,77.31,41,Credit Card,5.0,Delivered,DP020,0.0,641.23,396.26,244.97
ORD104004,CUST1776,REST062,Taste of India,2025-03-08,Ahmedabad,Chinese,1,908.09,15,18.91,38,Debit Card,5.0,Delivered,DP147,136.21,790.79,694.95,95.84
ORD104005,CUST1343,REST041,Food Junction,2025-01-17,Bengaluru,Italian,2,242.07,0,81.15,71,Credit Card,4.0,Delivered,DP005,0.0,323.22,135.25,187.97
ORD104006,CUST1548,REST095,Dosa Express,2025-11-12,Pune,North Indian,3,962.67,0,98.26,57,Credit Card,4.0,Delivered,DP015,0.0,1060.93,743.3,317.63
ORD104007,CUST1816,REST034,Food Junction,2025-10-23,Chennai,North Indian,5,329.76,10,22.52,57,Cash,4.5,Delivered,DP233,32.98,319.3,219.47,99.83
ORD104008,CUST1552,REST070,Urban Tadka,2025-07-28,Delhi,Chinese,1,1528.83,5,84.89,60,Credit Card,4.0,Cancelled,DP025,76.44,1537.28,1116.92,420.36
ORD104009,CUST1528,REST045,Royal Kitchen,2025-12-11,Mumbai,Indian,4,1395.94,0,47.18,30,Cash,4.5,Delivered,DP163,0.0,1443.12,968.47,474.65
ORD104010,CUST1855,REST058,Taste of India,2025-02-10,Pune,North Indian,3,244.44,0,27.25,16,UPI,3.0,Delivered,DP108,0.0,271.69,169.12,102.57
ORD104011,CUST1788,REST051,The Food Factory,2025-04-25,Pune,Chinese,3,1525.07,0,56.92,16,Credit Card,5.0,Delivered,DP055,0.0,1581.99,1115.46,466.53
ORD104012,CUST1818,REST034,Spice Hub,2025-04-10,Mumbai,South Indian,1,665.93,10,21.08,19,Debit Card,3.0,Delivered,DP063,66.59,620.42,376.28,244.14
ORD104013,CUST1570,REST044,Royal Kitchen,2025-12-11,Pune,Italian,5,712.8,0,59.38,60,Cash,3.5,Delivered,DP243,0.0,772.18,456.37,315.81
ORD104014,CUST1182,REST015,Dragon Bowl,2025-12-15,Chennai,Italian,4,422.07,10,16.65,35,UPI,4.5,Delivered,DP047,42.21,396.51,326.26,70.25
ORD104015,CUST1040,REST078,The Food Factory,2025-05-19,Bengaluru,Biryani,5,1523.31,15,76.93,74,UPI,3.5,Delivered,DP195,228.5,1371.74,856.95,514.79
ORD104016,CUST1550,REST070,Sweet Treats,2025-11-12,Pune,Biryani,4,799.91,0,56.48,24,Credit Card,3.5,Delivered,DP116,0.0,856.39,488.3,368.09
ORD104017,CUST1396,REST050,Food Junction,2025-11-20,Mumbai,South Indian,1,202.04,10,54.01,56,Debit Card,3.5,Delivered,DP210,20.2,235.85,142.35,93.5
ORD104018,CUST1703,REST032,Biryani House,2025-11-30,Pune,Desserts,3,1743.3,5,31.68,32,Credit Card,3.0,Delivered,DP064,87.16,1687.82,999.09,688.73
ORD104019,CUST1778,REST067,The Food Factory,2025-10-29,Hyderabad,Desserts,4,549.89,0,45.71,40,Wallet,4.0,Delivered,DP022,0.0,595.6,370.32,225.28
ORD104020,CUST1493,REST003,Pizza Point,2025-10-21,Chennai,Italian,3,1692.78,20,30.46,34,UPI,4.0,Delivered,DP208,338.56,1384.68,1208.77,175.91
ORD104021,CUST1658,REST086,Dosa Express,2025-01-17,Chennai,Desserts,2,626.08,10,77.51,55,Wallet,4.5,Delivered,DP207,62.61,640.98,453.41,187.57
ORD104022,CUST1332,REST086,The Food Factory,2025-11-18,Bengaluru,South Indian,2,1516.8,0,31.92,50,Wallet,4.0,Delivered,DP197,0.0,1548.72,1030.02,518.7
ORD104023,CUST1126,REST074,Curry Corner,2025-10-19,Ahmedabad,Italian,1,1235.89,20,67.42,63,Cash,4.0,Cancelled,DP234,247.18,1056.13,822.05,234.08
ORD104024,CUST1557,REST051,Taste of India,2025-03-15,Hyderabad,Desserts,1,1566.96,0,38.77,35,Wallet,4.5,Delivered,DP106,0.0,1605.73,1119.11,486.62
ORD104025,CUST1556,REST067,Royal Kitchen,2025-09-20,Hyderabad,Desserts,1,1759.88,0,70.84,16,UPI,4.0,Cancelled,DP077,0.0,1830.72,1026.65,804.07
ORD104026,CUST1000,REST076,Dosa Express,2025-01-16,Bengaluru,Desserts,2,1584.09,15,60.94,60,UPI,3.5,Delivered,DP242,237.61,1407.42,1119.19,288.23
ORD104027,CUST1167,REST093,Biryani House,2025-01-14,Kolkata,Indian,4,798.16,0,50.99,68,Debit Card,5.0,Delivered,DP220,0.0,849.15,607.74,241.41
ORD104028,CUST1619,REST048,Sweet Treats,2025-12-02,Kolkata,Desserts,5,1488.37,5,72.21,47,Credit Card,4.5,Delivered,DP074,74.42,1486.16,1052.33,433.83
ORD104029,CUST1018,REST017,Dragon Bowl,2025-10-08,Ahmedabad,Desserts,1,1315.57,25,50.34,37,Debit Card,3.0,Delivered,DP080,328.89,1037.02,737.63,299.39
ORD104030,CUST1331,REST007,The Food Factory,2025-12-27,Delhi,Chinese,5,223.49,5,84.82,53,Debit Card,5.0,Delivered,DP127,11.17,297.14,148.93,148.21
ORD104031,CUST1583,REST013,Taste of India,2025-01-04,Ahmedabad,Biryani,5,1682.0,10,77.02,45,Credit Card,4.5,Delivered,DP130,168.2,1590.82,1206.07,384.75
ORD104032,CUST1455,REST066,Spice Hub,2025-05-07,Kolkata,Indian,2,902.81,5,60.95,18,UPI,3.5,Delivered,DP126,45.14,918.62,505.53,413.09
ORD104033,CUST1108,REST004,Taste of India,2025-11-08,Ahmedabad,North Indian,4,345.88,20,89.55,55,Cash,5.0,Delivered,DP114,69.18,366.25,250.87,115.38
ORD104034,CUST1267,REST010,Taste of India,2025-01-06,Pune,Desserts,2,834.64,0,85.45,17,Wallet,4.0,Delivered,DP228,0.0,920.09,513.11,406.98
ORD104035,CUST1444,REST088,Dosa Express,2025-05-09,Hyderabad,Desserts,1,1133.28,0,60.21,51,Cash,5.0,Cancelled,DP115,0.0,1193.49,776.77,416.72
ORD104036,CUST1239,REST017,Spice Hub,2025-08-20,Ahmedabad,Chinese,2,1082.55,0,20.82,67,Wallet,3.5,Delivered,DP153,0.0,1103.37,836.01,267.36
ORD104037,CUST1300,REST052,Taste of India,2025-11-09,Delhi,Desserts,2,1085.65,0,63.11,70,Credit Card,3.5,Delivered,DP061,0.0,1148.76,845.54,303.22
ORD104038,CUST1601,REST006,Curry Corner,2025-07-14,Delhi,Desserts,2,549.81,0,45.2,24,Credit Card,4.5,Delivered,DP005,0.0,595.01,382.62,212.39
ORD104039,CUST1102,REST083,Dragon Bowl,2025-03-06,Chennai,Desserts,1,1182.94,20,60.91,56,Debit Card,3.0,Delivered,DP028,236.59,1007.26,784.34,222.92
ORD104040,CUST1249,REST069,The Food Factory,2025-11-17,Pune,Biryani,1,1644.46,0,70.01,46,Credit Card,3.0,Cancelled,DP081,0.0,1714.47,971.66,742.81
ORD104041,CUST1452,REST096,The Food Factory,2025-04-13,Chennai,North Indian,2,772.96,5,69.81,50,Wallet,4.5,Delivered,DP194,38.65,804.12,462.17,341.95
ORD104042,CUST1519,REST074,Royal Kitchen,2025-10-04,Mumbai,South Indian,2,1179.37,10,72.25,63,Cash,3.5,Delivered,DP015,117.94,1133.68,765.08,368.6
ORD104043,CUST1152,REST009,Curry Corner,2025-06-07,Kolkata,North Indian,5,529.9,25,72.74,41,Cash,5.0,Delivered,DP183,132.48,470.16,377.04,93.12
ORD104044,CUST1858,REST091,The Food Factory,2025-08-12,Chennai,Indian,4,201.11,10,24.29,67,Cash,4.0,Delivered,DP120,20.11,205.29,146.19,59.1
ORD104045,CUST1173,REST077,Taste of India,2025-10-16,Hyderabad,Desserts,5,1104.03,0,31.3,63,Cash,5.0,Delivered,DP038,0.0,1135.33,663.57,471.76
ORD104046,CUST1342,REST083,Sweet Treats,2025-10-05,Hyderabad,Fast Food,4,199.88,20,68.6,33,Debit Card,4.0,Cancelled,DP221,39.98,228.5,134.55,93.95
ORD104047,CUST1669,REST021,Taste of India,2025-07-01,Pune,North Indian,4,1335.62,0,49.69,52,Cash,4.5,Delivered,DP151,0.0,1385.31,916.33,468.98
ORD104048,CUST1430,REST024,Dosa Express,2025-01-04,Delhi,Fast Food,2,1246.19,15,79.84,15,Wallet,4.0,Delivered,DP210,186.93,1139.1,941.38,197.72
ORD104049,CUST1726,REST004,Pizza Point,2025-08-03,Hyderabad,Biryani,5,740.47,20,25.62,40,Debit Card,4.5,Delivered,DP014,148.09,618.0,556.52,61.48
ORD104050,CUST1688,REST024,Royal Kitchen,2025-08-05,Kolkata,Indian,4,810.97,0,31.28,60,Debit Card,4.0,Cancelled,DP032,0.0,842.25,598.49,243.76
ORD104051,CUST1686,REST059,Sweet Treats,2025-07-28,Chennai,North Indian,4,1661.84,0,62.47,27,Debit Card,4.0,Delivered,DP044,0.0,1724.31,1111.49,612.82
ORD104052,CUST1851,REST099,Biryani House,2025-03-15,Kolkata,Desserts,1,142.06,15,57.56,49,Credit Card,3.5,Cancelled,DP198,21.31,178.31,80.26,98.05
ORD104053,CUST1849,REST003,Biryani House,2025-08-15,Ahmedabad,Chinese,4,1066.35,10,37.64,69,Debit Card,3.0,Delivered,DP092,106.64,997.35,668.53,328.82
ORD104054,CUST1657,REST068,Sweet Treats,2025-04-03,Chennai,North Indian,2,1671.25,20,49.71,16,Wallet,4.0,Delivered,DP118,334.25,1386.71,1158.17,228.54
ORD104055,CUST1323,REST040,Taste of India,2025-03-06,Pune,Desserts,3,1655.5,10,17.97,36,Cash,4.5,Delivered,DP116,165.55,1507.92,1153.3,354.62
ORD104056,CUST1672,REST048,Food Junction,2025-11-17,Ahmedabad,Chinese,1,1102.22,25,18.15,53,Credit Card,4.0,Delivered,DP123,275.56,844.81,821.47,23.34
ORD104057,CUST1638,REST054,Pizza Point,2025-01-10,Kolkata,Indian,3,760.47,15,23.07,42,Cash,4.0,Delivered,DP116,114.07,669.47,484.62,184.85
ORD104058,CUST1419,REST035,Curry Corner,2025-10-30,Chennai,Fast Food,2,286.16,0,64.03,58,UPI,5.0,Cancelled,DP210,0.0,350.19,219.03,131.16
ORD104059,CUST1593,REST095,Taste of India,2025-11-18,Kolkata,Indian,3,411.96,25,88.42,16,Credit Card,4.5,Delivered,DP227,102.99,397.39,242.04,155.35
ORD104060,CUST1484,REST056,Sweet Treats,2025-11-01,Bengaluru,Desserts,4,1261.85,0,37.12,25,Wallet,5.0,Delivered,DP186,0.0,1298.97,708.49,590.48
ORD104061,CUST1658,REST089,Food Junction,2025-10-05,Pune,Fast Food,3,147.95,5,17.88,62,Credit Card,5.0,Delivered,DP102,7.4,158.43,87.39,71.04
ORD104062,CUST1750,REST040,Taste of India,2025-03-27,Pune,Fast Food,5,1604.26,10,75.23,73,Debit Card,3.0,Delivered,DP004,160.43,1519.06,1052.93,466.13
ORD104063,CUST1411,REST077,Food Junction,2025-01-26,Hyderabad,South Indian,2,1107.73,10,87.7,51,Credit Card,5.0,Cancelled,DP115,110.77,1084.66,818.91,265.75
ORD104064,CUST1083,REST068,Sweet Treats,2025-08-06,Pune,South Indian,5,195.85,20,26.74,40,Debit Card,3.0,Delivered,DP190,39.17,183.42,114.65,68.77
ORD104065,CUST1112,REST046,Taste of India,2025-04-05,Mumbai,Chinese,3,522.81,25,47.79,42,Cash,5.0,Cancelled,DP241,130.7,439.9,353.46,86.44
ORD104066,CUST1736,REST078,Spice Hub,2025-09-01,Hyderabad,Biryani,5,1118.26,25,28.49,40,Credit Card,4.5,Delivered,DP188,279.56,867.19,814.78,52.41
ORD104067,CUST1331,REST013,The Food Factory,2025-04-17,Hyderabad,Italian,1,179.81,10,24.04,31,Credit Card,4.5,Cancelled,DP223,17.98,185.87,100.34,85.53
ORD104068,CUST1377,REST027,Sweet Treats,2025-09-05,Ahmedabad,Indian,3,1430.38,0,70.09,17,Wallet,4.5,Delivered,DP203,0.0,1500.47,800.37,700.1
ORD104069,CUST1754,REST006,Biryani House,2025-01-14,Ahmedabad,Fast Food,5,1665.47,15,97.24,28,UPI,5.0,Delivered,DP238,249.82,1512.89,1103.93,408.96
ORD104070,CUST1654,REST017,Biryani House,2025-06-10,Kolkata,Desserts,4,1734.85,0,72.64,30,Credit Card,4.5,Delivered,DP059,0.0,1807.49,1027.05,780.44
ORD104071,CUST1040,REST036,Pizza Point,2025-03-12,Bengaluru,Indian,3,1352.55,10,98.71,63,Cash,4.0,Cancelled,DP075,135.26,1316.0,884.07,431.93
ORD104072,CUST1769,REST099,Urban Tadka,2025-06-01,Hyderabad,Biryani,1,1559.47,20,51.92,74,Debit Card,3.5,Cancelled,DP157,311.89,1299.5,873.47,426.03
ORD104073,CUST1796,REST081,Biryani House,2025-03-16,Ahmedabad,Desserts,4,1145.99,0,91.32,65,Cash,4.5,Delivered,DP147,0.0,1237.31,887.78,349.53
ORD104074,CUST1104,REST002,Urban Tadka,2025-08-03,Delhi,Biryani,3,890.35,10,32.43,50,Wallet,3.5,Delivered,DP145,89.04,833.74,623.66,210.08
ORD104075,CUST1201,REST077,Spice Hub,2025-02-20,Chennai,Italian,4,1318.07,0,25.02,42,Credit Card,4.5,Delivered,DP004,0.0,1343.09,933.11,409.98
ORD104076,CUST1449,REST052,Sweet Treats,2025-05-23,Chennai,Desserts,3,496.62,20,74.71,42,UPI,4.5,Delivered,DP172,99.32,472.01,331.36,140.65
ORD104077,CUST1818,REST066,Food Junction,2025-02-05,Pune,North Indian,3,304.44,0,46.57,67,UPI,4.0,Delivered,DP004,0.0,351.01,225.2,125.81
ORD104078,CUST1842,REST052,Royal Kitchen,2025-06-16,Kolkata,Italian,2,1399.91,10,42.0,66,Credit Card,4.5,Delivered,DP187,139.99,1301.92,1038.29,263.63
ORD104079,CUST1265,REST092,Pizza Point,2025-08-24,Bengaluru,Fast Food,5,1729.75,10,72.06,66,UPI,4.5,Delivered,DP140,172.98,1628.83,1014.66,614.17
ORD104080,CUST1209,REST043,The Food Factory,2025-09-17,Chennai,South Indian,3,1090.17,0,43.35,39,Cash,5.0,Cancelled,DP241,0.0,1133.52,792.26,341.26
ORD104081,CUST1562,REST090,Royal Kitchen,2025-07-11,Delhi,North Indian,1,930.67,0,63.67,71,Debit Card,4.0,Cancelled,DP047,0.0,994.34,633.17,361.17
ORD104082,CUST1117,REST022,Curry Corner,2025-07-21,Bengaluru,Italian,5,1017.8,0,40.45,23,Credit Card,5.0,Delivered,DP135,0.0,1058.25,738.26,319.99
ORD104083,CUST1712,REST055,Urban Tadka,2025-09-19,Mumbai,South Indian,2,923.82,20,81.62,25,Debit Card,5.0,Cancelled,DP213,184.76,820.68,703.3,117.38
ORD104084,CUST1376,REST067,The Food Factory,2025-07-04,Chennai,North Indian,5,862.9,0,41.55,51,UPI,5.0,Cancelled,DP225,0.0,904.45,541.1,363.35
ORD104085,CUST1550,REST099,Pizza Point,2025-06-07,Hyderabad,South Indian,5,1711.02,25,60.47,57,Wallet,5.0,Delivered,DP229,427.76,1343.73,1165.73,178.0
ORD104086,CUST1539,REST060,Pizza Point,2025-09-03,Delhi,Fast Food,3,926.0,5,16.97,59,Debit Card,4.5,Delivered,DP140,46.3,896.67,677.02,219.65
ORD104087,CUST1770,REST058,Biryani House,2025-04-20,Kolkata,Desserts,1,256.25,0,82.3,35,Wallet,3.0,Delivered,DP071,0.0,338.55,199.1,139.45
ORD104088,CUST1083,REST012,The Food Factory,2025-04-09,Kolkata,Chinese,3,1406.07,5,67.73,16,Cash,4.5,Delivered,DP054,70.3,1403.5,971.44,432.06
ORD104089,CUST1453,REST088,Taste of India,2025-08-29,Delhi,Desserts,1,777.82,5,31.34,68,Wallet,4.5,Delivered,DP186,38.89,770.27,556.83,213.44
ORD104090,CUST1666,REST069,Dosa Express,2025-07-21,Chennai,South Indian,1,1313.97,25,33.31,48,Debit Card,5.0,Delivered,DP063,328.49,1018.79,978.46,40.33
ORD104091,CUST1628,REST084,Pizza Point,2025-05-02,Ahmedabad,Desserts,4,1093.68,0,37.31,56,Debit Card,4.5,Cancelled,DP143,0.0,1130.99,790.51,340.48
ORD104092,CUST1513,REST039,Urban Tadka,2025-04-27,Ahmedabad,Fast Food,3,1318.14,5,64.01,27,Credit Card,4.5,Delivered,DP165,65.91,1316.24,1010.67,305.57
ORD104093,CUST1604,REST013,Royal Kitchen,2025-04-06,Pune,Italian,2,224.15,20,61.61,19,Wallet,4.5,Cancelled,DP056,44.83,240.93,135.13,105.8
ORD104094,CUST1677,REST041,Curry Corner,2025-08-22,Mumbai,Indian,5,176.91,20,38.28,25,Cash,4.0,Delivered,DP073,35.38,179.81,134.24,45.57
ORD104095,CUST1386,REST057,Curry Corner,2025-03-08,Hyderabad,Italian,4,755.95,0,74.0,43,Credit Card,3.5,Delivered,DP097,0.0,829.95,451.78,378.17
ORD104096,CUST1349,REST053,Dragon Bowl,2025-08-06,Mumbai,Desserts,2,1284.52,15,90.57,61,Credit Card,4.5,Delivered,DP102,192.68,1182.41,873.45,308.96
ORD104097,CUST1295,REST012,Royal Kitchen,2025-01-15,Mumbai,Biryani,3,495.79,15,18.7,42,Cash,4.0,Delivered,DP080,74.37,440.12,332.31,107.81
ORD104098,CUST1257,REST013,Spice Hub,2025-09-30,Chennai,Italian,1,848.11,25,50.46,42,Credit Card,4.0,Delivered,DP031,212.03,686.54,628.62,57.92
ORD104099,CUST1080,REST074,Spice Hub,2025-08-07,Hyderabad,Chinese,3,1767.76,0,65.45,19,Cash,4.5,Delivered,DP015,0.0,1833.21,1134.31,698.9
ORD104100,CUST1267,REST097,Royal Kitchen,2025-10-01,Chennai,Fast Food,3,480.99,0,64.85,34,UPI,4.5,Delivered,DP130,0.0,545.84,280.38,265.46
ORD104101,CUST1418,REST057,Biryani House,2025-05-27,Chennai,South Indian,4,1544.55,0,16.66,51,Credit Card,4.5,Delivered,DP013,0.0,1561.21,1100.59,460.62
ORD104102,CUST1234,REST040,Taste of India,2025-11-28,Pune,Biryani,2,1506.77,0,32.9,53,Debit Card,5.0,Delivered,DP248,0.0,1539.67,1038.96,500.71
ORD104103,CUST1832,REST080,Biryani House,2025-12-10,Delhi,Fast Food,4,1617.47,0,20.26,24,UPI,4.0,Cancelled,DP005,0.0,1637.73,1197.29,440.44
ORD104104,CUST1310,REST045,Curry Corner,2025-06-01,Kolkata,Fast Food,2,1657.44,20,63.36,46,Credit Card,4.0,Delivered,DP176,331.49,1389.31,1200.79,188.52
ORD104105,CUST1812,REST035,Food Junction,2025-12-13,Pune,South Indian,4,972.3,20,69.86,43,Cash,4.5,Delivered,DP161,194.46,847.7,734.87,112.83
ORD104106,CUST1356,REST003,Curry Corner,2025-10-31,Kolkata,North Indian,5,1265.65,10,28.58,16,UPI,5.0,Cancelled,DP032,126.56,1167.67,940.37,227.3
ORD104107,CUST1212,REST005,Pizza Point,2025-01-15,Pune,Italian,1,1159.74,15,43.31,15,UPI,4.5,Delivered,DP181,173.96,1029.09,820.85,208.24
ORD104108,CUST1573,REST090,The Food Factory,2025-12-20,Chennai,Indian,1,639.03,15,43.03,34,Debit Card,3.0,Delivered,DP106,95.85,586.21,419.91,166.3
ORD104109,CUST1048,REST011,The Food Factory,2025-03-25,Pune,North Indian,1,590.04,25,84.68,69,Credit Card,4.5,Delivered,DP240,147.51,527.21,327.29,199.92
ORD104110,CUST1126,REST071,Pizza Point,2025-07-11,Kolkata,Biryani,5,693.84,0,31.55,15,Credit Card,5.0,Delivered,DP237,0.0,725.39,430.7,294.69
ORD104111,CUST1222,REST056,Pizza Point,2025-02-10,Pune,South Indian,5,487.01,15,61.61,18,Cash,4.0,Delivered,DP021,73.05,475.57,349.35,126.22
ORD104112,CUST1278,REST010,Curry Corner,2025-12-18,Bengaluru,Chinese,1,1392.4,0,81.55,29,UPI,3.0,Delivered,DP194,0.0,1473.95,784.88,689.07
ORD104113,CUST1407,REST034,The Food Factory,2025-11-20,Hyderabad,Chinese,1,1740.48,0,85.51,61,Debit Card,4.5,Delivered,DP228,0.0,1825.99,1260.14,565.85
ORD104114,CUST1504,REST067,The Food Factory,2025-09-18,Delhi,Indian,2,1577.86,15,71.66,44,Cash,3.0,Delivered,DP189,236.68,1412.84,1055.22,357.62
ORD104115,CUST1293,REST072,Sweet Treats,2025-11-05,Kolkata,Indian,2,486.14,15,40.46,20,Cash,4.0,Cancelled,DP182,72.92,453.68,364.41,89.27
ORD104116,CUST1795,REST031,Dragon Bowl,2025-05-16,Hyderabad,Italian,3,207.22,10,84.96,52,Debit Card,3.0,Delivered,DP225,20.72,271.46,145.42,126.04
ORD104117,CUST1276,REST075,The Food Factory,2025-10-05,Delhi,Chinese,4,1391.92,25,78.08,15,Credit Card,4.0,Delivered,DP203,347.98,1122.02,1021.17,100.85
ORD104118,CUST1437,REST071,Pizza Point,2025-04-16,Ahmedabad,Biryani,2,775.56,5,74.88,21,Debit Card,4.0,Delivered,DP041,38.78,811.66,457.15,354.51
ORD104119,CUST1106,REST066,Spice Hub,2025-01-07,Bengaluru,Desserts,2,1505.35,10,20.72,19,Credit Card,3.5,Delivered,DP087,150.54,1375.53,887.81,487.72
ORD104120,CUST1657,REST070,Taste of India,2025-10-29,Chennai,South Indian,2,1429.12,10,18.68,68,Wallet,3.5,Delivered,DP166,142.91,1304.89,855.4,449.49
ORD104121,CUST1419,REST041,Food Junction,2025-01-30,Ahmedabad,Indian,2,1170.69,15,74.11,63,UPI,5.0,Delivered,DP161,175.6,1069.2,733.63,335.57
ORD104122,CUST1610,REST063,Royal Kitchen,2025-05-06,Kolkata,Indian,5,548.97,25,95.31,21,Debit Card,3.0,Delivered,DP232,137.24,507.04,416.13,90.91
ORD104123,CUST1428,REST032,Pizza Point,2025-12-23,Ahmedabad,Indian,3,294.78,20,80.77,50,Cash,4.5,Delivered,DP136,58.96,316.59,214.63,101.96
ORD104124,CUST1374,REST020,Dragon Bowl,2025-03-20,Delhi,Desserts,2,544.45,25,85.68,17,Credit Card,5.0,Delivered,DP228,136.11,494.02,345.11,148.91
ORD104125,CUST1072,REST057,The Food Factory,2025-03-08,Delhi,South Indian,4,976.4,10,61.32,26,UPI,3.5,Delivered,DP036,97.64,940.08,743.29,196.79
ORD104126,CUST1633,REST098,Urban Tadka,2025-01-23,Delhi,Biryani,2,1765.5,20,40.89,73,UPI,3.5,Delivered,DP033,353.1,1453.29,1287.32,165.97
ORD104127,CUST1029,REST050,Curry Corner,2025-07-08,Bengaluru,Chinese,5,226.99,15,72.61,75,Debit Card,4.5,Delivered,DP029,34.05,265.55,159.1,106.45
ORD104128,CUST1187,REST080,Curry Corner,2025-03-15,Ahmedabad,Desserts,1,456.12,0,75.52,29,Cash,4.0,Delivered,DP095,0.0,531.64,296.67,234.97
ORD104129,CUST1363,REST025,Taste of India,2025-01-05,Hyderabad,Desserts,1,1173.83,0,72.41,34,Debit Card,4.0,Delivered,DP057,0.0,1246.24,821.54,424.7
ORD104130,CUST1865,REST012,Pizza Point,2025-03-23,Bengaluru,North Indian,3,631.33,5,95.47,55,Cash,5.0,Delivered,DP222,31.57,695.23,433.37,261.86
ORD104131,CUST1799,REST071,Taste of India,2025-01-25,Delhi,Biryani,1,1562.29,20,46.21,35,Wallet,3.5,Cancelled,DP072,312.46,1296.04,1140.2,155.84
ORD104132,CUST1450,REST039,Spice Hub,2025-09-21,Pune,South Indian,2,354.22,0,18.37,46,Debit Card,4.5,Delivered,DP189,0.0,372.59,213.2,159.39
ORD104133,CUST1194,REST017,Dosa Express,2025-01-02,Delhi,Biryani,5,1738.1,20,92.22,26,Credit Card,5.0,Delivered,DP090,347.62,1482.7,1309.98,172.72
ORD104134,CUST1155,REST045,Biryani House,2025-10-05,Pune,Italian,3,1652.79,0,28.64,51,Debit Card,3.0,Delivered,DP215,0.0,1681.43,1134.03,547.4
ORD104135,CUST1171,REST011,Urban Tadka,2025-11-24,Chennai,North Indian,2,1611.05,0,74.27,54,Debit Card,3.0,Delivered,DP114,0.0,1685.32,1185.02,500.3
ORD104136,CUST1846,REST070,Biryani House,2025-12-09,Bengaluru,South Indian,1,410.76,25,89.22,61,Wallet,4.5,Delivered,DP183,102.69,397.29,258.73,138.56
ORD104137,CUST1040,REST023,Dosa Express,2025-08-12,Pune,North Indian,4,673.55,5,41.36,21,Wallet,5.0,Cancelled,DP180,33.68,681.23,431.17,250.06
ORD104138,CUST1062,REST091,Urban Tadka,2025-03-13,Bengaluru,North Indian,2,1470.88,10,85.59,65,Debit Card,4.0,Delivered,DP115,147.09,1409.38,1126.07,283.31
ORD104139,CUST1022,REST070,Biryani House,2025-03-09,Mumbai,Indian,4,1477.12,0,43.22,59,Cash,4.0,Delivered,DP171,0.0,1520.34,1023.72,496.62
ORD104140,CUST1359,REST038,Urban Tadka,2025-11-16,Hyderabad,Chinese,4,1304.69,5,82.51,45,Wallet,3.5,Cancelled,DP126,65.23,1321.97,812.93,509.04
ORD104141,CUST1074,REST002,Taste of India,2025-04-04,Mumbai,North Indian,3,872.73,20,20.94,15,Wallet,4.0,Delivered,DP124,174.55,719.12,496.49,222.63
ORD104142,CUST1559,REST086,Food Junction,2025-01-19,Pune,Italian,5,643.47,20,70.7,74,Cash,3.0,Delivered,DP154,128.69,585.48,418.19,167.29
ORD104143,CUST1671,REST084,Sweet Treats,2025-05-08,Mumbai,Italian,1,1737.77,20,72.56,25,UPI,4.0,Delivered,DP116,347.55,1462.78,1295.14,167.64
ORD104144,CUST1824,REST089,Urban Tadka,2025-12-09,Ahmedabad,South Indian,1,353.96,25,56.77,59,Wallet,4.5,Delivered,DP234,88.49,322.24,215.15,107.09
ORD104145,CUST1117,REST079,Dosa Express,2025-03-23,Kolkata,Fast Food,2,193.51,20,73.4,48,Wallet,5.0,Delivered,DP230,38.7,228.21,144.72,83.49
ORD104146,CUST1611,REST093,Taste of India,2025-09-11,Hyderabad,Desserts,1,135.34,20,93.47,33,Cash,5.0,Cancelled,DP103,27.07,201.74,79.47,122.27
ORD104147,CUST1379,REST072,Sweet Treats,2025-08-09,Pune,Indian,3,1422.05,15,77.38,25,Cash,5.0,Delivered,DP002,213.31,1286.12,824.62,461.5
ORD104148,CUST1678,REST037,Taste of India,2025-12-09,Chennai,Chinese,1,215.26,0,96.71,47,Debit Card,4.0,Delivered,DP183,0.0,311.97,148.38,163.59
ORD104149,CUST1289,REST049,Spice Hub,2025-04-07,Ahmedabad,Chinese,2,1024.92,25,53.13,47,Debit Card,3.5,Delivered,DP090,256.23,821.82,753.38,68.44
ORD104150,CUST1439,REST052,The Food Factory,2025-02-21,Chennai,Chinese,1,737.05,0,59.9,22,UPI,4.5,Delivered,DP018,0.0,796.95,537.61,259.34
ORD104151,CUST1667,REST033,Curry Corner,2025-06-24,Hyderabad,Desserts,5,366.81,10,37.42,59,UPI,4.5,Cancelled,DP219,36.68,367.55,247.61,119.94
ORD104152,CUST1006,REST022,Spice Hub,2025-12-04,Hyderabad,South Indian,4,1364.2,25,98.78,22,UPI,4.5,Delivered,DP178,341.05,1121.93,950.71,171.22
ORD104153,CUST1195,REST005,Dosa Express,2025-07-01,Pune,Indian,4,212.41,10,19.69,48,Credit Card,3.5,Delivered,DP209,21.24,210.86,129.44,81.42
ORD104154,CUST1420,REST018,Pizza Point,2025-12-19,Bengaluru,North Indian,4,654.9,25,45.48,54,Cash,4.5,Cancelled,DP045,163.72,536.66,443.22,93.44
ORD104155,CUST1567,REST038,Royal Kitchen,2025-04-25,Kolkata,North Indian,5,1064.48,15,40.3,41,Wallet,3.5,Delivered,DP015,159.67,945.11,636.32,308.79
ORD104156,CUST1832,REST037,Pizza Point,2025-12-14,Pune,South Indian,3,796.06,0,47.85,43,Cash,4.0,Delivered,DP235,0.0,843.91,607.81,236.1
ORD104157,CUST1192,REST094,Curry Corner,2025-01-01,Ahmedabad,Chinese,2,555.37,25,93.01,28,Cash,3.0,Delivered,DP135,138.84,509.54,392.07,117.47
ORD104158,CUST1558,REST095,Taste of India,2025-03-04,Bengaluru,Desserts,5,1675.68,10,46.28,48,UPI,5.0,Delivered,DP209,167.57,1554.39,1139.24,415.15
ORD104159,CUST1147,REST064,Food Junction,2025-09-05,Bengaluru,North Indian,2,1684.03,25,92.94,59,Cash,3.0,Delivered,DP211,421.01,1355.96,1021.94,334.02
ORD104160,CUST1786,REST010,Royal Kitchen,2025-08-19,Bengaluru,Biryani,3,819.04,5,50.98,73,Credit Card,5.0,Cancelled,DP155,40.95,829.07,527.51,301.56
ORD104161,CUST1668,REST079,Dosa Express,2025-08-14,Pune,Biryani,5,781.49,20,87.66,51,Wallet,5.0,Cancelled,DP040,156.3,712.85,570.06,142.79
ORD104162,CUST1201,REST042,Curry Corner,2025-01-19,Delhi,Desserts,1,636.41,20,59.35,15,UPI,4.5,Delivered,DP017,127.28,568.48,385.07,183.41
ORD104163,CUST1443,REST048,Dragon Bowl,2025-01-31,Delhi,Desserts,3,1557.67,0,41.46,23,Debit Card,5.0,Delivered,DP160,0.0,1599.13,902.88,696.25
ORD104164,CUST1418,REST044,Sweet Treats,2025-11-29,Chennai,Indian,4,1074.1,20,53.19,66,Wallet,3.0,Delivered,DP144,214.82,912.47,666.68,245.79
ORD104165,CUST1426,REST082,Sweet Treats,2025-05-01,Delhi,Chinese,5,270.4,20,51.07,24,Debit Card,4.5,Delivered,DP191,54.08,267.39,198.13,69.26
ORD104166,CUST1478,REST087,Pizza Point,2025-01-24,Delhi,South Indian,3,1553.58,5,37.09,44,Debit Card,5.0,Delivered,DP222,77.68,1512.99,1170.03,342.96
ORD104167,CUST1474,REST097,The Food Factory,2025-11-21,Bengaluru,Desserts,3,1018.61,0,39.62,57,Cash,3.5,Delivered,DP078,0.0,1058.23,657.31,400.92
ORD104168,CUST1125,REST016,Royal Kitchen,2025-07-30,Bengaluru,Desserts,5,818.19,15,30.85,32,Wallet,4.5,Delivered,DP246,122.73,726.31,597.02,129.29
ORD104169,CUST1394,REST054,Dragon Bowl,2025-06-10,Hyderabad,Fast Food,4,687.61,10,43.56,31,Credit Card,4.0,Delivered,DP188,68.76,662.41,430.73,231.68
ORD104170,CUST1816,REST035,Taste of India,2025-09-12,Bengaluru,Desserts,4,287.04,0,68.07,20,Cash,4.0,Cancelled,DP242,0.0,355.11,191.46,163.65
ORD104171,CUST1880,REST098,Pizza Point,2025-02-28,Pune,Fast Food,3,1727.26,10,47.86,25,Debit Card,5.0,Delivered,DP105,172.73,1602.39,958.01,644.38
ORD104172,CUST1805,REST028,Food Junction,2025-04-24,Hyderabad,Fast Food,2,1365.29,0,75.55,38,Wallet,4.5,Delivered,DP082,0.0,1440.84,974.49,466.35
ORD104173,CUST1575,REST002,Royal Kitchen,2025-06-09,Kolkata,Biryani,3,341.39,20,98.89,50,Cash,3.5,Delivered,DP086,68.28,372.0,244.2,127.8
ORD104174,CUST1324,REST094,Curry Corner,2025-08-08,Hyderabad,South Indian,5,978.93,10,47.05,47,Wallet,5.0,Delivered,DP180,97.89,928.09,560.97,367.12
ORD104175,CUST1391,REST013,Urban Tadka,2025-12-23,Ahmedabad,Fast Food,5,1053.37,15,54.32,47,UPI,3.5,Delivered,DP249,158.01,949.68,666.28,283.4
ORD104176,CUST1687,REST041,Food Junction,2025-06-18,Delhi,Chinese,5,402.05,0,28.95,68,Credit Card,5.0,Cancelled,DP080,0.0,431.0,265.84,165.16
ORD104177,CUST1627,REST080,Royal Kitchen,2025-01-12,Ahmedabad,Chinese,4,837.73,5,48.34,32,Credit Card,5.0,Delivered,DP049,41.89,844.18,609.9,234.28
ORD104178,CUST1439,REST059,Urban Tadka,2025-08-30,Bengaluru,Fast Food,1,1204.85,0,76.78,19,Credit Card,5.0,Delivered,DP049,0.0,1281.63,890.9,390.73
ORD104179,CUST1203,REST069,Taste of India,2025-05-19,Delhi,Italian,5,597.14,5,33.48,45,Debit Card,4.5,Delivered,DP208,29.86,600.76,427.2,173.56
ORD104180,CUST1485,REST092,Curry Corner,2025-04-07,Bengaluru,Fast Food,5,677.1,5,30.47,30,Debit Card,4.5,Cancelled,DP154,33.85,673.72,406.02,267.7
ORD104181,CUST1832,REST053,Dragon Bowl,2025-05-27,Delhi,Italian,2,325.01,10,46.99,16,Credit Card,4.5,Delivered,DP179,32.5,339.5,205.39,134.11
ORD104182,CUST1030,REST045,Sweet Treats,2025-07-01,Kolkata,Indian,2,814.24,0,84.59,23,Wallet,4.0,Delivered,DP043,0.0,898.83,494.15,404.68
ORD104183,CUST1387,REST020,Dragon Bowl,2025-02-26,Delhi,Indian,3,1100.88,10,68.01,16,UPI,4.0,Delivered,DP070,110.09,1058.8,766.82,291.98
ORD104184,CUST1624,REST024,Dragon Bowl,2025-02-11,Delhi,Chinese,3,315.76,5,96.39,51,Debit Card,4.0,Delivered,DP243,15.79,396.36,220.68,175.68
ORD104185,CUST1876,REST061,Dragon Bowl,2025-12-20,Pune,South Indian,3,1152.84,20,91.89,34,Cash,4.5,Cancelled,DP071,230.57,1014.16,638.35,375.81
ORD104186,CUST1433,REST091,Sweet Treats,2025-07-18,Kolkata,Biryani,5,788.29,25,27.85,73,Cash,4.5,Delivered,DP009,197.07,619.07,566.22,52.85
ORD104187,CUST1836,REST094,Spice Hub,2025-01-31,Ahmedabad,South Indian,2,1259.35,15,18.62,31,Debit Card,4.5,Delivered,DP172,188.9,1089.07,759.12,329.95
ORD104188,CUST1375,REST058,Sweet Treats,2025-06-29,Chennai,Chinese,3,648.93,0,48.92,72,Credit Card,4.5,Delivered,DP192,0.0,697.85,476.52,221.33
ORD104189,CUST1343,REST027,Dosa Express,2025-01-02,Kolkata,Chinese,2,1075.08,0,59.38,39,Wallet,4.5,Delivered,DP090,0.0,1134.46,797.22,337.24
ORD104190,CUST1442,REST026,Spice Hub,2025-10-15,Delhi,South Indian,5,1149.51,20,58.82,33,UPI,4.5,Delivered,DP002,229.9,978.43,842.94,135.49
ORD104191,CUST1578,REST007,Spice Hub,2025-05-18,Mumbai,Biryani,5,1280.05,5,26.4,56,Cash,3.5,Delivered,DP164,64.0,1242.45,824.18,418.27
ORD104192,CUST1074,REST042,Royal Kitchen,2025-04-15,Mumbai,Chinese,3,1391.66,10,25.61,22,Debit Card,4.0,Delivered,DP003,139.17,1278.1,876.9,401.2
ORD104193,CUST1556,REST047,Sweet Treats,2025-08-06,Mumbai,North Indian,5,349.07,20,18.98,66,Wallet,4.0,Delivered,DP182,69.81,298.24,226.92,71.32
ORD104194,CUST1771,REST053,Pizza Point,2025-08-10,Pune,North Indian,5,1741.61,15,87.32,25,Credit Card,4.5,Cancelled,DP149,261.24,1567.69,1169.08,398.61
ORD104195,CUST1665,REST059,The Food Factory,2025-11-27,Hyderabad,Biryani,2,1537.32,0,95.56,27,UPI,3.0,Delivered,DP236,0.0,1632.88,933.89,698.99
ORD104196,CUST1154,REST038,The Food Factory,2025-04-15,Ahmedabad,Chinese,1,1064.7,10,24.83,27,UPI,4.5,Delivered,DP195,106.47,983.06,813.73,169.33
ORD104197,CUST1429,REST069,Royal Kitchen,2025-05-07,Delhi,North Indian,4,1615.8,0,33.12,23,Cash,3.5,Delivered,DP009,0.0,1648.92,1076.02,572.9
ORD104198,CUST1362,REST087,Dosa Express,2025-09-22,Kolkata,Indian,3,762.49,20,22.64,19,Cash,4.0,Delivered,DP012,152.5,632.63,432.21,200.42
ORD104199,CUST1447,REST092,Biryani House,2025-07-19,Mumbai,Italian,1,177.6,10,89.59,32,Debit Card,4.5,Delivered,DP200,17.76,249.43,138.41,111.02
ORD104200,CUST1233,REST098,Pizza Point,2025-09-09,Pune,Chinese,3,1341.41,0,96.49,54,UPI,3.0,Delivered,DP243,0.0,1437.9,887.13,550.77
ORD104201,CUST1562,REST053,Biryani House,2025-01-15,Hyderabad,Italian,1,1704.82,25,37.25,75,Credit Card,4.5,Delivered,DP250,426.2,1315.87,1308.97,6.9
ORD104202,CUST1817,REST015,Urban Tadka,2025-08-14,Ahmedabad,Fast Food,5,391.92,25,40.8,66,Credit Card,5.0,Cancelled,DP165,97.98,334.74,250.74,84.0
ORD104203,CUST1261,REST096,Dragon Bowl,2025-12-19,Mumbai,North Indian,3,1201.71,15,45.83,28,Debit Card,4.5,Delivered,DP213,180.26,1067.28,723.06,344.22
ORD104204,CUST1826,REST026,Pizza Point,2025-04-15,Bengaluru,Chinese,1,1486.55,25,57.71,48,UPI,4.5,Delivered,DP165,371.64,1172.62,1069.55,103.07
ORD104205,CUST1124,REST048,Royal Kitchen,2025-08-21,Chennai,Indian,4,1640.51,25,73.01,36,Cash,4.5,Delivered,DP104,410.13,1303.39,1065.47,237.92
ORD104206,CUST1244,REST095,Curry Corner,2025-11-15,Delhi,Biryani,5,584.57,20,57.87,62,Credit Card,4.0,Delivered,DP195,116.91,525.53,440.03,85.5
ORD104207,CUST1541,REST019,Biryani House,2025-08-07,Chennai,Indian,3,336.27,15,95.84,47,Wallet,4.5,Delivered,DP243,50.44,381.67,220.87,160.8
ORD104208,CUST1484,REST009,Dosa Express,2025-10-04,Chennai,Italian,3,536.39,0,23.49,38,Debit Card,4.0,Delivered,DP056,0.0,559.88,336.76,223.12
ORD104209,CUST1121,REST064,Dosa Express,2025-09-18,Bengaluru,Biryani,1,1090.57,0,82.88,71,Credit Card,4.0,Delivered,DP105,0.0,1173.45,842.29,331.16
ORD104210,CUST1124,REST093,Pizza Point,2025-12-07,Bengaluru,Indian,3,1663.46,25,43.43,69,Wallet,3.5,Delivered,DP213,415.86,1291.03,1232.6,58.43
ORD104211,CUST1548,REST054,Spice Hub,2025-12-02,Bengaluru,Indian,5,1098.66,5,47.09,43,Wallet,4.5,Delivered,DP063,54.93,1090.82,656.22,434.6
ORD104212,CUST1169,REST051,Curry Corner,2025-07-09,Hyderabad,Indian,2,1664.96,0,75.25,27,Credit Card,4.5,Delivered,DP154,0.0,1740.21,1102.93,637.28
ORD104213,CUST1123,REST039,Taste of India,2025-07-17,Mumbai,South Indian,1,1413.66,5,94.0,71,Debit Card,5.0,Delivered,DP216,70.68,1436.98,814.36,622.62
ORD104214,CUST1868,REST004,Curry Corner,2025-12-19,Kolkata,Desserts,4,1125.29,10,75.88,64,Wallet,4.0,Delivered,DP046,112.53,1088.64,646.8,441.84
ORD104215,CUST1034,REST003,Royal Kitchen,2025-10-04,Delhi,Biryani,3,156.62,0,80.95,41,Wallet,4.0,Delivered,DP181,0.0,237.57,116.88,120.69
ORD104216,CUST1086,REST064,Dosa Express,2025-12-02,Bengaluru,Indian,5,679.57,5,78.82,15,UPI,4.5,Delivered,DP060,33.98,724.41,519.41,205.0
ORD104217,CUST1645,REST029,Urban Tadka,2025-02-08,Pune,Desserts,3,216.53,0,42.28,21,UPI,4.5,Delivered,DP244,0.0,258.81,155.89,102.92
ORD104218,CUST1707,REST011,Dragon Bowl,2025-06-11,Ahmedabad,North Indian,4,661.37,0,79.34,18,UPI,4.0,Cancelled,DP226,0.0,740.71,514.23,226.48
ORD104219,CUST1785,REST097,Biryani House,2025-05-01,Delhi,North Indian,5,224.72,0,81.68,24,Wallet,4.0,Delivered,DP032,0.0,306.4,125.94,180.46
ORD104220,CUST1200,REST058,Biryani House,2025-09-19,Ahmedabad,Indian,4,401.93,20,60.34,54,Wallet,4.5,Delivered,DP091,80.39,381.88,251.71,130.17
ORD104221,CUST1368,REST075,Urban Tadka,2025-08-04,Kolkata,Italian,5,809.95,5,60.62,49,Debit Card,4.0,Delivered,DP190,40.5,830.07,470.09,359.98
ORD104222,CUST1796,REST027,Food Junction,2025-11-08,Delhi,Indian,2,985.01,15,79.58,69,Cash,4.5,Delivered,DP175,147.75,916.84,718.92,197.92
ORD104223,CUST1076,REST097,Dragon Bowl,2025-02-18,Delhi,North Indian,5,484.8,0,84.45,53,UPI,4.5,Delivered,DP061,0.0,569.25,365.92,203.33
ORD104224,CUST1058,REST021,Pizza Point,2025-04-02,Bengaluru,Indian,4,1350.73,25,43.66,73,Cash,3.5,Delivered,DP094,337.68,1056.71,881.81,174.9
ORD104225,CUST1430,REST039,Royal Kitchen,2025-05-09,Bengaluru,Fast Food,1,1111.81,10,83.13,72,UPI,3.5,Cancelled,DP132,111.18,1083.76,823.54,260.22
ORD104226,CUST1637,REST095,Dosa Express,2025-11-17,Mumbai,Desserts,2,1282.16,5,84.21,71,UPI,5.0,Delivered,DP130,64.11,1302.26,955.15,347.11
ORD104227,CUST1499,REST046,The Food Factory,2025-01-28,Kolkata,Biryani,3,1351.05,5,34.9,30,Debit Card,4.0,Delivered,DP151,67.55,1318.4,786.49,531.91
ORD104228,CUST1108,REST066,Sweet Treats,2025-12-22,Bengaluru,Fast Food,2,1341.23,0,75.94,41,Debit Card,3.0,Delivered,DP055,0.0,1417.17,853.97,563.2
ORD104229,CUST1735,REST091,Urban Tadka,2025-05-28,Bengaluru,Desserts,2,1692.87,20,30.86,34,Credit Card,4.5,Delivered,DP041,338.57,1385.16,1004.29,380.87
ORD104230,CUST1277,REST036,Urban Tadka,2025-11-24,Delhi,Desserts,3,518.53,5,22.91,24,UPI,4.5,Cancelled,DP196,25.93,515.51,365.1,150.41
ORD104231,CUST1067,REST075,Curry Corner,2025-03-06,Mumbai,South Indian,5,573.86,5,63.84,59,UPI,4.5,Cancelled,DP165,28.69,609.01,366.75,242.26
ORD104232,CUST1068,REST082,Pizza Point,2025-08-06,Chennai,Italian,2,278.26,10,92.24,47,UPI,4.5,Cancelled,DP139,27.83,342.67,195.78,146.89
ORD104233,CUST1164,REST065,Pizza Point,2025-02-20,Bengaluru,Desserts,2,1115.55,20,18.01,21,Debit Card,5.0,Cancelled,DP164,223.11,910.45,838.28,72.17
ORD104234,CUST1488,REST063,The Food Factory,2025-11-01,Pune,Fast Food,1,783.91,10,85.25,56,UPI,3.5,Delivered,DP228,78.39,790.77,505.57,285.2
ORD104235,CUST1304,REST099,Sweet Treats,2025-03-15,Bengaluru,South Indian,1,953.61,15,58.05,58,Credit Card,4.5,Cancelled,DP015,143.04,868.62,737.66,130.96
ORD104236,CUST1673,REST035,Pizza Point,2025-07-18,Chennai,Chinese,4,405.3,10,88.18,60,Wallet,4.5,Delivered,DP101,40.53,452.95,261.01,191.94
ORD104237,CUST1364,REST031,Spice Hub,2025-07-11,Delhi,Biryani,3,1210.42,25,86.7,36,Credit Card,3.0,Delivered,DP067,302.6,994.52,725.23,269.29
ORD104238,CUST1853,REST028,Dosa Express,2025-07-08,Kolkata,Indian,5,1159.95,15,89.4,57,Wallet,4.0,Delivered,DP112,173.99,1075.36,779.18,296.18
ORD104239,CUST1820,REST001,Royal Kitchen,2025-01-12,Mumbai,Fast Food,5,564.84,10,80.35,31,Debit Card,4.5,Delivered,DP158,56.48,588.71,362.5,226.21
ORD104240,CUST1378,REST025,Spice Hub,2025-08-27,Delhi,Fast Food,4,901.9,15,86.65,23,Cash,4.0,Delivered,DP057,135.28,853.27,521.97,331.3
ORD104241,CUST1342,REST043,Food Junction,2025-12-26,Kolkata,Indian,5,1622.43,20,29.96,72,Debit Card,5.0,Delivered,DP190,324.49,1327.9,900.99,426.91
ORD104242,CUST1898,REST084,Royal Kitchen,2025-03-22,Hyderabad,Indian,5,1419.48,10,40.83,54,Cash,4.5,Delivered,DP215,141.95,1318.36,1023.62,294.74
ORD104243,CUST1553,REST067,Dosa Express,2025-09-27,Bengaluru,Italian,1,501.27,10,35.61,24,Wallet,4.5,Delivered,DP033,50.13,486.75,383.25,103.5
ORD104244,CUST1353,REST063,Dragon Bowl,2025-10-17,Kolkata,Fast Food,5,1596.48,0,78.11,50,Cash,5.0,Delivered,DP065,0.0,1674.59,1039.8,634.79
ORD104245,CUST1415,REST051,Taste of India,2025-02-17,Pune,Fast Food,5,233.09,10,28.06,45,Wallet,4.5,Delivered,DP001,23.31,237.84,131.71,106.13
ORD104246,CUST1108,REST002,Dosa Express,2025-11-13,Kolkata,North Indian,4,815.4,15,30.49,45,Cash,4.5,Delivered,DP131,122.31,723.58,587.37,136.21
ORD104247,CUST1562,REST082,Dosa Express,2025-07-28,Hyderabad,Desserts,4,254.6,0,89.71,19,Wallet,4.5,Delivered,DP009,0.0,344.31,190.8,153.51
ORD104248,CUST1761,REST064,The Food Factory,2025-02-04,Bengaluru,Chinese,2,1672.68,15,75.0,70,Cash,4.5,Delivered,DP032,250.9,1496.78,1044.49,452.29
ORD104249,CUST1496,REST074,Dragon Bowl,2025-04-29,Hyderabad,North Indian,5,188.38,10,89.41,32,Wallet,4.5,Cancelled,DP077,18.84,258.95,113.23,145.72
ORD104250,CUST1340,REST069,Spice Hub,2025-03-06,Chennai,South Indian,5,374.08,10,26.85,20,Credit Card,3.5,Delivered,DP248,37.41,363.52,234.74,128.78
ORD104251,CUST1382,REST009,Sweet Treats,2025-11-11,Bengaluru,Chinese,5,1657.27,15,48.91,56,UPI,5.0,Delivered,DP045,248.59,1457.59,1257.72,199.87
ORD104252,CUST1532,REST002,Curry Corner,2025-08-30,Pune,North Indian,1,1098.02,20,39.07,64,Credit Card,4.0,Delivered,DP095,219.6,917.49,709.46,208.03
ORD104253,CUST1299,REST034,The Food Factory,2025-02-05,Bengaluru,Fast Food,5,1455.92,20,15.82,42,Debit Card,4.5,Delivered,DP185,291.18,1180.56,1019.81,160.75
ORD104254,CUST1138,REST060,Dosa Express,2025-09-09,Hyderabad,Chinese,1,147.56,25,39.18,57,Cash,4.0,Delivered,DP021,36.89,149.85,83.68,66.17
ORD104255,CUST1358,REST061,Curry Corner,2025-08-31,Ahmedabad,Fast Food,2,824.08,20,47.26,38,Wallet,4.5,Delivered,DP023,164.82,706.52,506.61,199.91
ORD104256,CUST1835,REST031,Royal Kitchen,2025-02-11,Mumbai,Biryani,3,1773.9,5,22.84,19,Credit Card,5.0,Delivered,DP205,88.7,1708.04,1068.68,639.36
ORD104257,CUST1498,REST010,Dragon Bowl,2025-03-10,Hyderabad,Italian,5,1094.1,0,63.15,42,Credit Card,5.0,Delivered,DP154,0.0,1157.25,617.51,539.74
ORD104258,CUST1384,REST076,Royal Kitchen,2025-04-17,Bengaluru,Chinese,4,1547.47,0,47.57,72,Wallet,4.5,Cancelled,DP217,0.0,1595.04,894.04,701.0
ORD104259,CUST1603,REST036,Biryani House,2025-02-08,Ahmedabad,Fast Food,4,1738.78,20,18.95,17,Cash,4.5,Cancelled,DP117,347.76,1409.97,1122.94,287.03
ORD104260,CUST1279,REST085,Curry Corner,2025-03-10,Bengaluru,Chinese,5,1270.87,10,74.84,32,Debit Card,4.5,Delivered,DP200,127.09,1218.62,862.08,356.54
ORD104261,CUST1636,REST049,Urban Tadka,2025-06-29,Kolkata,Desserts,1,670.42,0,76.99,18,Debit Card,4.0,Delivered,DP104,0.0,747.41,416.83,330.58
ORD104262,CUST1482,REST070,The Food Factory,2025-01-12,Ahmedabad,Desserts,4,638.46,15,85.93,54,Debit Card,4.0,Delivered,DP030,95.77,628.62,412.76,215.86
ORD104263,CUST1110,REST049,The Food Factory,2025-12-05,Mumbai,South Indian,4,239.75,10,56.27,63,Wallet,4.0,Delivered,DP115,23.98,272.04,173.74,98.3
ORD104264,CUST1865,REST003,Urban Tadka,2025-07-23,Delhi,Italian,2,838.66,0,97.34,56,Credit Card,5.0,Delivered,DP069,0.0,936.0,508.94,427.06
ORD104265,CUST1138,REST074,Biryani House,2025-02-05,Mumbai,Biryani,2,1657.85,0,92.7,46,Debit Card,4.0,Delivered,DP152,0.0,1750.55,924.83,825.72
ORD104266,CUST1434,REST005,Pizza Point,2025-05-06,Delhi,Indian,2,923.14,0,61.86,46,Credit Card,4.5,Delivered,DP074,0.0,985.0,562.29,422.71
ORD104267,CUST1508,REST090,Pizza Point,2025-03-04,Pune,Desserts,4,1650.47,20,52.82,33,Debit Card,5.0,Delivered,DP211,330.09,1373.2,1257.53,115.67
ORD104268,CUST1272,REST061,Pizza Point,2025-11-28,Bengaluru,Indian,4,1492.8,15,15.26,43,Debit Card,4.5,Delivered,DP064,223.92,1284.14,827.23,456.91
ORD104269,CUST1098,REST085,Pizza Point,2025-03-23,Kolkata,Chinese,5,1773.43,0,75.43,47,Cash,4.0,Cancelled,DP163,0.0,1848.86,1027.98,820.88
ORD104270,CUST1763,REST090,Spice Hub,2025-11-03,Ahmedabad,Fast Food,5,1712.13,25,63.02,16,Wallet,4.0,Delivered,DP150,428.03,1347.12,967.3,379.82
ORD104271,CUST1849,REST026,Urban Tadka,2025-10-26,Chennai,South Indian,1,1306.89,5,94.69,72,Cash,4.0,Delivered,DP039,65.34,1336.24,832.09,504.15
ORD104272,CUST1103,REST072,Royal Kitchen,2025-02-03,Chennai,Desserts,4,1583.65,20,65.51,25,Credit Card,4.5,Delivered,DP055,316.73,1332.43,1106.94,225.49
ORD104273,CUST1213,REST005,Biryani House,2025-08-28,Hyderabad,Italian,5,1376.77,25,99.39,61,Credit Card,4.0,Delivered,DP230,344.19,1131.97,1045.49,86.48
ORD104274,CUST1760,REST015,Royal Kitchen,2025-04-07,Mumbai,Biryani,5,1301.7,25,87.57,69,Wallet,4.5,Delivered,DP007,325.42,1063.85,953.67,110.18
ORD104275,CUST1663,REST016,Dosa Express,2025-02-18,Ahmedabad,Biryani,2,1322.14,5,96.06,47,Debit Card,5.0,Delivered,DP190,66.11,1352.09,803.41,548.68
ORD104276,CUST1761,REST001,Food Junction,2025-05-26,Mumbai,Desserts,2,1331.35,10,42.85,55,Wallet,4.0,Cancelled,DP039,133.14,1241.06,926.64,314.42
ORD104277,CUST1786,REST016,The Food Factory,2025-05-05,Ahmedabad,Desserts,2,757.42,5,27.69,54,Debit Card,3.5,Delivered,DP148,37.87,747.24,532.23,215.01
ORD104278,CUST1164,REST037,Curry Corner,2025-07-08,Chennai,North Indian,3,831.58,15,82.73,15,UPI,4.5,Cancelled,DP104,124.74,789.57,474.68,314.89
ORD104279,CUST1852,REST003,Pizza Point,2025-02-26,Delhi,Biryani,5,614.04,0,81.83,56,UPI,4.0,Delivered,DP184,0.0,695.87,398.05,297.82
ORD104280,CUST1519,REST052,Curry Corner,2025-12-15,Mumbai,Indian,2,369.08,0,32.97,31,Wallet,4.5,Delivered,DP096,0.0,402.05,229.42,172.63
ORD104281,CUST1283,REST047,Food Junction,2025-04-19,Delhi,Italian,2,890.18,10,80.0,64,UPI,4.5,Delivered,DP194,89.02,881.16,521.77,359.39
ORD104282,CUST1516,REST095,The Food Factory,2025-01-05,Delhi,North Indian,4,1631.91,10,64.47,30,UPI,4.0,Delivered,DP143,163.19,1533.19,919.57,613.62
ORD104283,CUST1656,REST013,Taste of India,2025-01-24,Delhi,Indian,2,1214.12,5,24.31,16,Credit Card,5.0,Delivered,DP202,60.71,1177.72,675.34,502.38
ORD104284,CUST1612,REST080,Royal Kitchen,2025-08-09,Delhi,Chinese,4,214.38,25,57.65,68,Debit Card,4.0,Delivered,DP149,53.6,218.43,160.25,58.18
ORD104285,CUST1163,REST055,Sweet Treats,2025-11-11,Kolkata,Biryani,1,1482.82,15,94.15,63,UPI,4.0,Delivered,DP207,222.42,1354.55,928.32,426.23
ORD104286,CUST1885,REST021,Biryani House,2025-10-21,Hyderabad,Italian,2,1691.47,5,58.05,18,Cash,5.0,Delivered,DP034,84.57,1664.95,1122.13,542.82
ORD104287,CUST1658,REST066,Spice Hub,2025-01-10,Hyderabad,Desserts,4,1513.43,15,82.04,46,Credit Card,3.5,Delivered,DP035,227.01,1368.46,933.9,434.56
ORD104288,CUST1063,REST054,Curry Corner,2025-06-14,Kolkata,Biryani,2,1342.27,15,17.46,21,Debit Card,3.5,Delivered,DP115,201.34,1158.39,789.45,368.94
ORD104289,CUST1090,REST027,Pizza Point,2025-08-03,Chennai,Indian,1,372.2,0,76.89,43,Credit Card,5.0,Delivered,DP005,0.0,449.09,227.08,222.01
ORD104290,CUST1116,REST038,Urban Tadka,2025-05-06,Ahmedabad,Indian,2,706.32,25,95.48,75,Cash,4.0,Delivered,DP056,176.58,625.22,416.09,209.13
ORD104291,CUST1865,REST090,Curry Corner,2025-09-24,Hyderabad,Indian,4,1069.68,15,57.46,74,Debit Card,3.5,Delivered,DP083,160.45,966.69,774.78,191.91
ORD104292,CUST1266,REST058,The Food Factory,2025-10-07,Ahmedabad,Biryani,1,249.13,0,43.71,23,Wallet,4.5,Delivered,DP007,0.0,292.84,189.02,103.82
ORD104293,CUST1821,REST062,Taste of India,2025-03-29,Pune,Italian,1,298.53,15,69.97,72,Wallet,3.0,Delivered,DP053,44.78,323.72,194.03,129.69
ORD104294,CUST1684,REST046,Biryani House,2025-04-24,Kolkata,Italian,1,1689.55,0,92.88,49,Credit Card,4.5,Delivered,DP238,0.0,1782.43,1249.04,533.39
ORD104295,CUST1558,REST089,Urban Tadka,2025-01-21,Mumbai,Chinese,3,1300.52,20,30.03,66,Wallet,4.0,Cancelled,DP172,260.1,1070.45,842.65,227.8
ORD104296,CUST1139,REST011,Sweet Treats,2025-05-28,Pune,Biryani,4,582.15,5,49.31,67,Debit Card,4.5,Cancelled,DP186,29.11,602.35,380.0,222.35
ORD104297,CUST1245,REST072,The Food Factory,2025-09-02,Kolkata,Chinese,3,669.97,15,28.28,19,Cash,4.0,Delivered,DP106,100.5,597.75,443.24,154.51
ORD104298,CUST1660,REST008,Taste of India,2025-09-23,Hyderabad,South Indian,1,765.84,0,57.22,64,Cash,5.0,Delivered,DP042,0.0,823.06,565.69,257.37
ORD104299,CUST1757,REST097,Urban Tadka,2025-08-05,Mumbai,Chinese,3,246.12,10,60.94,75,Wallet,4.0,Delivered,DP228,24.61,282.45,188.37,94.08
ORD104300,CUST1394,REST071,Sweet Treats,2025-08-28,Ahmedabad,Chinese,2,1361.82,5,95.26,35,UPI,4.5,Delivered,DP018,68.09,1388.99,982.17,406.82
ORD104301,CUST1486,REST064,Curry Corner,2025-08-20,Mumbai,Chinese,3,417.08,10,50.06,72,UPI,5.0,Delivered,DP006,41.71,425.43,314.62,110.81
ORD104302,CUST1475,REST021,The Food Factory,2025-08-20,Ahmedabad,Desserts,5,1472.6,0,63.19,31,UPI,4.0,Delivered,DP244,0.0,1535.79,1027.62,508.17
ORD104303,CUST1516,REST072,Royal Kitchen,2025-08-30,Delhi,Indian,1,1541.07,0,90.25,53,Wallet,3.5,Delivered,DP132,0.0,1631.32,1145.06,486.26
ORD104304,CUST1183,REST063,Dragon Bowl,2025-07-09,Chennai,South Indian,1,1192.57,20,42.32,28,Wallet,3.0,Delivered,DP197,238.51,996.38,808.65,187.73
ORD104305,CUST1019,REST085,Dosa Express,2025-08-17,Delhi,North Indian,4,1413.36,25,72.3,46,Wallet,5.0,Delivered,DP142,353.34,1132.32,1028.53,103.79
ORD104306,CUST1557,REST064,Dragon Bowl,2025-03-07,Kolkata,Desserts,2,408.68,0,79.36,29,Debit Card,4.5,Cancelled,DP169,0.0,488.04,291.07,196.97
ORD104307,CUST1523,REST020,Sweet Treats,2025-10-06,Delhi,Chinese,4,1087.58,20,43.09,35,UPI,5.0,Delivered,DP175,217.52,913.15,785.59,127.56
ORD104308,CUST1581,REST008,Taste of India,2025-09-26,Pune,Italian,3,1257.02,25,28.97,68,Credit Card,4.5,Delivered,DP097,314.26,971.73,759.12,212.61
ORD104309,CUST1528,REST058,Dosa Express,2025-07-28,Ahmedabad,Chinese,5,1231.42,5,57.75,28,Debit Card,4.0,Delivered,DP053,61.57,1227.6,720.83,506.77
ORD104310,CUST1882,REST046,Dosa Express,2025-01-16,Ahmedabad,Indian,5,317.05,15,45.33,55,Debit Card,3.5,Cancelled,DP021,47.56,314.82,222.0,92.82
ORD104311,CUST1146,REST031,Spice Hub,2025-10-24,Hyderabad,Desserts,5,698.56,15,37.65,30,Wallet,5.0,Delivered,DP141,104.78,631.43,461.79,169.64
ORD104312,CUST1665,REST093,Taste of India,2025-08-08,Ahmedabad,Fast Food,5,666.06,10,97.74,65,Wallet,4.5,Cancelled,DP194,66.61,697.19,483.47,213.72
ORD104313,CUST1303,REST009,Dosa Express,2025-09-14,Pune,North Indian,2,1081.85,0,57.68,15,Debit Card,4.0,Cancelled,DP143,0.0,1139.53,631.47,508.06
ORD104314,CUST1619,REST015,Curry Corner,2025-09-25,Hyderabad,South Indian,3,1405.6,15,87.8,54,Wallet,4.5,Delivered,DP239,210.84,1282.56,1079.46,203.1
ORD104315,CUST1747,REST094,The Food Factory,2025-08-17,Pune,Fast Food,5,1078.59,20,31.6,32,UPI,3.5,Cancelled,DP208,215.72,894.47,767.88,126.59
ORD104316,CUST1819,REST026,The Food Factory,2025-04-29,Mumbai,Fast Food,1,1388.11,25,94.85,48,Debit Card,4.0,Delivered,DP099,347.03,1135.93,770.8,365.13
ORD104317,CUST1863,REST010,Dragon Bowl,2025-06-27,Hyderabad,South Indian,3,286.27,15,82.53,40,Debit Card,4.5,Cancelled,DP173,42.94,325.86,195.41,130.45
ORD104318,CUST1581,REST029,Curry Corner,2025-01-20,Ahmedabad,Biryani,2,1595.27,0,83.74,75,Debit Card,3.5,Cancelled,DP084,0.0,1679.01,992.1,686.91
ORD104319,CUST1694,REST080,Spice Hub,2025-02-05,Hyderabad,North Indian,5,1021.52,0,48.13,50,Wallet,3.5,Delivered,DP193,0.0,1069.65,626.37,443.28
ORD104320,CUST1761,REST036,Biryani House,2025-12-01,Pune,Desserts,2,183.0,0,56.28,35,Debit Card,4.5,Delivered,DP250,0.0,239.28,138.62,100.66
ORD104321,CUST1227,REST084,Spice Hub,2025-04-18,Bengaluru,North Indian,5,1200.6,25,65.44,15,Credit Card,4.5,Delivered,DP174,300.15,965.89,891.17,74.72
ORD104322,CUST1101,REST037,The Food Factory,2025-07-08,Mumbai,Italian,1,989.14,10,82.13,41,Credit Card,3.5,Delivered,DP131,98.91,972.36,546.2,426.16
ORD104323,CUST1586,REST086,Biryani House,2025-06-27,Kolkata,Indian,3,490.22,25,87.17,65,UPI,3.0,Delivered,DP145,122.56,454.83,290.1,164.73
ORD104324,CUST1416,REST071,Spice Hub,2025-04-06,Ahmedabad,South Indian,1,1404.23,0,21.63,25,Debit Card,5.0,Delivered,DP145,0.0,1425.86,1004.72,421.14
ORD104325,CUST1215,REST023,Dosa Express,2025-11-11,Mumbai,Desserts,5,1688.39,25,91.85,70,Debit Card,3.0,Delivered,DP233,422.1,1358.14,1257.99,100.15
ORD104326,CUST1406,REST041,Royal Kitchen,2025-01-20,Ahmedabad,Fast Food,4,662.11,0,94.69,52,Wallet,3.0,Cancelled,DP212,0.0,756.8,473.44,283.36
ORD104327,CUST1398,REST093,Biryani House,2025-06-13,Kolkata,Indian,3,949.78,25,65.4,65,Cash,4.0,Delivered,DP020,237.44,777.74,637.13,140.61
ORD104328,CUST1714,REST080,Royal Kitchen,2025-04-07,Bengaluru,Indian,2,335.33,0,30.87,28,Cash,4.0,Delivered,DP004,0.0,366.2,260.37,105.83
ORD104329,CUST1703,REST028,The Food Factory,2025-05-23,Pune,Biryani,5,1682.06,5,84.57,42,Debit Card,4.5,Delivered,DP075,84.1,1682.53,1233.58,448.95
ORD104330,CUST1760,REST048,Curry Corner,2025-03-03,Pune,Fast Food,1,655.58,20,61.63,69,UPI,5.0,Delivered,DP015,131.12,586.09,431.12,154.97
ORD104331,CUST1498,REST038,Pizza Point,2025-08-30,Mumbai,Chinese,4,447.24,20,84.46,41,Credit Card,4.5,Delivered,DP057,89.45,442.25,306.0,136.25
ORD104332,CUST1753,REST031,Royal Kitchen,2025-08-26,Pune,Indian,5,923.76,5,84.26,36,Debit Card,4.5,Delivered,DP173,46.19,961.83,517.59,444.24
ORD104333,CUST1464,REST014,Dragon Bowl,2025-05-11,Chennai,Fast Food,2,192.71,5,22.37,35,Debit Card,5.0,Delivered,DP027,9.64,205.44,148.75,56.69
ORD104334,CUST1690,REST097,Dosa Express,2025-04-03,Chennai,North Indian,1,544.77,0,66.6,70,UPI,3.5,Delivered,DP216,0.0,611.37,345.07,266.3
ORD104335,CUST1730,REST073,Dosa Express,2025-04-01,Ahmedabad,Indian,3,233.66,15,56.07,38,UPI,4.5,Cancelled,DP020,35.05,254.68,164.06,90.62
ORD104336,CUST1081,REST091,Pizza Point,2025-05-13,Kolkata,Biryani,4,333.98,15,95.42,33,Cash,4.5,Cancelled,DP108,50.1,379.3,234.92,144.38
ORD104337,CUST1603,REST088,Sweet Treats,2025-05-03,Bengaluru,Biryani,5,308.42,5,40.21,38,Debit Card,4.0,Delivered,DP079,15.42,333.21,173.67,159.54
ORD104338,CUST1686,REST077,Dragon Bowl,2025-12-08,Ahmedabad,Chinese,5,1585.67,10,32.51,40,Debit Card,4.5,Delivered,DP134,158.57,1459.61,969.08,490.53
ORD104339,CUST1750,REST090,Royal Kitchen,2025-04-28,Hyderabad,Biryani,5,1683.13,20,91.25,39,Wallet,4.5,Delivered,DP018,336.63,1437.75,1179.75,258.0
ORD104340,CUST1771,REST029,Royal Kitchen,2025-07-17,Ahmedabad,Desserts,5,917.2,0,27.64,59,Credit Card,4.0,Delivered,DP086,0.0,944.84,696.89,247.95
ORD104341,CUST1364,REST051,Food Junction,2025-10-09,Chennai,Fast Food,1,1179.1,5,73.35,58,Wallet,3.5,Delivered,DP049,58.96,1193.49,859.66,333.83
ORD104342,CUST1162,REST049,Royal Kitchen,2025-01-01,Ahmedabad,South Indian,3,1289.12,20,40.5,43,Wallet,3.0,Delivered,DP213,257.82,1071.8,881.03,190.77
ORD104343,CUST1047,REST043,Urban Tadka,2025-07-30,Kolkata,Biryani,2,777.41,0,63.27,24,Credit Card,4.0,Delivered,DP152,0.0,840.68,469.14,371.54
ORD104344,CUST1510,REST092,Taste of India,2025-09-20,Ahmedabad,South Indian,4,741.95,25,67.38,65,Debit Card,3.5,Delivered,DP209,185.49,623.84,569.99,53.85
ORD104345,CUST1328,REST092,Spice Hub,2025-11-28,Pune,Chinese,5,1254.96,0,50.48,25,Cash,4.5,Delivered,DP011,0.0,1305.44,806.74,498.7
ORD104346,CUST1839,REST072,Food Junction,2025-07-31,Bengaluru,North Indian,5,752.88,5,97.87,38,Credit Card,4.0,Delivered,DP146,37.64,813.11,440.04,373.07
ORD104347,CUST1115,REST087,Spice Hub,2025-03-28,Kolkata,Italian,3,1096.1,15,26.21,38,UPI,4.5,Delivered,DP035,164.42,957.89,608.31,349.58
ORD104348,CUST1848,REST093,Food Junction,2025-06-02,Kolkata,Indian,3,985.52,10,48.27,26,Debit Card,4.0,Delivered,DP055,98.55,935.24,757.41,177.83
ORD104349,CUST1336,REST005,Biryani House,2025-12-16,Chennai,Desserts,1,1001.09,20,51.58,21,Credit Card,4.5,Delivered,DP095,200.22,852.45,729.72,122.73
ORD104350,CUST1880,REST042,Curry Corner,2025-07-06,Delhi,Indian,1,1513.32,5,68.64,54,Credit Card,5.0,Cancelled,DP028,75.67,1506.29,907.64,598.65
ORD104351,CUST1736,REST007,Royal Kitchen,2025-03-02,Bengaluru,Fast Food,1,1302.82,0,49.62,31,Credit Card,5.0,Delivered,DP088,0.0,1352.44,759.03,593.41
ORD104352,CUST1863,REST042,Royal Kitchen,2025-10-12,Mumbai,Chinese,4,1733.95,20,23.25,49,Cash,4.5,Cancelled,DP164,346.79,1410.41,1336.32,74.09
ORD104353,CUST1839,REST036,Taste of India,2025-04-05,Kolkata,Chinese,1,1448.84,0,95.53,20,Wallet,3.5,Delivered,DP109,0.0,1544.37,877.1,667.27
ORD104354,CUST1146,REST027,Taste of India,2025-10-01,Chennai,Chinese,5,364.93,25,50.37,26,Wallet,4.0,Delivered,DP024,91.23,324.07,239.48,84.59
ORD104355,CUST1574,REST058,Spice Hub,2025-02-10,Mumbai,Indian,1,1360.65,0,44.13,29,Credit Card,4.0,Delivered,DP161,0.0,1404.78,939.52,465.26
ORD104356,CUST1805,REST046,Pizza Point,2025-05-27,Bengaluru,Biryani,4,1238.29,20,52.97,46,Credit Card,5.0,Delivered,DP243,247.66,1043.6,698.83,344.77
ORD104357,CUST1322,REST066,Biryani House,2025-09-03,Chennai,Indian,1,1205.35,20,33.41,37,Wallet,4.5,Delivered,DP222,241.07,997.69,758.43,239.26
ORD104358,CUST1442,REST025,Sweet Treats,2025-05-12,Mumbai,Indian,1,927.65,0,23.52,21,Cash,4.5,Cancelled,DP116,0.0,951.17,711.54,239.63
ORD104359,CUST1836,REST073,Taste of India,2025-10-24,Ahmedabad,Indian,5,224.94,5,27.63,73,Debit Card,4.5,Delivered,DP165,11.25,241.32,159.95,81.37
ORD104360,CUST1012,REST027,Urban Tadka,2025-05-03,Hyderabad,North Indian,5,1718.49,15,29.17,52,Wallet,4.5,Delivered,DP141,257.77,1489.89,1090.54,399.35
ORD104361,CUST1493,REST001,Royal Kitchen,2025-05-23,Kolkata,North Indian,5,1551.23,5,31.8,45,Credit Card,4.5,Delivered,DP016,77.56,1505.47,1135.65,369.82
ORD104362,CUST1700,REST087,Spice Hub,2025-07-01,Hyderabad,Biryani,1,937.84,10,50.7,43,Cash,4.0,Delivered,DP112,93.78,894.76,696.4,198.36
ORD104363,CUST1286,REST074,Dosa Express,2025-07-11,Delhi,Italian,5,386.42,20,68.03,58,Cash,3.0,Delivered,DP171,77.28,377.17,226.02,151.15
ORD104364,CUST1719,REST042,Urban Tadka,2025-07-26,Pune,Fast Food,3,1505.11,0,68.46,42,Credit Card,4.5,Delivered,DP073,0.0,1573.57,1030.88,542.69
ORD104365,CUST1113,REST052,The Food Factory,2025-08-19,Bengaluru,Italian,2,843.53,0,15.01,26,UPI,5.0,Delivered,DP050,0.0,858.54,535.1,323.44
ORD104366,CUST1479,REST025,Spice Hub,2025-01-22,Pune,Italian,2,775.39,15,93.28,41,Cash,4.0,Delivered,DP111,116.31,752.36,516.86,235.5
ORD104367,CUST1021,REST054,Spice Hub,2025-03-21,Pune,Indian,5,1237.84,25,84.94,18,Wallet,4.5,Cancelled,DP013,309.46,1013.32,814.36,198.96
ORD104368,CUST1348,REST067,Dosa Express,2025-05-10,Mumbai,Desserts,4,1394.57,5,96.93,35,UPI,4.0,Delivered,DP071,69.73,1421.77,928.62,493.15
ORD104369,CUST1725,REST006,Biryani House,2025-10-19,Delhi,Italian,5,225.57,10,45.6,23,Debit Card,4.0,Delivered,DP163,22.56,248.61,151.14,97.47
ORD104370,CUST1682,REST058,Dosa Express,2025-10-03,Bengaluru,Indian,5,1409.49,5,71.51,63,Wallet,4.0,Delivered,DP236,70.47,1410.53,797.67,612.86
ORD104371,CUST1834,REST070,Dragon Bowl,2025-11-19,Hyderabad,Indian,1,1353.02,25,29.28,48,Credit Card,4.5,Delivered,DP218,338.26,1044.04,799.46,244.58
ORD104372,CUST1565,REST053,Taste of India,2025-02-24,Pune,Fast Food,4,1109.87,10,84.45,51,UPI,4.5,Delivered,DP242,110.99,1083.33,754.96,328.37
ORD104373,CUST1809,REST066,Curry Corner,2025-03-07,Mumbai,Chinese,5,688.54,5,28.72,35,Wallet,4.5,Delivered,DP201,34.43,682.83,526.93,155.9
ORD104374,CUST1319,REST058,Spice Hub,2025-08-15,Pune,Indian,3,396.87,15,42.71,74,Cash,3.0,Delivered,DP035,59.53,380.05,286.42,93.63
ORD104375,CUST1125,REST082,The Food Factory,2025-01-26,Chennai,North Indian,2,292.46,15,56.72,37,Credit Card,4.5,Delivered,DP024,43.87,305.31,176.91,128.4
ORD104376,CUST1276,REST087,Pizza Point,2025-09-10,Hyderabad,Italian,3,121.99,0,65.54,38,UPI,4.0,Cancelled,DP225,0.0,187.53,77.24,110.29
ORD104377,CUST1203,REST002,Spice Hub,2025-07-16,Pune,Fast Food,3,466.85,15,62.57,24,Cash,4.0,Delivered,DP213,70.03,459.39,292.78,166.61
ORD104378,CUST1193,REST076,Dosa Express,2025-05-10,Chennai,South Indian,3,811.05,10,23.68,52,Credit Card,4.0,Cancelled,DP181,81.1,753.63,589.62,164.01
ORD104379,CUST1680,REST022,Food Junction,2025-08-31,Chennai,South Indian,4,529.32,0,50.84,20,Credit Card,4.0,Cancelled,DP214,0.0,580.16,409.48,170.68
ORD104380,CUST1663,REST037,Spice Hub,2025-11-08,Mumbai,South Indian,4,639.08,25,93.45,35,UPI,4.0,Delivered,DP039,159.77,572.76,403.73,169.03
ORD104381,CUST1546,REST020,Spice Hub,2025-07-31,Mumbai,Italian,4,775.96,15,89.15,51,UPI,5.0,Delivered,DP147,116.39,748.72,429.41,319.31
ORD104382,CUST1695,REST024,Dragon Bowl,2025-07-09,Chennai,Chinese,2,637.88,0,65.22,43,UPI,4.0,Delivered,DP172,0.0,703.1,488.29,214.81
ORD104383,CUST1285,REST084,The Food Factory,2025-10-17,Delhi,Biryani,1,1337.36,25,63.65,73,Wallet,4.5,Delivered,DP126,334.34,1066.67,967.24,99.43
ORD104384,CUST1056,REST065,Dragon Bowl,2025-08-14,Pune,Desserts,5,946.1,10,24.49,54,Credit Card,4.5,Delivered,DP174,94.61,875.98,701.91,174.07
ORD104385,CUST1733,REST065,The Food Factory,2025-09-03,Chennai,Chinese,5,152.47,25,32.02,35,Debit Card,4.5,Cancelled,DP173,38.12,146.37,91.18,55.19
ORD104386,CUST1302,REST081,Spice Hub,2025-02-25,Chennai,Desserts,1,500.8,25,36.47,36,Cash,4.5,Delivered,DP160,125.2,412.07,349.81,62.26
ORD104387,CUST1162,REST001,Food Junction,2025-02-24,Mumbai,Fast Food,5,1312.23,0,56.5,49,UPI,5.0,Delivered,DP005,0.0,1368.73,791.96,576.77
ORD104388,CUST1018,REST094,Curry Corner,2025-10-03,Pune,Chinese,3,625.56,10,77.17,60,Credit Card,5.0,Delivered,DP076,62.56,640.17,345.73,294.44
ORD104389,CUST1369,REST003,Sweet Treats,2025-11-02,Bengaluru,South Indian,2,1665.84,0,54.16,19,Cash,4.0,Delivered,DP104,0.0,1720.0,976.39,743.61
ORD104390,CUST1263,REST046,Food Junction,2025-12-06,Hyderabad,Chinese,5,1317.28,10,25.72,29,Debit Card,4.5,Delivered,DP134,131.73,1211.27,1004.09,207.18
ORD104391,CUST1793,REST055,Food Junction,2025-06-02,Mumbai,Fast Food,2,607.08,0,52.34,55,Cash,3.5,Delivered,DP082,0.0,659.42,363.96,295.46
ORD104392,CUST1112,REST075,Food Junction,2025-02-22,Pune,Fast Food,1,987.57,25,28.82,61,Debit Card,3.5,Delivered,DP007,246.89,769.5,676.07,93.43
ORD104393,CUST1487,REST088,Royal Kitchen,2025-04-21,Pune,South Indian,5,1240.96,15,78.85,33,UPI,4.0,Delivered,DP211,186.14,1133.67,958.82,174.85
ORD104394,CUST1326,REST086,Curry Corner,2025-07-23,Ahmedabad,North Indian,2,444.85,5,29.15,30,Wallet,5.0,Delivered,DP015,22.24,451.76,252.41,199.35
ORD104395,CUST1541,REST064,Biryani House,2025-04-22,Kolkata,Italian,3,533.59,25,56.02,54,Debit Card,4.5,Delivered,DP234,133.4,456.21,392.63,63.58
ORD104396,CUST1646,REST045,Biryani House,2025-11-21,Delhi,Desserts,3,971.97,5,73.94,61,UPI,4.5,Delivered,DP073,48.6,997.31,668.17,329.14
ORD104397,CUST1578,REST026,Food Junction,2025-09-15,Hyderabad,Indian,1,1673.82,5,34.4,57,Cash,3.5,Delivered,DP020,83.69,1624.53,1045.1,579.43
ORD104398,CUST1064,REST077,Sweet Treats,2025-01-16,Mumbai,Biryani,4,697.94,25,21.46,37,Cash,4.0,Delivered,DP240,174.48,544.92,442.34,102.58
ORD104399,CUST1291,REST065,Dragon Bowl,2025-12-16,Mumbai,Biryani,5,795.58,0,62.88,18,Cash,4.0,Delivered,DP059,0.0,858.46,442.54,415.92
ORD104400,CUST1024,REST024,Dosa Express,2025-06-15,Bengaluru,South Indian,3,440.24,15,19.61,35,Wallet,4.5,Delivered,DP212,66.04,393.81,268.04,125.77
ORD104401,CUST1548,REST074,Urban Tadka,2025-10-28,Kolkata,North Indian,3,1116.59,25,64.96,38,Credit Card,3.5,Delivered,DP004,279.15,902.4,722.86,179.54
ORD104402,CUST1000,REST035,Biryani House,2025-10-07,Kolkata,Biryani,1,1363.45,20,79.05,56,Debit Card,4.5,Delivered,DP202,272.69,1169.81,974.72,195.09
ORD104403,CUST1548,REST024,Pizza Point,2025-06-07,Delhi,Chinese,3,860.28,0,42.99,69,Credit Card,5.0,Cancelled,DP106,0.0,903.27,527.52,375.75
ORD104404,CUST1140,REST028,The Food Factory,2025-09-06,Ahmedabad,Fast Food,5,1380.42,25,56.51,40,Cash,5.0,Delivered,DP040,345.1,1091.83,943.48,148.35
ORD104405,CUST1743,REST100,Curry Corner,2025-06-30,Ahmedabad,Desserts,1,628.38,25,93.94,56,Wallet,5.0,Delivered,DP065,157.1,565.22,451.36,113.86
ORD104406,CUST1647,REST080,Curry Corner,2025-07-10,Kolkata,North Indian,2,1307.73,0,55.04,16,UPI,4.0,Delivered,DP035,0.0,1362.77,929.35,433.42
ORD104407,CUST1187,REST016,Urban Tadka,2025-05-19,Delhi,Fast Food,1,554.02,25,99.71,54,Wallet,5.0,Delivered,DP216,138.5,515.23,379.93,135.3
ORD104408,CUST1127,REST059,Biryani House,2025-03-19,Ahmedabad,South Indian,5,1431.49,0,28.35,22,Credit Card,5.0,Delivered,DP044,0.0,1459.84,978.34,481.5
ORD104409,CUST1200,REST081,Sweet Treats,2025-12-02,Pune,Fast Food,5,1515.48,25,75.26,23,Cash,5.0,Delivered,DP007,378.87,1211.87,1084.9,126.97
ORD104410,CUST1126,REST054,Sweet Treats,2025-02-19,Pune,Desserts,2,1460.18,20,70.47,16,Debit Card,5.0,Cancelled,DP150,292.04,1238.61,915.78,322.83
ORD104411,CUST1256,REST079,The Food Factory,2025-03-26,Mumbai,Indian,1,481.99,25,89.15,28,Wallet,5.0,Cancelled,DP023,120.5,450.64,315.0,135.64
ORD104412,CUST1675,REST016,Food Junction,2025-07-02,Ahmedabad,Fast Food,5,1286.34,0,22.86,34,Credit Card,4.0,Delivered,DP065,0.0,1309.2,993.34,315.86
ORD104413,CUST1546,REST015,Dosa Express,2025-07-02,Bengaluru,Fast Food,5,1024.75,15,38.82,16,Credit Card,3.5,Delivered,DP088,153.71,909.86,721.2,188.66
ORD104414,CUST1193,REST098,Biryani House,2025-01-04,Mumbai,North Indian,2,1776.54,25,26.24,18,UPI,4.5,Delivered,DP020,444.14,1358.64,1189.53,169.11
ORD104415,CUST1702,REST011,Sweet Treats,2025-11-13,Kolkata,Desserts,4,727.45,5,94.31,49,Debit Card,4.5,Cancelled,DP032,36.37,785.39,496.86,288.53
ORD104416,CUST1103,REST065,Urban Tadka,2025-04-21,Chennai,Chinese,1,1415.7,10,51.26,69,Credit Card,4.0,Delivered,DP223,141.57,1325.39,812.64,512.75
ORD104417,CUST1534,REST079,The Food Factory,2025-11-30,Pune,Italian,5,741.73,0,92.36,28,Debit Card,4.5,Delivered,DP097,0.0,834.09,508.94,325.15
ORD104418,CUST1264,REST090,Spice Hub,2025-12-05,Chennai,Biryani,3,786.72,25,40.02,35,Cash,3.0,Delivered,DP164,196.68,630.06,584.06,46.0
ORD104419,CUST1801,REST068,The Food Factory,2025-09-08,Kolkata,Chinese,2,306.47,15,25.74,62,Wallet,3.0,Delivered,DP146,45.97,286.24,205.47,80.77
ORD104420,CUST1383,REST043,Royal Kitchen,2025-05-13,Ahmedabad,Chinese,4,522.63,0,40.21,29,Credit Card,4.0,Delivered,DP229,0.0,562.84,308.71,254.13
ORD104421,CUST1259,REST069,Sweet Treats,2025-04-10,Bengaluru,Chinese,4,396.33,10,65.76,53,Cash,3.5,Delivered,DP097,39.63,422.46,258.84,163.62
ORD104422,CUST1413,REST099,Spice Hub,2025-06-21,Mumbai,Biryani,2,387.46,0,86.84,64,UPI,4.5,Cancelled,DP161,0.0,474.3,237.88,236.42
ORD104423,CUST1357,REST013,Pizza Point,2025-10-14,Pune,South Indian,4,135.15,0,47.76,34,Debit Card,5.0,Delivered,DP069,0.0,182.91,85.51,97.4
ORD104424,CUST1074,REST010,Taste of India,2025-04-29,Bengaluru,Chinese,5,1453.55,25,92.76,20,Cash,4.5,Delivered,DP082,363.39,1182.92,874.68,308.24
ORD104425,CUST1354,REST075,The Food Factory,2025-12-16,Mumbai,Italian,4,906.12,10,35.76,42,Debit Card,4.5,Delivered,DP009,90.61,851.27,567.96,283.31
ORD104426,CUST1583,REST082,Urban Tadka,2025-06-24,Mumbai,South Indian,1,1471.0,10,73.95,67,Debit Card,3.0,Delivered,DP042,147.1,1397.85,1087.06,310.79
ORD104427,CUST1770,REST098,Urban Tadka,2025-01-30,Chennai,Fast Food,3,1149.08,0,77.54,62,Credit Card,4.5,Delivered,DP223,0.0,1226.62,832.25,394.37
ORD104428,CUST1187,REST041,Royal Kitchen,2025-02-24,Hyderabad,Italian,5,1516.65,15,38.29,57,Debit Card,5.0,Delivered,DP199,227.5,1327.44,1005.27,322.17
ORD104429,CUST1684,REST050,Dosa Express,2025-12-27,Kolkata,North Indian,2,966.33,0,17.29,16,Cash,4.5,Delivered,DP127,0.0,983.62,705.4,278.22
ORD104430,CUST1289,REST087,Food Junction,2025-07-15,Delhi,Desserts,3,277.99,25,46.05,42,UPI,4.0,Delivered,DP207,69.5,254.54,215.27,39.27
ORD104431,CUST1044,REST071,The Food Factory,2025-02-10,Pune,South Indian,5,1156.16,15,18.84,69,Credit Card,5.0,Delivered,DP110,173.42,1001.58,743.89,257.69
ORD104432,CUST1572,REST059,Sweet Treats,2025-06-22,Delhi,Fast Food,3,1258.64,20,91.56,48,Wallet,5.0,Delivered,DP132,251.73,1098.47,975.95,122.52
ORD104433,CUST1082,REST039,Taste of India,2025-11-26,Ahmedabad,Fast Food,4,1172.53,5,96.05,28,UPI,4.0,Cancelled,DP174,58.63,1209.95,711.21,498.74
ORD104434,CUST1122,REST003,Royal Kitchen,2025-08-07,Bengaluru,Chinese,2,1466.25,5,77.51,23,Cash,4.0,Delivered,DP231,73.31,1470.45,1128.34,342.11
ORD104435,CUST1357,REST076,Biryani House,2025-07-27,Ahmedabad,Chinese,2,1348.92,5,76.77,37,Credit Card,4.0,Delivered,DP072,67.45,1358.24,1010.1,348.14
ORD104436,CUST1527,REST007,Sweet Treats,2025-06-07,Ahmedabad,Biryani,1,846.82,0,35.48,58,Debit Card,3.0,Delivered,DP152,0.0,882.3,504.54,377.76
ORD104437,CUST1065,REST049,Urban Tadka,2025-11-29,Delhi,Indian,4,1496.09,25,21.28,49,UPI,5.0,Cancelled,DP072,374.02,1143.35,943.23,200.12
ORD104438,CUST1656,REST026,Pizza Point,2025-08-16,Chennai,Italian,1,1282.2,25,83.18,36,Credit Card,5.0,Cancelled,DP124,320.55,1044.83,913.98,130.85
ORD104439,CUST1374,REST033,Sweet Treats,2025-03-26,Hyderabad,Biryani,1,322.22,0,62.53,19,Wallet,4.5,Cancelled,DP197,0.0,384.75,191.42,193.33
ORD104440,CUST1161,REST048,Curry Corner,2025-06-22,Pune,Biryani,4,1026.99,0,72.94,74,Wallet,4.5,Cancelled,DP023,0.0,1099.93,704.37,395.56
ORD104441,CUST1745,REST079,Dragon Bowl,2025-09-02,Kolkata,Italian,5,1343.97,25,81.27,55,Wallet,4.5,Delivered,DP107,335.99,1089.25,904.5,184.75
ORD104442,CUST1379,REST002,Urban Tadka,2025-12-26,Mumbai,Desserts,1,1049.52,20,49.8,43,Credit Card,4.0,Delivered,DP183,209.9,889.42,647.69,241.73
ORD104443,CUST1655,REST071,The Food Factory,2025-06-22,Mumbai,South Indian,3,1714.37,0,27.29,49,UPI,4.5,Cancelled,DP098,0.0,1741.66,1061.41,680.25
ORD104444,CUST1357,REST032,Pizza Point,2025-12-01,Kolkata,North Indian,5,290.51,0,82.58,64,Debit Card,5.0,Delivered,DP143,0.0,373.09,194.28,178.81
ORD104445,CUST1187,REST004,Curry Corner,2025-07-31,Chennai,Italian,4,1333.5,0,53.57,48,UPI,5.0,Delivered,DP051,0.0,1387.07,825.39,561.68
ORD104446,CUST1321,REST020,Spice Hub,2025-03-25,Pune,Fast Food,2,1505.08,0,85.29,18,Debit Card,3.5,Delivered,DP123,0.0,1590.37,890.19,700.18
ORD104447,CUST1449,REST036,Taste of India,2025-06-22,Delhi,North Indian,5,1300.46,0,52.2,59,UPI,4.0,Cancelled,DP050,0.0,1352.66,946.57,406.09
ORD104448,CUST1473,REST032,Urban Tadka,2025-07-02,Kolkata,Desserts,1,767.78,10,33.45,63,UPI,4.0,Delivered,DP175,76.78,724.45,525.01,199.44
ORD104449,CUST1012,REST028,The Food Factory,2025-05-13,Mumbai,Indian,3,767.61,10,29.54,23,Credit Card,4.5,Delivered,DP083,76.76,720.39,499.45,220.94
ORD104450,CUST1183,REST077,Curry Corner,2025-10-15,Delhi,Desserts,4,1105.43,10,78.23,65,Wallet,4.5,Delivered,DP025,110.54,1073.12,654.07,419.05
ORD104451,CUST1110,REST001,Curry Corner,2025-09-19,Chennai,South Indian,2,787.12,0,63.87,28,Wallet,4.0,Delivered,DP039,0.0,850.99,540.52,310.47
ORD104452,CUST1507,REST060,Food Junction,2025-12-16,Mumbai,Chinese,3,1603.75,10,49.39,59,Wallet,4.5,Delivered,DP068,160.38,1492.76,1113.93,378.83
ORD104453,CUST1289,REST056,Curry Corner,2025-10-09,Bengaluru,Indian,2,304.68,25,56.83,19,Wallet,4.0,Delivered,DP174,76.17,285.34,201.19,84.15
ORD104454,CUST1294,REST035,Taste of India,2025-10-20,Hyderabad,Indian,4,1193.78,20,61.72,64,UPI,4.0,Cancelled,DP072,238.76,1016.74,758.92,257.82
ORD104455,CUST1450,REST030,Pizza Point,2025-09-26,Delhi,Desserts,5,345.31,0,35.35,70,Wallet,5.0,Cancelled,DP221,0.0,380.66,258.8,121.86
ORD104456,CUST1214,REST054,Royal Kitchen,2025-12-15,Kolkata,Chinese,1,1027.47,20,47.14,61,UPI,3.5,Delivered,DP119,205.49,869.12,731.67,137.45
ORD104457,CUST1631,REST036,Pizza Point,2025-07-16,Pune,Indian,4,1322.18,10,39.85,41,Debit Card,3.0,Cancelled,DP106,132.22,1229.81,835.51,394.3
ORD104458,CUST1893,REST055,Curry Corner,2025-01-25,Delhi,South Indian,3,398.06,0,48.02,25,Cash,3.5,Delivered,DP013,0.0,446.08,273.23,172.85
ORD104459,CUST1566,REST089,The Food Factory,2025-05-21,Delhi,South Indian,5,1302.78,15,57.55,44,Cash,3.5,Delivered,DP166,195.42,1164.91,786.56,378.35
ORD104460,CUST1026,REST080,Urban Tadka,2025-08-11,Delhi,South Indian,2,355.17,5,29.74,65,Debit Card,4.5,Cancelled,DP036,17.76,367.15,196.28,170.87
ORD104461,CUST1629,REST058,The Food Factory,2025-01-20,Kolkata,Biryani,5,1162.53,15,48.45,51,UPI,4.5,Delivered,DP165,174.38,1036.6,871.71,164.89
ORD104462,CUST1732,REST083,Royal Kitchen,2025-09-04,Chennai,Biryani,5,969.33,5,47.77,53,Wallet,4.0,Cancelled,DP170,48.47,968.63,715.7,252.93
ORD104463,CUST1230,REST065,Dragon Bowl,2025-11-24,Chennai,South Indian,3,620.77,5,39.31,48,Credit Card,4.0,Cancelled,DP120,31.04,629.04,432.72,196.32
ORD104464,CUST1564,REST069,Dosa Express,2025-07-20,Pune,Chinese,1,307.4,10,99.87,65,UPI,3.5,Delivered,DP109,30.74,376.53,226.43,150.1
ORD104465,CUST1806,REST051,Urban Tadka,2025-04-25,Chennai,Chinese,5,1356.23,5,21.26,38,UPI,4.5,Delivered,DP243,67.81,1309.68,989.49,320.19
ORD104466,CUST1320,REST022,Spice Hub,2025-07-08,Kolkata,Italian,5,761.43,5,69.65,30,Debit Card,4.5,Delivered,DP235,38.07,793.01,569.44,223.57
ORD104467,CUST1232,REST088,Dragon Bowl,2025-01-26,Pune,Italian,1,265.37,15,29.83,72,Debit Card,4.0,Delivered,DP124,39.81,255.39,200.39,55.0
ORD104468,CUST1669,REST053,Taste of India,2025-02-23,Ahmedabad,Desserts,1,1418.29,5,86.36,44,Credit Card,4.0,Delivered,DP223,70.91,1433.74,1047.16,386.58
ORD104469,CUST1436,REST100,Dragon Bowl,2025-06-19,Pune,South Indian,2,511.26,0,92.71,38,Wallet,3.5,Delivered,DP019,0.0,603.97,381.35,222.62
ORD104470,CUST1780,REST036,The Food Factory,2025-01-11,Chennai,North Indian,2,1357.24,20,49.13,17,Cash,3.0,Delivered,DP037,271.45,1134.92,903.09,231.83
ORD104471,CUST1532,REST068,Food Junction,2025-01-27,Ahmedabad,Indian,1,1069.03,25,85.0,43,Wallet,3.5,Delivered,DP217,267.26,886.77,762.05,124.72
ORD104472,CUST1402,REST036,Pizza Point,2025-12-16,Mumbai,Indian,4,446.81,20,36.24,56,Wallet,4.5,Cancelled,DP101,89.36,393.69,279.99,113.7
ORD104473,CUST1052,REST052,Curry Corner,2025-03-24,Chennai,Chinese,1,248.36,0,26.91,26,UPI,4.0,Delivered,DP193,0.0,275.27,185.79,89.48
ORD104474,CUST1786,REST053,Urban Tadka,2025-10-17,Mumbai,North Indian,2,1116.66,25,41.85,69,Credit Card,3.0,Delivered,DP085,279.17,879.34,834.68,44.66
ORD104475,CUST1312,REST082,Royal Kitchen,2025-02-07,Bengaluru,Indian,3,162.36,10,44.04,41,UPI,4.5,Delivered,DP233,16.24,190.16,91.77,98.39
ORD104476,CUST1280,REST050,Curry Corner,2025-03-28,Chennai,Desserts,3,229.98,25,48.78,43,Debit Card,4.5,Delivered,DP039,57.5,221.26,144.84,76.42
ORD104477,CUST1725,REST080,Spice Hub,2025-11-17,Bengaluru,Fast Food,5,1299.73,25,46.7,16,Cash,4.0,Delivered,DP233,324.93,1021.5,766.1,255.4
ORD104478,CUST1030,REST041,Dosa Express,2025-06-05,Chennai,Biryani,3,1025.31,15,49.95,71,Credit Card,3.5,Delivered,DP154,153.8,921.46,595.95,325.51
ORD104479,CUST1336,REST018,Curry Corner,2025-11-04,Bengaluru,Indian,2,668.18,25,75.35,75,Credit Card,4.5,Delivered,DP042,167.04,576.49,431.26,145.23
ORD104480,CUST1182,REST022,The Food Factory,2025-10-13,Hyderabad,Indian,3,1025.9,25,35.87,43,Wallet,4.5,Delivered,DP190,256.48,805.29,711.87,93.42
ORD104481,CUST1022,REST066,Urban Tadka,2025-07-05,Bengaluru,Italian,4,1113.97,0,16.58,54,UPI,4.0,Cancelled,DP053,0.0,1130.55,700.75,429.8
ORD104482,CUST1543,REST021,Food Junction,2025-07-01,Mumbai,Fast Food,1,1069.68,20,56.62,71,Wallet,4.0,Delivered,DP195,213.94,912.36,664.4,247.96
ORD104483,CUST1445,REST100,Spice Hub,2025-05-23,Delhi,Indian,1,1199.49,15,53.1,23,Wallet,3.5,Delivered,DP050,179.92,1072.67,685.78,386.89
ORD104484,CUST1073,REST044,Sweet Treats,2025-07-25,Pune,Biryani,2,1699.68,20,20.11,69,Credit Card,4.5,Delivered,DP105,339.94,1379.85,1084.52,295.33
ORD104485,CUST1009,REST047,Taste of India,2025-05-22,Bengaluru,Desserts,5,773.15,0,26.37,66,Cash,4.5,Delivered,DP197,0.0,799.52,508.98,290.54
ORD104486,CUST1483,REST039,Dosa Express,2025-07-04,Delhi,Indian,1,625.93,5,58.34,58,Debit Card,3.5,Cancelled,DP107,31.3,652.97,401.66,251.31
ORD104487,CUST1455,REST029,The Food Factory,2025-08-29,Kolkata,Chinese,3,184.57,0,34.95,42,Wallet,4.0,Delivered,DP157,0.0,219.52,130.38,89.14
ORD104488,CUST1565,REST054,Taste of India,2025-01-08,Hyderabad,Fast Food,4,367.08,5,89.6,51,Cash,5.0,Delivered,DP225,18.35,438.33,226.22,212.11
ORD104489,CUST1563,REST090,Royal Kitchen,2025-03-13,Hyderabad,Indian,5,298.5,20,29.73,37,Wallet,4.0,Delivered,DP130,59.7,268.53,213.33,55.2
ORD104490,CUST1659,REST085,Food Junction,2025-10-15,Ahmedabad,North Indian,5,683.55,25,16.71,27,Cash,4.0,Cancelled,DP018,170.89,529.37,514.74,14.63
ORD104491,CUST1159,REST017,Taste of India,2025-04-05,Kolkata,Fast Food,5,1144.78,15,53.04,19,UPI,4.5,Delivered,DP060,171.72,1026.1,785.3,240.8
ORD104492,CUST1881,REST080,Pizza Point,2025-06-06,Kolkata,Indian,1,197.84,15,98.82,46,Debit Card,4.0,Delivered,DP116,29.68,266.98,126.5,140.48
ORD104493,CUST1013,REST060,Royal Kitchen,2025-02-10,Ahmedabad,Biryani,5,1342.48,10,68.88,42,Credit Card,4.5,Delivered,DP142,134.25,1277.11,793.85,483.26
ORD104494,CUST1177,REST031,Urban Tadka,2025-11-27,Kolkata,Desserts,2,787.69,20,45.09,72,UPI,4.5,Delivered,DP118,157.54,675.24,602.16,73.08
ORD104495,CUST1411,REST073,Taste of India,2025-10-28,Mumbai,Desserts,3,1738.69,10,16.43,29,Wallet,5.0,Cancelled,DP168,173.87,1581.25,1256.95,324.3
ORD104496,CUST1877,REST095,The Food Factory,2025-09-26,Kolkata,Biryani,4,1074.89,25,56.22,38,Wallet,4.5,Cancelled,DP192,268.72,862.39,652.12,210.27
ORD104497,CUST1052,REST078,Sweet Treats,2025-06-04,Mumbai,Fast Food,3,1415.89,20,32.55,46,Debit Card,4.0,Delivered,DP030,283.18,1165.26,827.79,337.47
ORD104498,CUST1407,REST049,Pizza Point,2025-10-02,Ahmedabad,South Indian,2,1566.78,25,70.06,35,Debit Card,4.5,Delivered,DP029,391.7,1245.14,879.5,365.64
ORD104499,CUST1846,REST002,Pizza Point,2025-06-03,Bengaluru,Italian,2,1613.26,5,64.56,19,Debit Card,5.0,Delivered,DP157,80.66,1597.16,958.0,639.16
ORD104500,CUST1021,REST048,Taste of India,2025-02-22,Ahmedabad,Italian,3,991.02,20,37.54,51,Wallet,4.0,Delivered,DP019,198.2,830.36,711.99,118.37
ORD104501,CUST1029,REST014,Dosa Express,2025-06-28,Chennai,Chinese,1,786.53,20,20.86,50,Wallet,3.0,Delivered,DP238,157.31,650.08,546.48,103.6
ORD104502,CUST1702,REST059,Biryani House,2025-08-28,Kolkata,South Indian,2,1061.67,5,79.18,73,Credit Card,5.0,Delivered,DP090,53.08,1087.77,820.15,267.62
ORD104503,CUST1259,REST097,Royal Kitchen,2025-05-17,Kolkata,Italian,5,795.48,0,64.76,42,Debit Card,3.5,Delivered,DP110,0.0,860.24,496.42,363.82
ORD104504,CUST1204,REST099,Dosa Express,2025-09-12,Hyderabad,Fast Food,4,524.4,25,86.58,46,Cash,3.5,Delivered,DP058,131.1,479.88,383.29,96.59
ORD104505,CUST1058,REST058,Dragon Bowl,2025-08-12,Ahmedabad,Italian,4,664.19,0,37.08,73,Credit Card,4.0,Delivered,DP246,0.0,701.27,383.71,317.56
ORD104506,CUST1470,REST058,Curry Corner,2025-06-29,Ahmedabad,Chinese,2,511.05,20,70.49,74,Cash,4.0,Cancelled,DP116,102.21,479.33,347.2,132.13
ORD104507,CUST1775,REST051,The Food Factory,2025-07-01,Delhi,Indian,5,572.66,0,25.09,37,UPI,4.5,Delivered,DP040,0.0,597.75,376.44,221.31
ORD104508,CUST1465,REST084,Biryani House,2025-09-16,Chennai,Italian,3,277.26,15,39.8,30,Debit Card,4.0,Delivered,DP009,41.59,275.47,205.94,69.53
ORD104509,CUST1011,REST002,Urban Tadka,2025-08-31,Hyderabad,Fast Food,4,836.46,20,70.81,64,Credit Card,3.0,Cancelled,DP121,167.29,739.98,595.03,144.95
ORD104510,CUST1630,REST041,Pizza Point,2025-04-06,Bengaluru,Fast Food,5,515.28,0,85.17,24,Credit Card,4.5,Delivered,DP110,0.0,600.45,306.43,294.02
ORD104511,CUST1289,REST083,The Food Factory,2025-07-16,Kolkata,Chinese,5,873.26,5,42.28,43,UPI,4.5,Delivered,DP108,43.66,871.88,677.91,193.97
ORD104512,CUST1849,REST082,Royal Kitchen,2025-01-14,Hyderabad,Desserts,1,1450.89,10,82.9,66,UPI,5.0,Delivered,DP205,145.09,1388.7,1072.68,316.02
ORD104513,CUST1759,REST016,Food Junction,2025-04-30,Mumbai,North Indian,2,873.16,5,72.61,41,UPI,4.0,Cancelled,DP230,43.66,902.11,551.46,350.65
ORD104514,CUST1353,REST004,Curry Corner,2025-09-26,Delhi,Chinese,5,1723.75,20,44.64,49,Credit Card,3.5,Delivered,DP159,344.75,1423.64,1275.55,148.09
ORD104515,CUST1638,REST012,Sweet Treats,2025-06-20,Delhi,North Indian,3,368.37,0,89.49,56,Wallet,4.5,Cancelled,DP078,0.0,457.86,283.68,174.18
ORD104516,CUST1074,REST029,Curry Corner,2025-03-13,Mumbai,Biryani,4,1548.45,5,58.28,59,Cash,3.5,Delivered,DP095,77.42,1529.31,1168.72,360.59
ORD104517,CUST1872,REST007,The Food Factory,2025-06-28,Ahmedabad,Biryani,1,537.07,10,70.1,38,Cash,3.0,Delivered,DP143,53.71,553.46,364.09,189.37
ORD104518,CUST1715,REST014,Urban Tadka,2025-06-19,Kolkata,Desserts,3,1689.01,10,57.13,37,UPI,4.5,Delivered,DP034,168.9,1577.24,1153.16,424.08
ORD104519,CUST1560,REST012,Pizza Point,2025-06-08,Kolkata,Biryani,4,501.61,0,53.48,17,Wallet,4.0,Cancelled,DP242,0.0,555.09,288.18,266.91
ORD104520,CUST1590,REST099,Spice Hub,2025-06-03,Chennai,North Indian,2,1374.9,10,87.08,50,Wallet,4.5,Cancelled,DP062,137.49,1324.49,808.28,516.21
ORD104521,CUST1440,REST005,Spice Hub,2025-03-23,Mumbai,Indian,3,224.36,15,40.05,59,UPI,4.5,Delivered,DP074,33.65,230.76,174.1,56.66
ORD104522,CUST1240,REST081,The Food Factory,2025-02-26,Kolkata,Fast Food,4,1178.09,10,18.11,28,Debit Card,4.0,Delivered,DP057,117.81,1078.39,856.53,221.86
ORD104523,CUST1860,REST032,Taste of India,2025-01-07,Delhi,Desserts,1,487.37,25,89.78,18,Credit Card,3.0,Delivered,DP149,121.84,455.31,270.91,184.4
ORD104524,CUST1153,REST074,Dosa Express,2025-04-22,Kolkata,Biryani,4,1245.89,0,85.13,58,Debit Card,4.0,Delivered,DP103,0.0,1331.02,842.14,488.88
ORD104525,CUST1785,REST043,Royal Kitchen,2025-02-17,Bengaluru,Fast Food,5,1188.19,0,46.16,62,Wallet,3.5,Delivered,DP054,0.0,1234.35,747.87,486.48
ORD104526,CUST1095,REST081,Curry Corner,2025-03-21,Kolkata,Chinese,1,1671.81,5,30.76,56,UPI,5.0,Cancelled,DP217,83.59,1618.98,1039.28,579.7
ORD104527,CUST1725,REST069,Urban Tadka,2025-11-12,Chennai,Desserts,3,1172.82,10,72.42,69,Credit Card,4.5,Delivered,DP165,117.28,1127.96,795.19,332.77
ORD104528,CUST1293,REST045,Royal Kitchen,2025-02-02,Pune,Indian,2,805.86,10,21.69,46,Cash,4.0,Delivered,DP168,80.59,746.96,502.56,244.4
ORD104529,CUST1208,REST009,Curry Corner,2025-04-25,Hyderabad,Chinese,1,445.19,20,51.02,70,Wallet,3.0,Cancelled,DP020,89.04,407.17,270.61,136.56
ORD104530,CUST1342,REST049,Food Junction,2025-01-03,Pune,Fast Food,1,1224.52,20,22.3,34,Credit Card,3.5,Delivered,DP109,244.9,1001.92,937.61,64.31
ORD104531,CUST1087,REST033,Spice Hub,2025-01-04,Bengaluru,South Indian,1,315.5,0,65.82,70,Credit Card,5.0,Cancelled,DP199,0.0,381.32,176.42,204.9
ORD104532,CUST1817,REST100,Dragon Bowl,2025-12-22,Pune,North Indian,4,1511.91,20,17.31,31,Debit Card,5.0,Delivered,DP249,302.38,1226.84,983.22,243.62
ORD104533,CUST1775,REST100,Pizza Point,2025-09-17,Kolkata,South Indian,5,535.52,5,68.49,43,Cash,3.0,Delivered,DP146,26.78,577.23,357.5,219.73
ORD104534,CUST1389,REST018,Royal Kitchen,2025-02-11,Chennai,Biryani,2,1000.59,25,72.22,71,Debit Card,5.0,Delivered,DP233,250.15,822.66,651.57,171.09
ORD104535,CUST1324,REST009,Food Junction,2025-01-09,Delhi,South Indian,2,1121.19,5,56.41,53,Debit Card,4.0,Cancelled,DP172,56.06,1121.54,786.14,335.4
ORD104536,CUST1888,REST062,Dragon Bowl,2025-11-03,Delhi,Chinese,5,728.98,15,29.88,46,Debit Card,4.0,Delivered,DP184,109.35,649.51,405.24,244.27
ORD104537,CUST1831,REST057,Pizza Point,2025-05-25,Bengaluru,Desserts,4,1235.31,25,23.62,18,Debit Card,3.5,Delivered,DP218,308.83,950.1,930.87,19.23
ORD104538,CUST1156,REST029,Curry Corner,2025-04-07,Pune,North Indian,4,540.36,15,41.63,38,Wallet,4.5,Delivered,DP017,81.05,500.94,359.37,141.57
ORD104539,CUST1667,REST078,Royal Kitchen,2025-10-03,Ahmedabad,South Indian,5,178.17,0,54.54,58,Cash,4.0,Delivered,DP042,0.0,232.71,120.68,112.03
ORD104540,CUST1650,REST025,Urban Tadka,2025-05-22,Ahmedabad,Italian,5,1731.57,5,69.59,56,Debit Card,5.0,Delivered,DP199,86.58,1714.58,1136.67,577.91
ORD104541,CUST1632,REST015,Spice Hub,2025-10-05,Chennai,Indian,3,657.68,5,15.11,16,Wallet,4.0,Delivered,DP156,32.88,639.91,428.96,210.95
ORD104542,CUST1576,REST006,Curry Corner,2025-01-27,Hyderabad,Fast Food,4,1318.62,15,75.44,28,Wallet,4.5,Delivered,DP021,197.79,1196.27,781.86,414.41
ORD104543,CUST1618,REST042,Spice Hub,2025-02-12,Kolkata,Desserts,1,972.66,25,75.58,54,Credit Card,3.5,Delivered,DP165,243.16,805.08,647.8,157.28
ORD104544,CUST1658,REST029,The Food Factory,2025-05-11,Pune,North Indian,2,1243.92,20,52.79,56,Credit Card,3.5,Delivered,DP151,248.78,1047.93,804.7,243.23
ORD104545,CUST1136,REST079,Dragon Bowl,2025-08-04,Ahmedabad,Desserts,4,306.37,15,44.19,52,UPI,3.5,Delivered,DP111,45.96,304.6,201.49,103.11
ORD104546,CUST1673,REST093,Sweet Treats,2025-04-04,Ahmedabad,Biryani,5,991.66,0,86.6,69,Wallet,5.0,Delivered,DP048,0.0,1078.26,548.57,529.69
ORD104547,CUST1427,REST004,Dragon Bowl,2025-01-08,Pune,Chinese,1,778.93,25,81.69,69,UPI,4.5,Delivered,DP059,194.73,665.89,451.86,214.03
ORD104548,CUST1451,REST082,Sweet Treats,2025-03-27,Hyderabad,Indian,3,879.11,5,98.58,48,Wallet,3.5,Delivered,DP128,43.96,933.73,637.82,295.91
ORD104549,CUST1611,REST057,Pizza Point,2025-12-11,Mumbai,Biryani,3,1743.23,0,46.61,60,Debit Card,4.0,Delivered,DP112,0.0,1789.84,1126.81,663.03
ORD104550,CUST1849,REST049,Curry Corner,2025-05-18,Kolkata,Chinese,1,348.97,15,92.08,57,Debit Card,4.5,Delivered,DP202,52.35,388.7,251.56,137.14
ORD104551,CUST1818,REST044,Biryani House,2025-09-03,Bengaluru,South Indian,1,1387.9,10,22.43,16,UPI,4.0,Delivered,DP238,138.79,1271.54,817.97,453.57
ORD104552,CUST1140,REST080,Spice Hub,2025-01-21,Kolkata,North Indian,5,674.98,15,49.97,50,Debit Card,5.0,Delivered,DP052,101.25,623.7,479.63,144.07
ORD104553,CUST1082,REST075,Spice Hub,2025-09-22,Chennai,Fast Food,5,607.8,5,54.56,20,Debit Card,5.0,Delivered,DP017,30.39,631.97,374.71,257.26
ORD104554,CUST1176,REST014,Biryani House,2025-05-28,Bengaluru,North Indian,2,574.91,0,52.47,50,Credit Card,4.5,Delivered,DP038,0.0,627.38,409.44,217.94
ORD104555,CUST1197,REST003,Taste of India,2025-07-03,Hyderabad,Italian,2,705.95,20,68.13,36,Debit Card,4.5,Delivered,DP129,141.19,632.89,402.36,230.53
ORD104556,CUST1623,REST062,Royal Kitchen,2025-08-15,Chennai,Desserts,3,719.96,20,29.47,19,Credit Card,4.5,Delivered,DP075,143.99,605.44,451.23,154.21
ORD104557,CUST1567,REST064,Curry Corner,2025-10-19,Delhi,Italian,1,574.85,5,88.65,52,Cash,4.0,Delivered,DP161,28.74,634.76,331.95,302.81
ORD104558,CUST1690,REST045,Biryani House,2025-02-05,Delhi,Desserts,3,1241.39,15,61.9,55,Wallet,4.0,Cancelled,DP095,186.21,1117.08,862.54,254.54
ORD104559,CUST1420,REST082,Sweet Treats,2025-09-03,Kolkata,North Indian,5,200.17,15,91.86,68,Credit Card,3.5,Delivered,DP044,30.03,262.0,128.17,133.83
ORD104560,CUST1400,REST058,Royal Kitchen,2025-03-14,Chennai,South Indian,4,678.25,0,15.22,36,Credit Card,5.0,Delivered,DP088,0.0,693.47,384.62,308.85
ORD104561,CUST1697,REST020,Spice Hub,2025-05-30,Bengaluru,Fast Food,5,590.75,15,68.55,62,Credit Card,4.5,Cancelled,DP020,88.61,570.69,396.43,174.26
ORD104562,CUST1470,REST058,Dragon Bowl,2025-01-01,Bengaluru,Indian,4,1382.38,5,50.06,25,Wallet,3.0,Delivered,DP175,69.12,1363.32,768.22,595.1
ORD104563,CUST1217,REST089,Sweet Treats,2025-03-10,Delhi,Fast Food,1,366.12,25,57.93,57,Wallet,4.5,Delivered,DP069,91.53,332.52,270.29,62.23
ORD104564,CUST1827,REST057,Curry Corner,2025-10-20,Delhi,South Indian,1,1700.35,25,78.22,70,Wallet,4.0,Delivered,DP170,425.09,1353.48,1302.16,51.32
ORD104565,CUST1728,REST077,Urban Tadka,2025-08-18,Hyderabad,Chinese,1,406.47,0,34.31,45,Debit Card,5.0,Delivered,DP154,0.0,440.78,299.29,141.49
ORD104566,CUST1631,REST068,Dragon Bowl,2025-07-30,Chennai,North Indian,2,741.65,0,32.42,67,Credit Card,4.0,Delivered,DP049,0.0,774.07,570.21,203.86
ORD104567,CUST1174,REST078,Urban Tadka,2025-03-13,Bengaluru,North Indian,2,455.5,0,74.76,67,Wallet,4.5,Delivered,DP106,0.0,530.26,344.51,185.75
ORD104568,CUST1022,REST097,Pizza Point,2025-12-29,Ahmedabad,North Indian,4,601.65,20,59.32,56,Cash,3.5,Delivered,DP071,120.33,540.64,454.75,85.89
ORD104569,CUST1724,REST092,Royal Kitchen,2025-04-06,Hyderabad,North Indian,3,1398.52,5,34.86,43,Wallet,4.5,Delivered,DP219,69.93,1363.45,848.13,515.32
ORD104570,CUST1234,REST052,Sweet Treats,2025-03-25,Bengaluru,Indian,3,920.36,15,56.14,73,UPI,4.0,Delivered,DP018,138.05,838.45,555.13,283.32
ORD104571,CUST1012,REST037,Sweet Treats,2025-08-16,Delhi,Italian,4,393.13,10,54.06,47,UPI,3.5,Cancelled,DP102,39.31,407.88,289.41,118.47
ORD104572,CUST1100,REST008,Sweet Treats,2025-10-26,Chennai,South Indian,2,198.35,0,73.77,36,Credit Card,4.5,Delivered,DP095,0.0,272.12,131.51,140.61
ORD104573,CUST1535,REST044,Taste of India,2025-08-24,Mumbai,Chinese,5,506.26,5,15.23,63,Credit Card,4.5,Delivered,DP009,25.31,496.18,388.17,108.01
ORD104574,CUST1875,REST098,Sweet Treats,2025-10-20,Chennai,South Indian,4,1708.61,25,64.87,41,Credit Card,5.0,Delivered,DP066,427.15,1346.33,1292.34,53.99
ORD104575,CUST1522,REST005,Urban Tadka,2025-08-10,Pune,Biryani,3,1540.13,0,66.48,22,Debit Card,4.5,Delivered,DP246,0.0,1606.61,1163.46,443.15
ORD104576,CUST1784,REST069,Taste of India,2025-08-11,Ahmedabad,Biryani,4,859.49,10,78.37,72,UPI,4.5,Cancelled,DP060,85.95,851.91,537.19,314.72
ORD104577,CUST1451,REST031,Pizza Point,2025-10-08,Ahmedabad,Biryani,4,929.75,20,90.58,62,UPI,5.0,Delivered,DP108,185.95,834.38,539.78,294.6
ORD104578,CUST1430,REST045,The Food Factory,2025-08-09,Ahmedabad,Italian,1,1630.94,5,52.42,71,Credit Card,5.0,Cancelled,DP037,81.55,1601.81,1151.32,450.49
ORD104579,CUST1792,REST009,Food Junction,2025-08-04,Mumbai,Fast Food,2,1113.46,15,44.11,20,UPI,4.5,Cancelled,DP175,167.02,990.55,725.23,265.32
ORD104580,CUST1605,REST032,Pizza Point,2025-08-19,Kolkata,Indian,1,1599.69,20,23.7,60,UPI,4.5,Delivered,DP237,319.94,1303.45,1223.45,80.0
ORD104581,CUST1712,REST033,Dosa Express,2025-06-18,Kolkata,North Indian,2,946.29,25,43.63,39,Debit Card,5.0,Delivered,DP029,236.57,753.35,706.3,47.05
ORD104582,CUST1532,REST067,Taste of India,2025-11-25,Hyderabad,Italian,4,456.16,0,20.82,48,Cash,4.5,Delivered,DP226,0.0,476.98,348.34,128.64
ORD104583,CUST1851,REST030,Urban Tadka,2025-02-11,Mumbai,Desserts,2,1339.56,25,83.24,23,Credit Card,4.5,Delivered,DP063,334.89,1087.91,911.72,176.19
ORD104584,CUST1722,REST076,Urban Tadka,2025-09-15,Mumbai,Chinese,3,1004.34,15,83.6,50,Cash,3.5,Delivered,DP015,150.65,937.29,673.94,263.35
ORD104585,CUST1651,REST029,Curry Corner,2025-07-15,Hyderabad,Chinese,1,1242.98,0,50.47,45,Cash,4.5,Delivered,DP238,0.0,1293.45,925.81,367.64
ORD104586,CUST1292,REST003,Spice Hub,2025-04-06,Chennai,Biryani,4,384.15,0,37.07,33,Debit Card,4.0,Delivered,DP009,0.0,421.22,256.51,164.71
ORD104587,CUST1809,REST090,Sweet Treats,2025-11-13,Hyderabad,Desserts,3,1207.97,10,25.03,63,UPI,3.5,Delivered,DP080,120.8,1112.2,914.44,197.76
ORD104588,CUST1100,REST057,Royal Kitchen,2025-01-14,Pune,Indian,2,762.19,0,87.36,15,Credit Card,5.0,Cancelled,DP066,0.0,849.55,425.24,424.31
ORD104589,CUST1501,REST030,Urban Tadka,2025-04-23,Delhi,Biryani,2,677.76,25,89.59,38,Wallet,4.5,Delivered,DP001,169.44,597.91,428.7,169.21
ORD104590,CUST1303,REST009,Sweet Treats,2025-03-18,Kolkata,Chinese,3,1248.08,15,37.63,48,Cash,4.0,Delivered,DP121,187.21,1098.5,926.09,172.41
ORD104591,CUST1870,REST026,Biryani House,2025-10-04,Delhi,Chinese,2,1114.96,20,67.85,31,Cash,4.0,Delivered,DP009,222.99,959.82,667.07,292.75
ORD104592,CUST1539,REST002,Spice Hub,2025-11-16,Kolkata,North Indian,1,1210.5,5,36.99,48,Debit Card,3.5,Delivered,DP057,60.52,1186.97,776.85,410.12
ORD104593,CUST1552,REST062,Biryani House,2025-06-09,Mumbai,Fast Food,5,1741.76,25,34.14,49,Cash,3.0,Delivered,DP184,435.44,1340.46,961.99,378.47
ORD104594,CUST1354,REST003,Royal Kitchen,2025-11-09,Ahmedabad,North Indian,2,1298.01,5,16.8,50,Cash,4.0,Delivered,DP148,64.9,1249.91,803.98,445.93
ORD104595,CUST1302,REST046,Dragon Bowl,2025-04-29,Hyderabad,Fast Food,4,1196.71,5,64.06,27,Cash,3.5,Delivered,DP238,59.84,1200.93,745.89,455.04
ORD104596,CUST1495,REST068,Sweet Treats,2025-06-10,Hyderabad,North Indian,2,1150.77,25,27.75,73,Debit Card,4.0,Delivered,DP121,287.69,890.83,826.81,64.02
ORD104597,CUST1657,REST025,Taste of India,2025-11-04,Hyderabad,Fast Food,4,789.84,25,16.05,39,UPI,5.0,Cancelled,DP002,197.46,608.43,557.46,50.97
ORD104598,CUST1767,REST051,Dosa Express,2025-12-17,Ahmedabad,Biryani,2,1529.84,25,23.91,69,Cash,3.5,Cancelled,DP001,382.46,1171.29,997.98,173.31
ORD104599,CUST1226,REST013,Spice Hub,2025-05-26,Pune,South Indian,2,759.98,0,41.67,26,Credit Card,3.5,Delivered,DP074,0.0,801.65,545.33,256.32
ORD104600,CUST1235,REST044,Royal Kitchen,2025-06-12,Pune,Desserts,4,1296.41,0,71.88,35,Cash,5.0,Delivered,DP215,0.0,1368.29,840.74,527.55
ORD104601,CUST1872,REST035,Taste of India,2025-06-28,Ahmedabad,Indian,1,612.48,5,32.22,51,Cash,4.5,Delivered,DP054,30.62,614.08,398.09,215.99
ORD104602,CUST1891,REST055,Urban Tadka,2025-03-30,Chennai,Fast Food,5,368.23,10,90.45,60,Credit Card,3.0,Delivered,DP019,36.82,421.86,257.2,164.66
ORD104603,CUST1454,REST087,Dosa Express,2025-08-11,Ahmedabad,Italian,5,338.0,15,39.52,52,Debit Card,3.0,Delivered,DP018,50.7,326.82,242.1,84.72
ORD104604,CUST1012,REST009,The Food Factory,2025-09-23,Bengaluru,Fast Food,1,1186.06,10,43.15,15,Wallet,4.5,Delivered,DP024,118.61,1110.6,883.36,227.24
ORD104605,CUST1209,REST002,Urban Tadka,2025-08-27,Kolkata,Biryani,2,670.96,25,33.53,62,Credit Card,4.0,Delivered,DP127,167.74,536.75,484.99,51.76
ORD104606,CUST1740,REST061,Food Junction,2025-11-04,Bengaluru,Indian,5,582.08,25,36.57,20,Wallet,4.5,Delivered,DP052,145.52,473.13,409.88,63.25
ORD104607,CUST1396,REST041,Pizza Point,2025-02-03,Bengaluru,Fast Food,1,1114.66,5,21.3,59,UPI,4.0,Delivered,DP214,55.73,1080.23,757.01,323.22
ORD104608,CUST1099,REST044,Spice Hub,2025-06-16,Ahmedabad,North Indian,1,163.13,15,40.06,59,UPI,5.0,Delivered,DP020,24.47,178.72,101.28,77.44
ORD104609,CUST1030,REST064,Royal Kitchen,2025-05-05,Kolkata,Indian,5,533.66,0,88.07,25,Cash,4.5,Delivered,DP139,0.0,621.73,325.56,296.17
ORD104610,CUST1897,REST031,Food Junction,2025-08-12,Chennai,Italian,4,692.12,0,73.52,30,Cash,3.0,Delivered,DP073,0.0,765.64,514.9,250.74
ORD104611,CUST1527,REST047,Sweet Treats,2025-05-30,Hyderabad,Chinese,3,1310.07,0,89.4,36,Debit Card,4.0,Delivered,DP207,0.0,1399.47,936.69,462.78
ORD104612,CUST1648,REST002,Spice Hub,2025-07-08,Bengaluru,North Indian,4,1035.6,15,23.91,60,Wallet,4.5,Delivered,DP188,155.34,904.17,728.07,176.1
ORD104613,CUST1328,REST096,Dragon Bowl,2025-02-12,Ahmedabad,Indian,2,1558.06,10,53.73,25,UPI,3.5,Delivered,DP016,155.81,1455.98,949.69,506.29
ORD104614,CUST1165,REST082,Dragon Bowl,2025-01-29,Hyderabad,South Indian,4,681.97,15,34.49,51,UPI,3.0,Delivered,DP141,102.3,614.16,527.2,86.96
ORD104615,CUST1458,REST077,Pizza Point,2025-12-28,Ahmedabad,Fast Food,3,618.02,10,76.3,40,Cash,3.0,Delivered,DP181,61.8,632.52,351.47,281.05
ORD104616,CUST1821,REST069,Spice Hub,2025-04-30,Mumbai,North Indian,3,175.77,25,97.47,71,Cash,4.5,Delivered,DP006,43.94,229.3,130.56,98.74
ORD104617,CUST1099,REST058,Taste of India,2025-12-03,Bengaluru,Biryani,1,1718.89,20,84.31,40,Debit Card,4.5,Delivered,DP025,343.78,1459.42,1028.72,430.7
ORD104618,CUST1620,REST044,Biryani House,2025-01-31,Mumbai,South Indian,2,962.51,10,18.0,56,Cash,3.5,Cancelled,DP063,96.25,884.26,616.22,268.04
ORD104619,CUST1854,REST074,Curry Corner,2025-06-30,Chennai,Desserts,1,964.24,0,41.92,35,Cash,4.5,Delivered,DP175,0.0,1006.16,625.23,380.93
ORD104620,CUST1172,REST056,Taste of India,2025-06-11,Delhi,Desserts,4,1671.37,0,17.43,71,Debit Card,4.5,Delivered,DP015,0.0,1688.8,1174.01,514.79
ORD104621,CUST1748,REST043,Pizza Point,2025-05-08,Pune,South Indian,4,607.06,5,18.41,40,Cash,5.0,Delivered,DP054,30.35,595.12,410.21,184.91
ORD104622,CUST1161,REST089,Royal Kitchen,2025-09-12,Kolkata,Biryani,5,677.94,25,21.76,29,Cash,5.0,Delivered,DP210,169.48,530.22,401.88,128.34
ORD104623,CUST1727,REST034,Dragon Bowl,2025-10-21,Ahmedabad,Biryani,1,1222.66,0,38.49,53,Cash,5.0,Delivered,DP171,0.0,1261.15,680.9,580.25
ORD104624,CUST1775,REST030,Spice Hub,2025-12-23,Chennai,Desserts,1,1439.1,5,40.86,49,Wallet,5.0,Delivered,DP225,71.96,1408.0,1028.9,379.1
ORD104625,CUST1262,REST071,Taste of India,2025-09-11,Chennai,Biryani,1,1294.84,20,49.04,25,UPI,4.0,Delivered,DP128,258.97,1084.91,862.53,222.38
ORD104626,CUST1803,REST070,Biryani House,2025-05-10,Chennai,South Indian,1,1445.05,0,49.42,23,Credit Card,4.5,Delivered,DP014,0.0,1494.47,915.02,579.45
ORD104627,CUST1273,REST055,Food Junction,2025-01-12,Bengaluru,Indian,3,1086.18,25,80.57,56,UPI,4.0,Delivered,DP249,271.54,895.21,668.48,226.73
ORD104628,CUST1002,REST067,Taste of India,2025-02-04,Mumbai,Biryani,5,1569.54,5,27.02,37,Wallet,4.5,Cancelled,DP034,78.48,1518.08,1160.36,357.72
ORD104629,CUST1027,REST013,Sweet Treats,2025-07-17,Pune,Chinese,2,1044.18,20,28.41,18,Credit Card,3.5,Delivered,DP130,208.84,863.75,765.35,98.4
ORD104630,CUST1325,REST003,Food Junction,2025-09-05,Bengaluru,South Indian,2,505.29,25,68.26,44,UPI,4.5,Delivered,DP020,126.32,447.23,373.91,73.32
ORD104631,CUST1148,REST026,Pizza Point,2025-04-20,Delhi,South Indian,2,1030.06,10,63.6,42,Debit Card,3.0,Delivered,DP250,103.01,990.65,618.44,372.21
ORD104632,CUST1539,REST057,Food Junction,2025-11-24,Kolkata,South Indian,3,1317.75,15,28.09,39,Wallet,4.0,Cancelled,DP106,197.66,1148.18,982.98,165.2
ORD104633,CUST1487,REST024,Spice Hub,2025-09-02,Kolkata,Italian,5,1218.01,25,87.44,36,Debit Card,4.0,Delivered,DP016,304.5,1000.95,946.0,54.95
ORD104634,CUST1821,REST053,Dosa Express,2025-09-07,Pune,Indian,5,528.27,25,42.97,39,Debit Card,5.0,Cancelled,DP195,132.07,439.17,363.35,75.82
ORD104635,CUST1437,REST070,Dosa Express,2025-11-13,Kolkata,Indian,3,189.01,5,46.19,66,UPI,3.5,Cancelled,DP238,9.45,225.75,106.01,119.74
ORD104636,CUST1064,REST043,The Food Factory,2025-06-12,Kolkata,Biryani,1,544.17,0,50.74,40,Credit Card,5.0,Delivered,DP158,0.0,594.91,387.19,207.72
ORD104637,CUST1355,REST060,Sweet Treats,2025-02-17,Chennai,South Indian,4,1773.19,0,42.43,64,Cash,3.5,Delivered,DP215,0.0,1815.62,1194.71,620.91
ORD104638,CUST1532,REST058,Spice Hub,2025-03-12,Hyderabad,North Indian,1,429.9,0,62.38,43,Cash,4.5,Delivered,DP103,0.0,492.28,306.85,185.43
ORD104639,CUST1251,REST049,Pizza Point,2025-05-14,Delhi,South Indian,2,900.14,25,48.04,60,Wallet,4.0,Delivered,DP051,225.04,723.14,534.05,189.09
ORD104640,CUST1234,REST042,Urban Tadka,2025-08-27,Mumbai,Biryani,1,1192.42,25,37.05,55,Debit Card,4.0,Cancelled,DP243,298.1,931.37,821.98,109.39
ORD104641,CUST1226,REST076,Dosa Express,2025-03-09,Ahmedabad,Indian,3,1597.51,20,91.88,46,Wallet,5.0,Delivered,DP249,319.5,1369.89,1076.75,293.14
ORD104642,CUST1524,REST100,Pizza Point,2025-10-05,Delhi,Desserts,2,1397.23,15,41.21,40,UPI,4.0,Delivered,DP215,209.58,1228.86,962.09,266.77
ORD104643,CUST1312,REST066,Food Junction,2025-02-01,Bengaluru,Biryani,4,1647.04,10,74.37,42,Debit Card,4.0,Delivered,DP243,164.7,1556.71,1181.56,375.15
ORD104644,CUST1048,REST011,Taste of India,2025-05-03,Kolkata,Desserts,2,1135.36,25,44.51,34,Cash,4.5,Delivered,DP131,283.84,896.03,766.56,129.47
ORD104645,CUST1117,REST098,Dosa Express,2025-01-22,Hyderabad,Biryani,1,1573.74,10,51.99,62,UPI,4.5,Delivered,DP077,157.37,1468.36,982.04,486.32
ORD104646,CUST1053,REST090,Spice Hub,2025-06-04,Ahmedabad,Biryani,5,563.26,0,35.06,73,UPI,5.0,Delivered,DP128,0.0,598.32,349.82,248.5
ORD104647,CUST1649,REST018,Dosa Express,2025-04-20,Bengaluru,Biryani,5,843.35,10,78.95,16,Wallet,4.5,Delivered,DP179,84.34,837.96,598.66,239.3
ORD104648,CUST1564,REST085,Biryani House,2025-09-28,Pune,Biryani,5,1537.54,25,77.66,37,Wallet,4.5,Delivered,DP121,384.38,1230.82,1080.41,150.41
ORD104649,CUST1043,REST100,Biryani House,2025-10-27,Chennai,Fast Food,2,666.95,25,16.89,53,Credit Card,4.0,Delivered,DP046,166.74,517.1,431.56,85.54
ORD104650,CUST1814,REST052,Biryani House,2025-04-25,Kolkata,Fast Food,5,1583.65,20,20.12,19,Cash,4.5,Cancelled,DP040,316.73,1287.04,999.78,287.26
ORD104651,CUST1052,REST046,Sweet Treats,2025-08-08,Chennai,South Indian,3,730.03,15,93.4,35,Cash,4.5,Cancelled,DP029,109.5,713.93,505.64,208.29
ORD104652,CUST1585,REST044,Royal Kitchen,2025-08-18,Delhi,South Indian,4,730.5,0,90.55,70,Wallet,4.0,Delivered,DP151,0.0,821.05,454.22,366.83
ORD104653,CUST1557,REST022,Dosa Express,2025-09-09,Chennai,North Indian,5,639.18,10,58.02,36,Cash,4.5,Cancelled,DP232,63.92,633.28,493.16,140.12
ORD104654,CUST1524,REST053,The Food Factory,2025-09-06,Chennai,North Indian,3,1038.86,5,56.94,63,Cash,4.0,Delivered,DP145,51.94,1043.86,713.89,329.97
ORD104655,CUST1676,REST059,Dragon Bowl,2025-01-09,Pune,Fast Food,3,336.84,5,84.06,25,UPI,4.5,Delivered,DP249,16.84,404.06,231.12,172.94
ORD104656,CUST1101,REST094,Pizza Point,2025-02-03,Mumbai,Indian,2,181.49,20,26.77,44,Debit Card,4.0,Cancelled,DP213,36.3,171.96,105.51,66.45
ORD104657,CUST1791,REST030,Royal Kitchen,2025-08-16,Mumbai,Italian,2,1627.65,10,70.56,42,Debit Card,4.0,Delivered,DP093,162.76,1535.45,1123.43,412.02
ORD104658,CUST1769,REST008,Biryani House,2025-03-14,Bengaluru,Indian,4,1680.62,5,55.46,50,Credit Card,4.5,Delivered,DP229,84.03,1652.05,1038.34,613.71
ORD104659,CUST1848,REST098,Food Junction,2025-10-28,Kolkata,North Indian,4,247.97,15,78.18,31,Debit Card,3.0,Delivered,DP069,37.2,288.95,162.15,126.8
ORD104660,CUST1867,REST057,Spice Hub,2025-07-31,Bengaluru,South Indian,1,1043.49,0,17.56,35,Cash,3.0,Cancelled,DP249,0.0,1061.05,703.09,357.96
ORD104661,CUST1397,REST073,Sweet Treats,2025-03-13,Mumbai,Fast Food,4,1026.67,15,65.38,51,UPI,3.5,Cancelled,DP085,154.0,938.05,677.53,260.52
ORD104662,CUST1137,REST020,Curry Corner,2025-02-27,Delhi,Indian,2,745.68,20,62.32,50,Debit Card,3.5,Delivered,DP066,149.14,658.86,548.94,109.92
ORD104663,CUST1674,REST025,Biryani House,2025-08-08,Mumbai,Italian,3,1075.76,15,86.47,39,Cash,3.5,Delivered,DP246,161.36,1000.87,616.28,384.59
ORD104664,CUST1386,REST019,Pizza Point,2025-10-02,Bengaluru,Desserts,1,889.64,10,72.53,38,Cash,4.5,Delivered,DP151,88.96,873.21,523.54,349.67
ORD104665,CUST1110,REST005,Food Junction,2025-09-06,Hyderabad,Biryani,4,942.59,25,89.81,44,Wallet,4.0,Delivered,DP075,235.65,796.75,552.46,244.29
ORD104666,CUST1613,REST075,Spice Hub,2025-01-16,Kolkata,Chinese,3,1388.97,15,90.42,56,Wallet,4.0,Delivered,DP207,208.35,1271.04,1024.88,246.16
ORD104667,CUST1016,REST079,Taste of India,2025-03-16,Chennai,Fast Food,2,1003.61,10,49.69,49,Debit Card,4.5,Cancelled,DP151,100.36,952.94,579.28,373.66
ORD104668,CUST1779,REST072,Urban Tadka,2025-04-16,Pune,Fast Food,5,663.75,0,26.68,35,Wallet,4.5,Delivered,DP135,0.0,690.43,513.37,177.06
ORD104669,CUST1181,REST083,Food Junction,2025-05-16,Hyderabad,Italian,1,1096.85,10,68.57,20,Cash,3.0,Delivered,DP171,109.68,1055.74,847.76,207.98
ORD104670,CUST1883,REST087,The Food Factory,2025-03-15,Hyderabad,Biryani,3,1196.47,20,89.27,35,Cash,5.0,Delivered,DP190,239.29,1046.45,930.99,115.46
ORD104671,CUST1535,REST027,Food Junction,2025-09-11,Chennai,Biryani,2,1232.68,10,21.37,22,Wallet,5.0,Cancelled,DP034,123.27,1130.78,955.73,175.05
ORD104672,CUST1540,REST040,Food Junction,2025-01-18,Mumbai,Chinese,2,1158.76,0,62.42,19,UPI,3.5,Delivered,DP102,0.0,1221.18,677.03,544.15
ORD104673,CUST1170,REST096,Royal Kitchen,2025-02-12,Ahmedabad,Desserts,1,1236.53,25,24.77,54,Wallet,4.5,Delivered,DP105,309.13,952.17,867.06,85.11
ORD104674,CUST1408,REST026,The Food Factory,2025-02-19,Kolkata,Biryani,1,640.96,0,17.29,24,UPI,3.0,Delivered,DP113,0.0,658.25,411.45,246.8
ORD104675,CUST1739,REST027,Taste of India,2025-01-03,Delhi,Desserts,4,869.5,20,72.77,45,Wallet,3.0,Delivered,DP051,173.9,768.37,624.58,143.79
ORD104676,CUST1377,REST062,Sweet Treats,2025-08-20,Hyderabad,Italian,4,1243.43,0,72.96,72,Cash,4.0,Cancelled,DP172,0.0,1316.39,799.97,516.42
ORD104677,CUST1187,REST083,Dosa Express,2025-08-07,Delhi,Desserts,1,1387.34,10,66.06,44,Cash,5.0,Delivered,DP070,138.73,1314.67,885.32,429.35
ORD104678,CUST1857,REST050,Spice Hub,2025-02-28,Pune,South Indian,1,849.37,20,88.03,65,Wallet,4.5,Delivered,DP208,169.87,767.53,643.74,123.79
ORD104679,CUST1229,REST042,Food Junction,2025-10-11,Pune,Biryani,3,733.76,5,21.87,35,Credit Card,4.0,Delivered,DP183,36.69,718.94,487.03,231.91
ORD104680,CUST1832,REST029,Food Junction,2025-10-29,Pune,South Indian,4,1322.68,10,23.95,50,UPI,4.0,Cancelled,DP066,132.27,1214.36,952.52,261.84
ORD104681,CUST1851,REST039,Dragon Bowl,2025-03-05,Bengaluru,North Indian,2,493.25,0,88.49,75,Credit Card,4.0,Cancelled,DP096,0.0,581.74,345.02,236.72
ORD104682,CUST1118,REST060,The Food Factory,2025-03-11,Hyderabad,North Indian,4,135.95,10,57.78,41,Cash,4.0,Delivered,DP058,13.6,180.13,95.34,84.79
ORD104683,CUST1155,REST041,Pizza Point,2025-10-30,Pune,South Indian,4,911.56,25,38.21,52,UPI,5.0,Delivered,DP120,227.89,721.88,574.55,147.33
ORD104684,CUST1783,REST033,Food Junction,2025-05-22,Bengaluru,Italian,1,411.27,0,77.74,49,Wallet,4.5,Delivered,DP171,0.0,489.01,250.08,238.93
ORD104685,CUST1686,REST083,Food Junction,2025-07-21,Pune,Fast Food,1,755.52,15,91.02,74,UPI,4.5,Delivered,DP111,113.33,733.21,569.4,163.81
ORD104686,CUST1464,REST083,The Food Factory,2025-07-26,Mumbai,Fast Food,4,609.27,0,73.62,46,UPI,4.0,Cancelled,DP061,0.0,682.89,338.54,344.35
ORD104687,CUST1103,REST097,Pizza Point,2025-08-09,Hyderabad,Fast Food,5,1425.8,0,82.31,40,Debit Card,5.0,Delivered,DP166,0.0,1508.11,840.9,667.21
ORD104688,CUST1603,REST016,The Food Factory,2025-12-28,Bengaluru,Indian,5,676.77,20,39.01,18,UPI,4.5,Delivered,DP156,135.35,580.43,392.89,187.54
ORD104689,CUST1697,REST023,Royal Kitchen,2025-09-03,Pune,Fast Food,4,1196.34,0,39.55,41,Cash,3.5,Delivered,DP185,0.0,1235.89,919.22,316.67
ORD104690,CUST1794,REST007,Sweet Treats,2025-03-22,Kolkata,Italian,5,1252.17,0,88.45,50,Credit Card,4.0,Delivered,DP041,0.0,1340.62,690.14,650.48
ORD104691,CUST1501,REST026,Food Junction,2025-09-08,Bengaluru,Chinese,4,886.84,5,67.26,51,Credit Card,4.0,Delivered,DP201,44.34,909.76,489.4,420.36
ORD104692,CUST1692,REST096,Biryani House,2025-02-20,Pune,North Indian,1,256.21,20,34.9,41,Wallet,5.0,Delivered,DP217,51.24,239.87,154.28,85.59
ORD104693,CUST1681,REST012,Spice Hub,2025-10-12,Mumbai,Biryani,1,1296.61,5,59.55,61,Debit Card,4.0,Cancelled,DP050,64.83,1291.33,796.37,494.96
ORD104694,CUST1698,REST072,Pizza Point,2025-12-12,Delhi,Fast Food,1,246.28,0,73.3,62,Credit Card,3.0,Delivered,DP090,0.0,319.58,167.16,152.42
ORD104695,CUST1174,REST005,Biryani House,2025-07-23,Ahmedabad,Indian,2,286.68,0,33.58,20,Credit Card,4.0,Delivered,DP237,0.0,320.26,221.05,99.21
ORD104696,CUST1733,REST092,The Food Factory,2025-01-25,Pune,North Indian,1,449.28,20,70.67,32,UPI,4.0,Delivered,DP090,89.86,430.09,295.16,134.93
ORD104697,CUST1744,REST069,Dragon Bowl,2025-02-10,Delhi,Desserts,1,591.03,5,18.58,40,Cash,4.5,Delivered,DP189,29.55,580.06,364.32,215.74
ORD104698,CUST1673,REST049,Food Junction,2025-03-10,Hyderabad,North Indian,4,1542.04,25,40.81,58,Cash,4.0,Delivered,DP247,385.51,1197.34,1137.89,59.45
ORD104699,CUST1420,REST026,Dragon Bowl,2025-01-04,Mumbai,South Indian,5,1253.87,0,72.29,38,Wallet,3.0,Cancelled,DP069,0.0,1326.16,800.88,525.28
ORD104700,CUST1133,REST005,Royal Kitchen,2025-08-28,Kolkata,Indian,5,770.52,10,27.69,66,Cash,3.5,Delivered,DP191,77.05,721.16,448.91,272.25
ORD104701,CUST1390,REST022,Dragon Bowl,2025-12-27,Hyderabad,Italian,1,1764.09,5,33.89,21,Credit Card,4.0,Delivered,DP121,88.2,1709.78,1292.64,417.14
ORD104702,CUST1735,REST079,The Food Factory,2025-01-31,Kolkata,Chinese,1,529.25,15,89.72,69,UPI,4.0,Delivered,DP081,79.39,539.58,291.38,248.2
ORD104703,CUST1500,REST013,Royal Kitchen,2025-04-27,Delhi,Fast Food,1,1144.49,20,72.32,58,Cash,5.0,Cancelled,DP026,228.9,987.91,683.46,304.45
ORD104704,CUST1664,REST028,Dragon Bowl,2025-07-14,Mumbai,Fast Food,4,1543.32,5,57.41,28,Debit Card,4.0,Delivered,DP247,77.17,1523.56,1074.28,449.28
ORD104705,CUST1032,REST033,Dosa Express,2025-03-31,Chennai,Indian,4,1467.4,20,32.93,27,Debit Card,3.0,Delivered,DP154,293.48,1206.85,841.65,365.2
ORD104706,CUST1054,REST023,Dosa Express,2025-06-27,Mumbai,Desserts,4,271.72,0,44.02,40,Debit Card,4.5,Delivered,DP245,0.0,315.74,165.43,150.31
ORD104707,CUST1518,REST097,Sweet Treats,2025-05-25,Mumbai,Italian,5,1291.42,0,63.82,57,Cash,5.0,Cancelled,DP107,0.0,1355.24,827.1,528.14
ORD104708,CUST1755,REST018,Food Junction,2025-07-21,Kolkata,Indian,2,553.21,20,28.2,57,UPI,4.5,Delivered,DP201,110.64,470.77,354.71,116.06
ORD104709,CUST1824,REST030,Food Junction,2025-11-18,Chennai,Indian,5,717.63,0,55.95,16,Cash,4.0,Cancelled,DP151,0.0,773.58,555.26,218.32
ORD104710,CUST1637,REST026,Biryani House,2025-12-10,Bengaluru,Chinese,4,941.51,0,49.76,60,Credit Card,4.5,Delivered,DP180,0.0,991.27,664.12,327.15
ORD104711,CUST1011,REST016,Royal Kitchen,2025-07-22,Bengaluru,Italian,3,1448.46,20,55.52,61,Cash,3.0,Delivered,DP088,289.69,1214.29,808.99,405.3
ORD104712,CUST1527,REST077,Curry Corner,2025-01-24,Bengaluru,Chinese,2,399.22,0,23.97,37,Debit Card,5.0,Delivered,DP105,0.0,423.19,239.9,183.29
ORD104713,CUST1719,REST039,Food Junction,2025-12-21,Delhi,Italian,1,302.37,20,24.05,42,Debit Card,5.0,Delivered,DP073,60.47,265.95,209.17,56.78
ORD104714,CUST1554,REST033,Sweet Treats,2025-04-15,Mumbai,Fast Food,5,377.78,10,96.95,15,UPI,4.5,Cancelled,DP202,37.78,436.95,269.77,167.18
ORD104715,CUST1372,REST026,Pizza Point,2025-10-02,Pune,Biryani,2,486.62,10,98.25,46,Wallet,4.0,Delivered,DP116,48.66,536.21,310.24,225.97
ORD104716,CUST1483,REST048,Dragon Bowl,2025-11-18,Chennai,South Indian,3,219.96,5,51.22,26,Debit Card,3.0,Delivered,DP198,11.0,260.18,164.31,95.87
ORD104717,CUST1646,REST065,Pizza Point,2025-03-01,Pune,Biryani,2,1676.28,0,82.06,60,Debit Card,5.0,Delivered,DP132,0.0,1758.34,1285.69,472.65
ORD104718,CUST1227,REST038,The Food Factory,2025-01-15,Delhi,Desserts,5,656.06,10,70.74,64,Wallet,4.5,Delivered,DP001,65.61,661.19,453.49,207.7
ORD104719,CUST1622,REST002,Biryani House,2025-03-26,Chennai,Desserts,4,417.32,0,24.94,67,Cash,4.0,Delivered,DP134,0.0,442.26,283.51,158.75
ORD104720,CUST1306,REST006,Dragon Bowl,2025-07-16,Pune,North Indian,1,1191.56,5,40.22,70,Debit Card,3.0,Delivered,DP184,59.58,1172.2,861.12,311.08
ORD104721,CUST1456,REST046,Royal Kitchen,2025-08-23,Ahmedabad,Italian,4,1442.15,0,41.66,74,UPI,4.5,Delivered,DP230,0.0,1483.81,1052.58,431.23
ORD104722,CUST1159,REST050,Dragon Bowl,2025-12-10,Kolkata,Biryani,4,1385.43,10,65.64,69,Cash,5.0,Delivered,DP029,138.54,1312.53,830.63,481.9
ORD104723,CUST1330,REST038,Taste of India,2025-09-20,Delhi,Indian,5,1327.43,15,64.3,49,Cash,4.5,Delivered,DP236,199.11,1192.62,877.72,314.9
ORD104724,CUST1775,REST088,Royal Kitchen,2025-01-06,Delhi,Fast Food,4,204.89,15,93.5,75,Debit Card,3.5,Delivered,DP131,30.73,267.66,133.77,133.89
ORD104725,CUST1224,REST018,Urban Tadka,2025-10-16,Ahmedabad,Desserts,4,1434.03,15,82.15,40,Cash,4.0,Delivered,DP128,215.1,1301.08,1099.24,201.84
ORD104726,CUST1728,REST027,The Food Factory,2025-02-27,Delhi,South Indian,5,963.16,25,87.83,45,Cash,3.5,Cancelled,DP109,240.79,810.2,554.5,255.7
ORD104727,CUST1503,REST041,Food Junction,2025-05-25,Chennai,South Indian,5,1210.46,15,90.75,71,UPI,5.0,Delivered,DP088,181.57,1119.64,928.42,191.22
ORD104728,CUST1455,REST072,The Food Factory,2025-02-11,Pune,North Indian,3,1726.79,15,83.11,26,Cash,4.0,Cancelled,DP170,259.02,1550.88,1177.15,373.73
ORD104729,CUST1044,REST092,Royal Kitchen,2025-12-16,Pune,South Indian,4,1481.93,15,43.29,43,Debit Card,4.5,Cancelled,DP137,222.29,1302.93,913.24,389.69
ORD104730,CUST1213,REST074,Taste of India,2025-07-19,Hyderabad,Fast Food,2,1506.62,15,33.28,19,Debit Card,3.5,Delivered,DP081,225.99,1313.91,1129.89,184.02
ORD104731,CUST1058,REST017,Urban Tadka,2025-06-23,Delhi,Biryani,1,424.86,10,63.6,49,Wallet,3.5,Cancelled,DP235,42.49,445.97,238.6,207.37
ORD104732,CUST1643,REST062,Royal Kitchen,2025-12-01,Bengaluru,South Indian,1,920.38,15,73.61,21,Credit Card,4.5,Delivered,DP059,138.06,855.93,573.72,282.21
ORD104733,CUST1615,REST029,Taste of India,2025-04-05,Mumbai,Desserts,5,1714.87,20,47.86,30,Wallet,5.0,Delivered,DP038,342.97,1419.76,1239.99,179.77
ORD104734,CUST1194,REST058,Taste of India,2025-08-05,Kolkata,South Indian,5,1098.91,20,87.11,46,UPI,4.0,Delivered,DP042,219.78,966.24,813.6,152.64
ORD104735,CUST1488,REST070,Dosa Express,2025-04-21,Kolkata,Italian,3,292.35,15,96.65,66,UPI,4.0,Delivered,DP248,43.85,345.15,172.06,173.09
ORD104736,CUST1156,REST078,Dragon Bowl,2025-12-19,Hyderabad,Indian,4,1349.46,25,63.4,31,Debit Card,4.5,Delivered,DP050,337.36,1075.5,1034.51,40.99
ORD104737,CUST1609,REST022,Pizza Point,2025-06-29,Hyderabad,Italian,5,192.12,5,53.81,35,Credit Card,4.5,Delivered,DP014,9.61,236.32,108.04,128.28
ORD104738,CUST1225,REST006,Royal Kitchen,2025-06-12,Chennai,Biryani,5,1367.06,10,86.65,41,Wallet,4.5,Delivered,DP126,136.71,1317.0,888.2,428.8
ORD104739,CUST1411,REST026,Royal Kitchen,2025-04-29,Hyderabad,Fast Food,1,1598.02,20,17.06,54,Credit Card,3.5,Delivered,DP100,319.6,1295.48,914.73,380.75
ORD104740,CUST1204,REST039,Curry Corner,2025-11-21,Pune,Fast Food,4,834.42,5,25.97,61,Debit Card,4.5,Delivered,DP173,41.72,818.67,477.68,340.99
ORD104741,CUST1078,REST012,Royal Kitchen,2025-08-16,Chennai,Italian,3,814.87,0,86.88,74,Cash,5.0,Delivered,DP033,0.0,901.75,619.46,282.29
ORD104742,CUST1123,REST099,Food Junction,2025-05-25,Chennai,Chinese,5,631.08,15,77.22,66,Debit Card,5.0,Delivered,DP148,94.66,613.64,478.3,135.34
ORD104743,CUST1470,REST014,Sweet Treats,2025-11-04,Kolkata,Italian,5,1593.26,0,50.37,29,Debit Card,4.5,Delivered,DP162,0.0,1643.63,1101.75,541.88
ORD104744,CUST1217,REST022,Biryani House,2025-05-22,Kolkata,Desserts,5,1040.28,25,90.55,37,Credit Card,5.0,Delivered,DP067,260.07,870.76,803.35,67.41
ORD104745,CUST1515,REST051,The Food Factory,2025-05-02,Bengaluru,Chinese,1,1093.16,25,44.87,22,UPI,3.5,Delivered,DP084,273.29,864.74,724.7,140.04
ORD104746,CUST1601,REST023,Food Junction,2025-10-12,Delhi,North Indian,5,1231.67,25,68.88,39,Cash,4.0,Delivered,DP067,307.92,992.63,899.19,93.44
ORD104747,CUST1103,REST048,Dragon Bowl,2025-08-14,Ahmedabad,Italian,5,624.39,15,68.92,25,Cash,4.5,Delivered,DP070,93.66,599.65,357.38,242.27
ORD104748,CUST1392,REST071,Dosa Express,2025-12-26,Ahmedabad,Chinese,1,847.08,15,30.67,71,UPI,3.5,Delivered,DP221,127.06,750.69,542.97,207.72
ORD104749,CUST1630,REST050,Pizza Point,2025-09-14,Hyderabad,Chinese,5,1365.9,5,39.21,35,Credit Card,5.0,Delivered,DP167,68.3,1336.81,913.06,423.75
ORD104750,CUST1644,REST089,The Food Factory,2025-10-12,Delhi,South Indian,4,1775.62,25,92.86,68,Credit Card,4.0,Delivered,DP171,443.9,1424.58,1294.38,130.2
ORD104751,CUST1823,REST013,Biryani House,2025-06-14,Delhi,North Indian,4,177.63,25,30.59,69,UPI,4.0,Delivered,DP223,44.41,163.81,111.36,52.45
ORD104752,CUST1607,REST085,Curry Corner,2025-08-09,Delhi,South Indian,1,191.65,25,29.75,24,Wallet,4.0,Delivered,DP167,47.91,173.49,148.62,24.87
ORD104753,CUST1433,REST010,Dragon Bowl,2025-03-10,Chennai,Chinese,4,839.18,0,55.77,64,Credit Card,4.0,Delivered,DP113,0.0,894.95,603.38,291.57
ORD104754,CUST1330,REST055,Food Junction,2025-11-05,Delhi,Chinese,3,1228.16,5,22.84,23,UPI,4.5,Delivered,DP085,61.41,1189.59,826.04,363.55
ORD104755,CUST1142,REST009,Sweet Treats,2025-08-12,Hyderabad,Indian,5,769.09,10,91.04,62,Wallet,4.0,Delivered,DP115,76.91,783.22,481.51,301.71
ORD104756,CUST1799,REST079,Pizza Point,2025-05-04,Chennai,Desserts,3,1799.39,25,23.51,15,Debit Card,3.5,Delivered,DP044,449.85,1373.05,1255.38,117.67
ORD104757,CUST1539,REST052,Spice Hub,2025-12-10,Hyderabad,Chinese,4,448.2,0,67.41,36,Cash,5.0,Delivered,DP129,0.0,515.61,315.89,199.72
ORD104758,CUST1277,REST002,Food Junction,2025-12-05,Chennai,Desserts,1,133.31,20,43.88,20,UPI,3.0,Delivered,DP097,26.66,150.53,94.15,56.38
ORD104759,CUST1232,REST025,Dragon Bowl,2025-01-12,Ahmedabad,South Indian,1,439.42,0,83.36,44,Credit Card,5.0,Delivered,DP050,0.0,522.78,300.93,221.85
ORD104760,CUST1528,REST013,Taste of India,2025-02-21,Mumbai,Chinese,3,1609.9,0,65.13,69,Cash,4.0,Delivered,DP202,0.0,1675.03,1033.74,641.29
ORD104761,CUST1570,REST098,Taste of India,2025-05-09,Mumbai,Fast Food,4,363.85,5,48.01,48,Wallet,4.5,Delivered,DP120,18.19,393.67,268.46,125.21
ORD104762,CUST1089,REST051,Sweet Treats,2025-05-15,Ahmedabad,Indian,5,924.68,15,98.63,27,Cash,4.0,Delivered,DP116,138.7,884.61,563.5,321.11
ORD104763,CUST1491,REST058,Urban Tadka,2025-05-25,Mumbai,Chinese,4,824.38,15,20.63,36,UPI,4.5,Delivered,DP062,123.66,721.35,571.99,149.36
ORD104764,CUST1198,REST034,Sweet Treats,2025-05-07,Mumbai,South Indian,4,1238.42,15,64.11,20,Debit Card,4.5,Delivered,DP218,185.76,1116.77,815.48,301.29
ORD104765,CUST1361,REST035,Pizza Point,2025-08-14,Ahmedabad,South Indian,1,211.72,15,99.11,55,Wallet,5.0,Delivered,DP003,31.76,279.07,159.92,119.15
ORD104766,CUST1440,REST003,Taste of India,2025-03-12,Chennai,Biryani,2,1226.7,15,73.73,60,Wallet,4.0,Cancelled,DP206,184.0,1116.43,841.3,275.13
ORD104767,CUST1025,REST059,Curry Corner,2025-09-30,Delhi,South Indian,5,715.98,10,77.88,38,Wallet,4.5,Delivered,DP136,71.6,722.26,534.7,187.56
ORD104768,CUST1024,REST070,Curry Corner,2025-07-06,Ahmedabad,Desserts,5,1675.75,0,17.73,35,Cash,4.0,Delivered,DP048,0.0,1693.48,1289.09,404.39
ORD104769,CUST1393,REST048,Taste of India,2025-01-03,Bengaluru,Indian,1,1546.13,20,16.82,53,Debit Card,5.0,Delivered,DP114,309.23,1253.72,895.54,358.18
ORD104770,CUST1506,REST064,Pizza Point,2025-10-12,Kolkata,Desserts,4,791.17,0,18.07,37,UPI,5.0,Delivered,DP096,0.0,809.24,536.17,273.07
ORD104771,CUST1300,REST019,Dosa Express,2025-01-22,Pune,South Indian,1,1788.06,0,99.3,19,UPI,4.0,Cancelled,DP169,0.0,1887.36,1346.97,540.39
ORD104772,CUST1338,REST067,Biryani House,2025-06-15,Bengaluru,Fast Food,4,207.27,10,98.26,21,Cash,4.0,Delivered,DP164,20.73,284.8,155.57,129.23
ORD104773,CUST1266,REST082,Biryani House,2025-11-06,Mumbai,Italian,2,1444.9,25,43.43,17,UPI,4.0,Delivered,DP219,361.22,1127.11,859.8,267.31
ORD104774,CUST1460,REST073,Pizza Point,2025-12-29,Delhi,Fast Food,2,848.85,25,39.73,69,UPI,4.5,Cancelled,DP057,212.21,676.37,560.85,115.52
ORD104775,CUST1692,REST076,Spice Hub,2025-09-03,Hyderabad,North Indian,3,847.95,15,27.41,27,Debit Card,5.0,Delivered,DP225,127.19,748.17,509.88,238.29
ORD104776,CUST1455,REST005,Biryani House,2025-08-22,Delhi,Desserts,4,405.82,25,42.98,68,Cash,5.0,Delivered,DP085,101.46,347.34,306.91,40.43
ORD104777,CUST1359,REST067,The Food Factory,2025-11-21,Hyderabad,Fast Food,1,985.0,10,46.46,26,Cash,4.5,Cancelled,DP090,98.5,932.96,542.48,390.48
ORD104778,CUST1067,REST011,Biryani House,2025-06-07,Bengaluru,Indian,1,262.33,20,78.6,20,Wallet,4.5,Delivered,DP119,52.47,288.46,157.46,131.0
ORD104779,CUST1862,REST094,The Food Factory,2025-05-31,Delhi,Indian,1,1155.85,20,88.63,48,UPI,4.0,Delivered,DP078,231.17,1013.31,744.46,268.85
ORD104780,CUST1411,REST068,Taste of India,2025-08-01,Delhi,Biryani,3,525.87,10,78.47,29,Credit Card,4.5,Cancelled,DP171,52.59,551.75,315.97,235.78
ORD104781,CUST1490,REST069,Dosa Express,2025-08-06,Pune,South Indian,5,1337.76,25,69.95,61,Debit Card,4.0,Cancelled,DP228,334.44,1073.27,1035.32,37.95
ORD104782,CUST1832,REST001,Sweet Treats,2025-09-03,Ahmedabad,Biryani,1,1140.37,0,80.1,32,Debit Card,4.5,Delivered,DP028,0.0,1220.47,691.21,529.26
ORD104783,CUST1048,REST091,Dosa Express,2025-10-30,Bengaluru,Indian,2,1373.96,0,77.77,69,Credit Card,3.0,Cancelled,DP092,0.0,1451.73,870.17,581.56
ORD104784,CUST1686,REST092,Biryani House,2025-10-03,Delhi,South Indian,1,1379.57,5,55.44,63,Wallet,3.0,Cancelled,DP085,68.98,1366.03,814.0,552.03
ORD104785,CUST1563,REST063,Biryani House,2025-05-31,Hyderabad,Indian,1,450.47,5,43.55,71,Credit Card,4.5,Delivered,DP112,22.52,471.5,343.77,127.73
ORD104786,CUST1101,REST029,Royal Kitchen,2025-07-15,Kolkata,Indian,1,121.13,20,39.04,17,Credit Card,5.0,Delivered,DP187,24.23,135.94,78.08,57.86
ORD104787,CUST1215,REST082,Pizza Point,2025-01-21,Delhi,Italian,5,734.48,0,72.75,36,Wallet,4.5,Delivered,DP233,0.0,807.23,448.2,359.03
ORD104788,CUST1437,REST012,Sweet Treats,2025-09-14,Hyderabad,Fast Food,1,1664.04,15,96.54,49,Credit Card,4.5,Delivered,DP118,249.61,1510.97,1009.42,501.55
ORD104789,CUST1699,REST077,Biryani House,2025-01-17,Mumbai,Biryani,5,1090.87,10,64.39,42,Wallet,5.0,Delivered,DP157,109.09,1046.17,746.91,299.26
ORD104790,CUST1568,REST041,Urban Tadka,2025-02-20,Delhi,Desserts,5,1342.2,25,92.56,55,UPI,4.0,Cancelled,DP238,335.55,1099.21,1040.01,59.2
ORD104791,CUST1558,REST002,Urban Tadka,2025-09-27,Hyderabad,Biryani,3,1597.68,15,16.21,56,Wallet,3.5,Delivered,DP038,239.65,1374.24,1236.7,137.54
ORD104792,CUST1158,REST037,Spice Hub,2025-11-11,Kolkata,Chinese,2,1642.18,20,82.53,26,Cash,5.0,Delivered,DP162,328.44,1396.27,1273.98,122.29
ORD104793,CUST1488,REST045,Taste of India,2025-03-24,Bengaluru,North Indian,1,1008.76,10,87.56,69,Cash,5.0,Delivered,DP065,100.88,995.44,644.52,350.92
ORD104794,CUST1685,REST080,The Food Factory,2025-11-02,Mumbai,Italian,1,1028.78,5,68.63,15,Credit Card,4.0,Delivered,DP148,51.44,1045.97,782.2,263.77
ORD104795,CUST1241,REST048,Dosa Express,2025-05-04,Delhi,Indian,1,1549.58,20,94.4,50,Cash,4.0,Delivered,DP026,309.92,1334.06,1010.65,323.41
ORD104796,CUST1793,REST024,Taste of India,2025-10-17,Pune,Indian,5,1476.58,20,65.14,44,Wallet,5.0,Delivered,DP243,295.32,1246.4,985.51,260.89
ORD104797,CUST1752,REST099,The Food Factory,2025-09-19,Hyderabad,Italian,4,1294.08,0,35.45,67,UPI,4.5,Delivered,DP027,0.0,1329.53,866.49,463.04
ORD104798,CUST1881,REST022,The Food Factory,2025-12-31,Kolkata,South Indian,2,1135.5,0,33.34,69,Wallet,3.0,Delivered,DP151,0.0,1168.84,641.13,527.71
ORD104799,CUST1004,REST100,Food Junction,2025-02-18,Pune,Biryani,1,1156.92,20,62.25,37,Debit Card,3.5,Delivered,DP199,231.38,987.79,683.42,304.37
ORD104800,CUST1595,REST011,Royal Kitchen,2025-01-06,Delhi,Indian,4,729.69,0,92.05,51,Credit Card,5.0,Delivered,DP022,0.0,821.74,550.04,271.7
ORD104801,CUST1819,REST058,Biryani House,2025-04-27,Hyderabad,North Indian,4,1532.74,0,21.15,42,UPI,3.0,Delivered,DP175,0.0,1553.89,1159.0,394.89
ORD104802,CUST1360,REST046,Spice Hub,2025-04-28,Delhi,Chinese,4,1157.87,20,66.37,63,Credit Card,4.0,Cancelled,DP229,231.57,992.67,690.62,302.05
ORD104803,CUST1458,REST029,Biryani House,2025-09-20,Mumbai,Biryani,2,495.53,25,80.43,67,Debit Card,4.5,Delivered,DP227,123.88,452.08,307.03,145.05
ORD104804,CUST1247,REST035,Spice Hub,2025-12-19,Kolkata,Fast Food,4,522.94,20,24.81,19,Cash,3.5,Delivered,DP239,104.59,443.16,387.42,55.74
ORD104805,CUST1565,REST015,Taste of India,2025-05-09,Kolkata,Desserts,1,1567.49,5,24.93,50,Debit Card,4.0,Delivered,DP196,78.37,1514.05,935.73,578.32
ORD104806,CUST1672,REST060,Dragon Bowl,2025-06-20,Mumbai,Desserts,1,1171.19,10,46.12,75,Cash,4.0,Delivered,DP221,117.12,1100.19,881.43,218.76
ORD104807,CUST1421,REST095,Dragon Bowl,2025-01-27,Delhi,North Indian,3,789.82,25,38.28,68,Credit Card,4.0,Delivered,DP101,197.46,630.64,583.94,46.7
ORD104808,CUST1737,REST042,Pizza Point,2025-07-18,Delhi,Italian,5,434.33,0,31.86,61,Credit Card,5.0,Delivered,DP228,0.0,466.19,319.55,146.64
ORD104809,CUST1014,REST043,Pizza Point,2025-11-10,Chennai,Biryani,4,1145.16,5,31.89,70,Credit Card,4.5,Cancelled,DP067,57.26,1119.79,864.71,255.08
ORD104810,CUST1735,REST080,Taste of India,2025-12-11,Delhi,Desserts,5,429.64,25,26.11,24,Wallet,4.0,Delivered,DP194,107.41,348.34,323.95,24.39
ORD104811,CUST1572,REST074,Sweet Treats,2025-04-07,Kolkata,Fast Food,5,909.88,20,66.92,19,UPI,4.0,Delivered,DP069,181.98,794.82,692.38,102.44
ORD104812,CUST1121,REST049,Urban Tadka,2025-01-17,Delhi,Chinese,5,1258.22,0,73.49,28,Wallet,3.0,Delivered,DP082,0.0,1331.71,946.55,385.16
ORD104813,CUST1276,REST064,Royal Kitchen,2025-06-22,Pune,South Indian,5,1069.9,15,74.75,38,Debit Card,3.0,Delivered,DP098,160.49,984.16,737.79,246.37
ORD104814,CUST1557,REST032,The Food Factory,2025-04-11,Pune,Desserts,5,1669.13,5,60.25,42,UPI,4.5,Cancelled,DP015,83.46,1645.92,978.57,667.35
ORD104815,CUST1452,REST064,Spice Hub,2025-07-05,Mumbai,Italian,1,186.73,5,96.0,35,Credit Card,3.5,Cancelled,DP242,9.34,273.39,128.86,144.53
ORD104816,CUST1389,REST002,Curry Corner,2025-07-03,Pune,South Indian,2,590.06,15,89.85,59,Credit Card,4.0,Delivered,DP126,88.51,591.4,452.4,139.0
ORD104817,CUST1293,REST024,Dragon Bowl,2025-08-03,Delhi,Desserts,4,215.9,20,96.4,65,Credit Card,5.0,Delivered,DP114,43.18,269.12,166.8,102.32
ORD104818,CUST1573,REST087,Biryani House,2025-09-08,Bengaluru,North Indian,4,446.94,5,48.05,54,Cash,4.0,Delivered,DP104,22.35,472.64,320.7,151.94
ORD104819,CUST1597,REST066,Taste of India,2025-08-04,Ahmedabad,Indian,1,328.29,0,89.61,26,Debit Card,4.0,Delivered,DP172,0.0,417.9,232.95,184.95
ORD104820,CUST1445,REST038,The Food Factory,2025-01-29,Delhi,South Indian,1,1350.87,20,79.84,34,Wallet,5.0,Delivered,DP247,270.17,1160.54,1034.55,125.99
ORD104821,CUST1209,REST031,Dragon Bowl,2025-04-12,Ahmedabad,Indian,5,740.55,0,43.9,65,Debit Card,5.0,Delivered,DP233,0.0,784.45,456.91,327.54
ORD104822,CUST1589,REST026,Spice Hub,2025-05-03,Kolkata,North Indian,2,1674.07,0,24.06,46,Cash,5.0,Delivered,DP051,0.0,1698.13,978.87,719.26
ORD104823,CUST1713,REST029,Dosa Express,2025-02-23,Chennai,Desserts,4,159.27,5,73.02,65,Cash,4.5,Delivered,DP193,7.96,224.33,98.22,126.11
ORD104824,CUST1301,REST067,Sweet Treats,2025-10-10,Hyderabad,Fast Food,3,1216.91,20,26.6,52,Debit Card,5.0,Delivered,DP214,243.38,1000.13,934.9,65.23
ORD104825,CUST1222,REST078,Biryani House,2025-04-12,Kolkata,Biryani,1,1750.52,5,39.97,54,Cash,5.0,Delivered,DP153,87.53,1702.96,1048.27,654.69
ORD104826,CUST1733,REST025,Pizza Point,2025-04-27,Ahmedabad,Chinese,3,415.41,5,57.53,56,UPI,4.0,Delivered,DP189,20.77,452.17,249.95,202.22
ORD104827,CUST1002,REST048,Taste of India,2025-04-14,Mumbai,Fast Food,4,863.29,20,72.79,35,Credit Card,4.5,Cancelled,DP145,172.66,763.42,513.12,250.3
ORD104828,CUST1517,REST065,Dragon Bowl,2025-02-14,Pune,Chinese,1,1299.18,20,93.73,31,Wallet,3.5,Delivered,DP097,259.84,1133.07,859.41,273.66
ORD104829,CUST1092,REST053,Pizza Point,2025-04-24,Bengaluru,South Indian,4,1183.67,20,65.43,15,Cash,4.5,Delivered,DP052,236.73,1012.37,867.83,144.54
ORD104830,CUST1519,REST067,Spice Hub,2025-12-09,Kolkata,Chinese,1,1070.93,25,72.07,65,Wallet,4.0,Delivered,DP058,267.73,875.27,683.07,192.2
ORD104831,CUST1427,REST090,Pizza Point,2025-01-31,Hyderabad,South Indian,4,668.95,20,41.35,58,Credit Card,4.0,Delivered,DP209,133.79,576.51,383.33,193.18
ORD104832,CUST1492,REST018,Dragon Bowl,2025-06-13,Bengaluru,Chinese,3,1343.38,0,73.42,42,Debit Card,3.5,Cancelled,DP185,0.0,1416.8,967.56,449.24
ORD104833,CUST1234,REST009,Dragon Bowl,2025-07-08,Mumbai,Italian,2,1217.47,20,52.21,68,Credit Card,4.0,Delivered,DP166,243.49,1026.19,840.37,185.82
ORD104834,CUST1619,REST038,Biryani House,2025-10-20,Pune,Fast Food,1,393.5,15,87.84,16,Wallet,4.5,Delivered,DP069,59.02,422.32,259.79,162.53
ORD104835,CUST1160,REST087,Urban Tadka,2025-07-14,Chennai,Desserts,3,1739.67,20,48.36,31,UPI,4.5,Delivered,DP123,347.93,1440.1,1342.58,97.52
ORD104836,CUST1720,REST021,Dragon Bowl,2025-10-19,Ahmedabad,Desserts,4,1053.53,5,54.8,53,Debit Card,4.0,Delivered,DP037,52.68,1055.65,693.43,362.22
ORD104837,CUST1751,REST065,The Food Factory,2025-09-18,Kolkata,Italian,3,1002.78,15,51.77,28,Cash,4.5,Delivered,DP235,150.42,904.13,720.48,183.65
ORD104838,CUST1330,REST021,Urban Tadka,2025-07-26,Kolkata,Biryani,1,1545.04,25,83.95,28,UPI,4.5,Delivered,DP235,386.26,1242.73,906.1,336.63
ORD104839,CUST1332,REST027,Taste of India,2025-02-21,Kolkata,Desserts,3,1195.89,10,96.06,58,Credit Card,4.5,Cancelled,DP075,119.59,1172.36,772.31,400.05
ORD104840,CUST1049,REST070,Urban Tadka,2025-02-18,Ahmedabad,Biryani,4,245.13,0,42.82,62,Wallet,4.0,Cancelled,DP204,0.0,287.95,146.79,141.16
ORD104841,CUST1522,REST044,Food Junction,2025-01-06,Mumbai,Indian,5,971.07,0,55.38,32,Wallet,5.0,Delivered,DP108,0.0,1026.45,611.84,414.61
ORD104842,CUST1862,REST100,Dragon Bowl,2025-08-12,Bengaluru,Desserts,2,1431.4,15,75.0,54,Wallet,4.5,Delivered,DP162,214.71,1291.69,945.2,346.49
ORD104843,CUST1667,REST028,The Food Factory,2025-01-23,Bengaluru,Indian,2,1295.97,25,91.11,48,Credit Card,5.0,Delivered,DP035,323.99,1063.09,764.8,298.29
ORD104844,CUST1491,REST045,Spice Hub,2025-05-25,Mumbai,Desserts,5,1750.89,0,56.96,57,Debit Card,3.5,Delivered,DP188,0.0,1807.85,1286.38,521.47
ORD104845,CUST1581,REST017,The Food Factory,2025-04-20,Kolkata,Desserts,1,161.86,0,24.26,15,Cash,4.0,Delivered,DP039,0.0,186.12,103.02,83.1
ORD104846,CUST1680,REST040,Food Junction,2025-07-31,Delhi,Indian,3,558.85,20,46.34,56,UPI,3.5,Delivered,DP244,111.77,493.42,422.61,70.81
ORD104847,CUST1271,REST003,Curry Corner,2025-10-27,Mumbai,North Indian,3,1042.58,25,61.78,32,Credit Card,4.0,Delivered,DP174,260.64,843.72,735.2,108.52
ORD104848,CUST1579,REST076,Urban Tadka,2025-02-10,Pune,Biryani,5,1160.74,0,50.49,62,Wallet,4.0,Delivered,DP118,0.0,1211.23,685.56,525.67
ORD104849,CUST1866,REST076,The Food Factory,2025-06-21,Pune,Chinese,5,580.92,25,30.86,48,Cash,5.0,Delivered,DP144,145.23,466.55,405.28,61.27
ORD104850,CUST1251,REST066,Pizza Point,2025-07-05,Chennai,South Indian,4,1509.03,5,18.14,37,Wallet,4.5,Delivered,DP088,75.45,1451.72,838.04,613.68
ORD104851,CUST1559,REST046,Spice Hub,2025-08-02,Mumbai,North Indian,4,396.1,5,73.43,63,Credit Card,4.0,Cancelled,DP159,19.8,449.73,291.41,158.32
ORD104852,CUST1695,REST086,Dragon Bowl,2025-11-02,Hyderabad,Chinese,2,121.43,20,99.38,30,Wallet,4.5,Delivered,DP014,24.29,196.52,94.0,102.52
ORD104853,CUST1831,REST087,Dragon Bowl,2025-02-21,Ahmedabad,Fast Food,1,1720.02,0,93.13,33,Credit Card,3.0,Delivered,DP241,0.0,1813.15,1214.13,599.02
ORD104854,CUST1698,REST030,Dosa Express,2025-03-11,Ahmedabad,Biryani,1,777.82,20,73.08,51,Wallet,4.0,Cancelled,DP047,155.56,695.34,593.55,101.79
ORD104855,CUST1089,REST069,Taste of India,2025-07-15,Pune,Desserts,5,1728.58,20,86.53,74,Credit Card,4.5,Cancelled,DP160,345.72,1469.39,1067.92,401.47
ORD104856,CUST1445,REST009,Taste of India,2025-05-31,Pune,Desserts,2,586.93,0,36.74,69,Wallet,4.5,Delivered,DP107,0.0,623.67,379.99,243.68
ORD104857,CUST1331,REST085,Royal Kitchen,2025-04-19,Pune,Desserts,2,226.59,0,67.91,20,Cash,4.5,Delivered,DP077,0.0,294.5,146.75,147.75
ORD104858,CUST1138,REST011,Taste of India,2025-04-28,Delhi,South Indian,4,1417.83,10,20.15,38,Cash,4.0,Cancelled,DP102,141.78,1296.2,816.34,479.86
ORD104859,CUST1356,REST069,The Food Factory,2025-12-31,Hyderabad,South Indian,3,1524.18,20,75.11,31,Wallet,4.0,Delivered,DP017,304.84,1294.45,1117.5,176.95
ORD104860,CUST1600,REST099,Urban Tadka,2025-04-05,Kolkata,South Indian,1,946.71,0,97.44,62,Wallet,5.0,Delivered,DP236,0.0,1044.15,628.49,415.66
ORD104861,CUST1273,REST091,The Food Factory,2025-09-13,Kolkata,Indian,2,244.07,0,88.17,30,Credit Card,5.0,Delivered,DP124,0.0,332.24,161.77,170.47
ORD104862,CUST1018,REST066,Dragon Bowl,2025-02-13,Mumbai,South Indian,4,1218.95,0,60.43,53,Credit Card,4.0,Cancelled,DP124,0.0,1279.38,857.83,421.55
ORD104863,CUST1310,REST088,Biryani House,2025-03-08,Delhi,South Indian,4,426.0,15,82.04,62,Credit Card,4.5,Delivered,DP184,63.9,444.14,251.05,193.09
ORD104864,CUST1869,REST031,Pizza Point,2025-06-05,Pune,Biryani,4,1546.96,25,95.23,55,Debit Card,4.0,Delivered,DP164,386.74,1255.45,1139.08,116.37
ORD104865,CUST1885,REST033,Dragon Bowl,2025-11-19,Kolkata,Chinese,3,580.36,20,33.36,69,Wallet,4.0,Delivered,DP117,116.07,497.65,368.04,129.61
ORD104866,CUST1153,REST039,Dosa Express,2025-07-25,Hyderabad,North Indian,2,1544.15,20,82.43,20,Wallet,4.5,Cancelled,DP170,308.83,1317.75,877.57,440.18
ORD104867,CUST1389,REST094,Dosa Express,2025-10-01,Kolkata,North Indian,5,837.23,0,37.94,30,Wallet,4.5,Cancelled,DP082,0.0,875.17,497.13,378.04
ORD104868,CUST1259,REST046,Pizza Point,2025-06-04,Ahmedabad,Desserts,5,1122.1,15,89.54,23,Wallet,5.0,Delivered,DP147,168.32,1043.32,682.41,360.91
ORD104869,CUST1619,REST037,Food Junction,2025-06-28,Hyderabad,Chinese,4,1446.47,0,23.36,43,Credit Card,4.5,Cancelled,DP135,0.0,1469.83,854.76,615.07
ORD104870,CUST1882,REST092,Sweet Treats,2025-03-01,Delhi,Italian,4,187.94,25,30.15,18,Credit Card,4.5,Delivered,DP055,46.98,171.11,113.84,57.27
ORD104871,CUST1796,REST060,Dragon Bowl,2025-03-15,Kolkata,Italian,3,1499.56,5,76.25,74,Debit Card,3.0,Delivered,DP158,74.98,1500.83,1168.23,332.6
ORD104872,CUST1570,REST031,Dragon Bowl,2025-02-18,Pune,Fast Food,4,352.93,20,29.86,40,Credit Card,4.5,Delivered,DP076,70.59,312.2,237.76,74.44
ORD104873,CUST1124,REST011,Biryani House,2025-09-28,Delhi,Biryani,2,722.14,5,28.43,68,Wallet,5.0,Delivered,DP203,36.11,714.46,497.32,217.14
ORD104874,CUST1353,REST087,Spice Hub,2025-03-14,Ahmedabad,Italian,4,914.27,25,62.21,52,Wallet,4.0,Delivered,DP120,228.57,747.91,537.76,210.15
ORD104875,CUST1272,REST002,Dosa Express,2025-07-15,Bengaluru,Italian,4,1624.32,20,85.97,40,UPI,3.5,Cancelled,DP029,324.86,1385.43,909.82,475.61
ORD104876,CUST1618,REST027,Taste of India,2025-06-28,Pune,Biryani,2,157.7,25,37.82,28,Credit Card,5.0,Cancelled,DP195,39.42,156.1,97.99,58.11
ORD104877,CUST1810,REST099,The Food Factory,2025-02-17,Delhi,Chinese,1,1059.46,0,86.5,49,UPI,4.0,Delivered,DP162,0.0,1145.96,770.29,375.67
ORD104878,CUST1244,REST002,Food Junction,2025-03-13,Mumbai,Desserts,5,1199.44,20,83.68,69,Wallet,4.0,Delivered,DP162,239.89,1043.23,813.84,229.39
ORD104879,CUST1847,REST021,Dragon Bowl,2025-04-23,Kolkata,Fast Food,4,651.86,15,64.22,63,Credit Card,3.0,Delivered,DP223,97.78,618.3,360.14,258.16
ORD104880,CUST1449,REST058,Sweet Treats,2025-09-02,Pune,Fast Food,2,608.02,20,69.96,57,Wallet,3.5,Delivered,DP086,121.6,556.38,444.72,111.66
ORD104881,CUST1246,REST005,Pizza Point,2025-11-05,Chennai,Fast Food,5,943.99,0,18.44,38,UPI,4.0,Delivered,DP002,0.0,962.43,541.77,420.66
ORD104882,CUST1519,REST052,Curry Corner,2025-06-08,Pune,Italian,3,434.33,25,46.21,22,UPI,4.5,Delivered,DP155,108.58,371.96,282.87,89.09
ORD104883,CUST1140,REST045,Spice Hub,2025-10-01,Bengaluru,Chinese,1,906.44,10,37.39,54,Cash,4.5,Delivered,DP047,90.64,853.19,706.91,146.28
ORD104884,CUST1361,REST085,Sweet Treats,2025-09-25,Delhi,Fast Food,4,1405.24,0,27.75,39,Cash,4.5,Delivered,DP100,0.0,1432.99,812.11,620.88
ORD104885,CUST1007,REST093,Royal Kitchen,2025-10-31,Ahmedabad,Biryani,1,1540.26,0,48.12,18,Credit Card,4.5,Delivered,DP224,0.0,1588.38,1135.87,452.51
ORD104886,CUST1477,REST020,Taste of India,2025-01-30,Chennai,Fast Food,4,767.07,0,45.17,29,Credit Card,4.5,Delivered,DP057,0.0,812.24,562.89,249.35
ORD104887,CUST1351,REST061,Sweet Treats,2025-04-07,Bengaluru,North Indian,4,1157.07,0,76.96,30,Credit Card,5.0,Delivered,DP122,0.0,1234.03,754.83,479.2
ORD104888,CUST1494,REST038,Dosa Express,2025-09-08,Mumbai,Indian,4,120.03,15,65.84,68,Credit Card,5.0,Delivered,DP227,18.0,167.87,93.3,74.57
ORD104889,CUST1605,REST020,Royal Kitchen,2025-01-07,Ahmedabad,Chinese,1,1044.59,20,92.61,25,Credit Card,4.0,Delivered,DP145,208.92,928.28,648.52,279.76
ORD104890,CUST1832,REST025,Dragon Bowl,2025-04-02,Ahmedabad,Indian,3,1758.4,15,27.36,42,Credit Card,3.5,Delivered,DP098,263.76,1522.0,1094.83,427.17
ORD104891,CUST1426,REST002,Royal Kitchen,2025-04-23,Pune,Chinese,2,644.61,15,20.08,21,Credit Card,4.0,Delivered,DP154,96.69,568.0,377.13,190.87
ORD104892,CUST1038,REST032,The Food Factory,2025-09-16,Kolkata,South Indian,2,1119.22,10,60.44,64,UPI,3.0,Delivered,DP125,111.92,1067.74,710.75,356.99
ORD104893,CUST1592,REST026,Pizza Point,2025-04-17,Chennai,Biryani,3,1400.64,10,15.09,52,UPI,5.0,Delivered,DP138,140.06,1275.67,865.84,409.83
ORD104894,CUST1186,REST070,Sweet Treats,2025-03-04,Kolkata,South Indian,3,1143.01,20,81.96,38,UPI,4.0,Delivered,DP039,228.6,996.37,787.57,208.8
ORD104895,CUST1595,REST041,Spice Hub,2025-12-24,Ahmedabad,Italian,4,823.08,20,58.01,45,Wallet,4.5,Cancelled,DP009,164.62,716.47,460.41,256.06
ORD104896,CUST1599,REST067,Sweet Treats,2025-09-28,Delhi,Italian,4,376.33,25,56.49,18,Debit Card,3.5,Delivered,DP025,94.08,338.74,233.84,104.9
ORD104897,CUST1753,REST097,Dragon Bowl,2025-07-18,Delhi,South Indian,2,899.02,0,45.81,51,Wallet,4.5,Cancelled,DP148,0.0,944.83,495.43,449.4
ORD104898,CUST1853,REST001,Curry Corner,2025-12-13,Mumbai,Chinese,4,615.24,15,46.87,70,Credit Card,3.0,Delivered,DP015,92.29,569.82,339.27,230.55
ORD104899,CUST1092,REST051,Food Junction,2025-12-03,Bengaluru,Fast Food,4,1289.15,10,51.65,49,Debit Card,4.5,Cancelled,DP232,128.92,1211.88,952.26,259.62
ORD104900,CUST1085,REST005,Dosa Express,2025-05-26,Chennai,Indian,3,862.41,5,16.36,20,UPI,5.0,Cancelled,DP113,43.12,835.65,623.05,212.6
ORD104901,CUST1043,REST013,The Food Factory,2025-03-02,Mumbai,Biryani,1,1547.8,0,22.1,60,UPI,4.0,Delivered,DP091,0.0,1569.9,1116.2,453.7
ORD104902,CUST1136,REST019,Taste of India,2025-04-30,Bengaluru,Fast Food,5,444.78,25,57.93,47,Cash,4.0,Delivered,DP139,111.2,391.51,280.81,110.7
ORD104903,CUST1420,REST012,Pizza Point,2025-03-02,Hyderabad,Italian,5,821.77,0,27.76,66,Credit Card,4.0,Delivered,DP144,0.0,849.53,584.14,265.39
ORD104904,CUST1073,REST048,Pizza Point,2025-11-05,Hyderabad,Fast Food,4,1056.61,15,81.19,46,Credit Card,4.5,Delivered,DP222,158.49,979.31,643.48,335.83
ORD104905,CUST1547,REST025,Royal Kitchen,2025-01-26,Bengaluru,Desserts,4,331.7,0,38.33,60,Cash,3.5,Delivered,DP150,0.0,370.03,206.04,163.99
ORD104906,CUST1612,REST057,Royal Kitchen,2025-04-25,Delhi,Desserts,5,1107.69,20,23.32,52,Wallet,5.0,Delivered,DP190,221.54,909.47,752.53,156.94
ORD104907,CUST1511,REST035,Food Junction,2025-02-09,Delhi,South Indian,3,608.75,0,34.99,49,Cash,3.5,Cancelled,DP152,0.0,643.74,432.77,210.97
ORD104908,CUST1155,REST076,Urban Tadka,2025-12-10,Hyderabad,Desserts,5,505.62,0,45.35,31,Credit Card,3.0,Delivered,DP242,0.0,550.97,308.99,241.98
ORD104909,CUST1254,REST094,Urban Tadka,2025-04-26,Ahmedabad,South Indian,5,358.41,20,18.0,68,UPI,4.5,Delivered,DP216,71.68,304.73,253.12,51.61
ORD104910,CUST1170,REST005,Taste of India,2025-05-16,Delhi,North Indian,5,707.8,5,27.04,46,Cash,3.5,Cancelled,DP164,35.39,699.45,545.98,153.47
ORD104911,CUST1727,REST098,Sweet Treats,2025-10-04,Kolkata,North Indian,4,1680.69,10,42.53,28,Debit Card,4.5,Delivered,DP146,168.07,1555.15,1115.28,439.87
ORD104912,CUST1169,REST022,Royal Kitchen,2025-10-26,Ahmedabad,Indian,4,172.09,10,41.39,33,UPI,3.5,Delivered,DP148,17.21,196.27,110.76,85.51
ORD104913,CUST1763,REST077,Curry Corner,2025-01-21,Delhi,Desserts,5,1551.62,0,83.03,38,Wallet,5.0,Delivered,DP008,0.0,1634.65,936.36,698.29
ORD104914,CUST1871,REST057,Pizza Point,2025-01-31,Bengaluru,Italian,4,787.57,25,86.68,53,UPI,4.0,Cancelled,DP015,196.89,677.36,497.68,179.68
ORD104915,CUST1321,REST047,Sweet Treats,2025-09-04,Pune,Chinese,5,1063.49,0,31.44,25,Wallet,4.5,Delivered,DP077,0.0,1094.93,714.27,380.66
ORD104916,CUST1566,REST054,Pizza Point,2025-01-27,Bengaluru,Desserts,3,981.52,25,25.53,21,UPI,3.5,Cancelled,DP228,245.38,761.67,752.97,8.7
ORD104917,CUST1455,REST003,Royal Kitchen,2025-03-14,Delhi,Biryani,4,1675.24,25,68.9,59,Credit Card,3.5,Delivered,DP125,418.81,1325.33,1021.85,303.48
ORD104918,CUST1602,REST053,Pizza Point,2025-04-07,Bengaluru,South Indian,1,1413.82,10,83.39,74,Wallet,4.5,Delivered,DP078,141.38,1355.83,852.87,502.96
ORD104919,CUST1789,REST084,Sweet Treats,2025-06-10,Chennai,Desserts,4,1774.5,5,96.92,38,Wallet,4.0,Cancelled,DP047,88.72,1782.7,1368.02,414.68
ORD104920,CUST1612,REST031,Royal Kitchen,2025-12-12,Hyderabad,Biryani,3,1454.64,5,15.58,69,Cash,4.0,Delivered,DP239,72.73,1397.49,1002.75,394.74
ORD104921,CUST1154,REST069,Dragon Bowl,2025-10-27,Pune,Italian,3,617.09,0,50.16,67,UPI,4.0,Cancelled,DP216,0.0,667.25,443.76,223.49
ORD104922,CUST1888,REST088,Food Junction,2025-10-26,Ahmedabad,Chinese,4,1737.64,0,77.39,72,Wallet,4.0,Delivered,DP119,0.0,1815.03,1287.3,527.73
ORD104923,CUST1348,REST033,Dragon Bowl,2025-10-14,Ahmedabad,North Indian,2,1772.39,0,85.43,38,Wallet,4.5,Cancelled,DP229,0.0,1857.82,1008.16,849.66
ORD104924,CUST1450,REST072,Urban Tadka,2025-07-31,Chennai,South Indian,5,326.8,0,20.29,28,UPI,5.0,Delivered,DP152,0.0,347.09,216.18,130.91
ORD104925,CUST1875,REST088,Biryani House,2025-03-17,Chennai,Indian,5,1633.75,20,72.85,38,UPI,4.0,Delivered,DP047,326.75,1379.85,951.21,428.64
ORD104926,CUST1652,REST050,Spice Hub,2025-05-23,Delhi,Biryani,3,1235.86,10,39.56,25,Debit Card,5.0,Delivered,DP018,123.59,1151.83,857.18,294.65
ORD104927,CUST1172,REST084,Food Junction,2025-02-03,Delhi,Desserts,4,1668.95,10,21.34,22,Cash,5.0,Cancelled,DP160,166.9,1523.39,1284.02,239.37
ORD104928,CUST1009,REST016,Dragon Bowl,2025-12-02,Ahmedabad,Italian,2,1658.44,10,56.57,58,Wallet,3.5,Delivered,DP227,165.84,1549.17,933.6,615.57
ORD104929,CUST1739,REST076,Dosa Express,2025-01-04,Chennai,Biryani,1,1617.51,5,28.44,29,UPI,3.5,Delivered,DP212,80.88,1565.07,991.6,573.47
ORD104930,CUST1264,REST077,Curry Corner,2025-11-24,Chennai,Desserts,5,1607.26,10,77.65,56,Wallet,4.0,Delivered,DP170,160.73,1524.18,1253.55,270.63
ORD104931,CUST1437,REST039,Curry Corner,2025-04-08,Ahmedabad,North Indian,2,317.65,0,78.01,68,Debit Card,4.5,Delivered,DP096,0.0,395.66,175.11,220.55
ORD104932,CUST1759,REST089,Spice Hub,2025-08-05,Mumbai,North Indian,5,361.11,20,86.58,16,Debit Card,4.0,Delivered,DP229,72.22,375.47,210.2,165.27
ORD104933,CUST1246,REST046,Curry Corner,2025-01-28,Mumbai,Chinese,4,317.87,10,47.09,38,Wallet,4.0,Delivered,DP165,31.79,333.17,180.73,152.44
ORD104934,CUST1666,REST096,Sweet Treats,2025-07-20,Kolkata,Indian,5,272.93,20,16.13,59,Cash,4.0,Delivered,DP239,54.59,234.47,198.07,36.4
ORD104935,CUST1545,REST088,Curry Corner,2025-09-30,Hyderabad,North Indian,1,713.52,20,37.08,24,Credit Card,4.5,Delivered,DP033,142.7,607.9,515.67,92.23
ORD104936,CUST1498,REST047,Biryani House,2025-11-10,Chennai,Chinese,4,1269.05,5,54.76,46,Wallet,3.5,Delivered,DP129,63.45,1260.36,924.94,335.42
ORD104937,CUST1128,REST044,Curry Corner,2025-05-07,Bengaluru,North Indian,3,715.88,0,73.99,31,Debit Card,4.5,Delivered,DP240,0.0,789.87,521.32,268.55
ORD104938,CUST1671,REST009,Pizza Point,2025-07-21,Pune,South Indian,2,1330.1,20,47.47,71,Cash,5.0,Delivered,DP092,266.02,1111.55,987.07,124.48
ORD104939,CUST1600,REST087,Food Junction,2025-01-09,Mumbai,Fast Food,5,1498.08,0,60.56,71,UPI,4.5,Delivered,DP155,0.0,1558.64,1090.25,468.39
ORD104940,CUST1604,REST050,Sweet Treats,2025-10-14,Ahmedabad,Chinese,4,1239.24,5,59.56,68,Cash,3.5,Delivered,DP017,61.96,1236.84,819.4,417.44
ORD104941,CUST1326,REST077,Urban Tadka,2025-03-29,Delhi,Chinese,4,901.38,15,29.02,24,Cash,3.5,Cancelled,DP046,135.21,795.19,650.31,144.88
ORD104942,CUST1752,REST060,Curry Corner,2025-11-14,Chennai,Biryani,5,616.47,20,67.96,36,Wallet,4.5,Delivered,DP079,123.29,561.14,423.79,137.35
ORD104943,CUST1834,REST096,Taste of India,2025-01-19,Bengaluru,North Indian,3,329.0,25,52.34,20,Cash,5.0,Delivered,DP206,82.25,299.09,208.68,90.41
ORD104944,CUST1403,REST015,Taste of India,2025-03-22,Pune,Chinese,5,949.34,20,83.67,41,UPI,5.0,Delivered,DP245,189.87,843.14,704.8,138.34
ORD104945,CUST1628,REST036,Taste of India,2025-04-17,Bengaluru,Italian,3,1328.93,0,73.7,34,Wallet,4.5,Delivered,DP095,0.0,1402.63,971.78,430.85
ORD104946,CUST1605,REST063,Curry Corner,2025-11-07,Kolkata,South Indian,5,1041.05,10,24.47,15,Debit Card,3.5,Delivered,DP162,104.1,961.42,614.12,347.3
ORD104947,CUST1674,REST069,Dosa Express,2025-08-18,Bengaluru,Biryani,4,1332.09,5,56.54,31,UPI,4.5,Delivered,DP003,66.6,1322.03,740.13,581.9
ORD104948,CUST1610,REST086,Dragon Bowl,2025-04-22,Delhi,Biryani,1,683.17,15,74.71,15,Wallet,5.0,Delivered,DP056,102.48,655.4,425.39,230.01
ORD104949,CUST1624,REST080,Pizza Point,2025-08-08,Mumbai,Fast Food,1,232.22,5,22.4,51,Wallet,5.0,Delivered,DP140,11.61,243.01,149.29,93.72
ORD104950,CUST1358,REST041,The Food Factory,2025-05-03,Bengaluru,South Indian,4,1415.44,10,82.36,75,Credit Card,4.5,Delivered,DP026,141.54,1356.26,835.25,521.01
ORD104951,CUST1602,REST074,Curry Corner,2025-09-01,Pune,Desserts,1,489.14,5,33.87,29,UPI,4.5,Cancelled,DP152,24.46,498.55,365.23,133.32
ORD104952,CUST1857,REST024,Dosa Express,2025-06-27,Mumbai,Italian,3,1155.36,15,57.76,69,Cash,4.5,Delivered,DP060,173.3,1039.82,644.37,395.45
ORD104953,CUST1717,REST082,Dragon Bowl,2025-03-06,Kolkata,South Indian,4,1471.21,5,94.95,15,UPI,5.0,Cancelled,DP058,73.56,1492.6,972.81,519.79
ORD104954,CUST1016,REST049,The Food Factory,2025-01-03,Kolkata,Chinese,3,353.7,0,63.56,31,UPI,4.5,Cancelled,DP191,0.0,417.26,199.05,218.21
ORD104955,CUST1273,REST018,Spice Hub,2025-07-26,Hyderabad,Fast Food,4,1125.47,0,51.04,60,Credit Card,4.0,Delivered,DP226,0.0,1176.51,757.92,418.59
ORD104956,CUST1684,REST007,Biryani House,2025-01-21,Delhi,Italian,3,1278.15,10,15.58,59,Cash,4.5,Delivered,DP008,127.82,1165.91,839.28,326.63
ORD104957,CUST1115,REST004,Pizza Point,2025-10-20,Mumbai,Fast Food,3,1374.17,25,26.34,74,Credit Card,5.0,Delivered,DP204,343.54,1056.97,1002.37,54.6
ORD104958,CUST1860,REST090,Curry Corner,2025-01-15,Kolkata,South Indian,1,368.08,25,64.19,57,Credit Card,4.5,Delivered,DP201,92.02,340.25,260.83,79.42
ORD104959,CUST1692,REST069,Food Junction,2025-12-09,Kolkata,Indian,4,1506.2,15,56.98,58,Credit Card,4.5,Delivered,DP026,225.93,1337.25,1120.78,216.47
ORD104960,CUST1090,REST060,Sweet Treats,2025-07-25,Mumbai,South Indian,5,278.17,15,45.93,52,UPI,4.5,Delivered,DP110,41.73,282.37,187.82,94.55
ORD104961,CUST1081,REST055,Food Junction,2025-07-21,Bengaluru,Chinese,1,992.9,15,93.47,57,Credit Card,4.5,Delivered,DP186,148.94,937.43,733.91,203.52
ORD104962,CUST1323,REST016,Dragon Bowl,2025-04-30,Ahmedabad,Fast Food,3,864.93,15,43.26,16,Debit Card,3.0,Delivered,DP166,129.74,778.45,618.77,159.68
ORD104963,CUST1113,REST099,Food Junction,2025-05-17,Pune,Indian,3,492.57,15,60.66,32,Cash,4.5,Delivered,DP049,73.89,479.34,359.22,120.12
ORD104964,CUST1768,REST090,Royal Kitchen,2025-10-27,Bengaluru,Chinese,5,627.24,25,63.34,26,Cash,4.0,Delivered,DP043,156.81,533.77,431.64,102.13
ORD104965,CUST1057,REST082,Spice Hub,2025-10-22,Pune,Fast Food,5,396.25,0,59.83,43,Credit Card,5.0,Delivered,DP187,0.0,456.08,283.52,172.56
ORD104966,CUST1153,REST029,Sweet Treats,2025-01-25,Kolkata,Fast Food,3,835.22,5,55.59,37,UPI,5.0,Delivered,DP211,41.76,849.05,536.54,312.51
ORD104967,CUST1876,REST023,Spice Hub,2025-11-08,Kolkata,South Indian,5,179.66,20,43.65,61,Wallet,4.0,Delivered,DP021,35.93,187.38,102.32,85.06
ORD104968,CUST1403,REST014,The Food Factory,2025-08-22,Delhi,North Indian,2,1613.38,15,92.24,23,Wallet,5.0,Cancelled,DP141,242.01,1463.61,1041.94,421.67
ORD104969,CUST1627,REST079,Spice Hub,2025-05-01,Mumbai,Fast Food,1,394.66,25,53.32,22,UPI,4.0,Delivered,DP099,98.66,349.32,232.8,116.52
ORD104970,CUST1854,REST049,Taste of India,2025-03-31,Chennai,Fast Food,4,1608.51,20,59.92,64,Credit Card,4.5,Delivered,DP131,321.7,1346.73,1117.52,229.21
ORD104971,CUST1265,REST033,Biryani House,2025-11-16,Kolkata,Biryani,5,1570.81,0,70.8,30,Credit Card,3.0,Cancelled,DP089,0.0,1641.61,959.05,682.56
ORD104972,CUST1314,REST025,Taste of India,2025-07-19,Pune,North Indian,5,878.82,25,20.75,37,Debit Card,3.5,Delivered,DP160,219.7,679.87,677.02,2.85
ORD104973,CUST1714,REST021,Curry Corner,2025-06-29,Pune,Fast Food,2,956.18,20,81.41,67,Wallet,5.0,Delivered,DP021,191.24,846.35,585.54,260.81
ORD104974,CUST1040,REST017,The Food Factory,2025-12-11,Ahmedabad,South Indian,4,627.21,25,58.56,43,Wallet,5.0,Delivered,DP014,156.8,528.97,359.12,169.85
ORD104975,CUST1104,REST023,Royal Kitchen,2025-03-17,Ahmedabad,Biryani,2,1794.75,20,70.86,73,Cash,4.5,Cancelled,DP223,358.95,1506.66,1350.63,156.03
ORD104976,CUST1889,REST057,Dosa Express,2025-05-17,Bengaluru,Biryani,4,1246.9,25,80.62,24,Credit Card,4.0,Cancelled,DP136,311.73,1015.79,804.64,211.15
ORD104977,CUST1192,REST081,The Food Factory,2025-05-18,Bengaluru,Desserts,1,1719.04,5,89.3,26,UPI,4.0,Delivered,DP007,85.95,1722.39,1086.14,636.25
ORD104978,CUST1400,REST058,Dosa Express,2025-01-10,Kolkata,Indian,5,816.86,20,48.34,75,Credit Card,5.0,Delivered,DP228,163.37,701.83,615.62,86.21
ORD104979,CUST1277,REST014,Biryani House,2025-07-20,Kolkata,Chinese,1,1603.47,10,83.97,66,Credit Card,4.0,Delivered,DP099,160.35,1527.09,1122.9,404.19
ORD104980,CUST1353,REST093,Spice Hub,2025-11-14,Hyderabad,Biryani,4,873.03,25,37.0,26,Debit Card,4.0,Delivered,DP211,218.26,691.77,587.02,104.75
ORD104981,CUST1748,REST020,Spice Hub,2025-12-12,Pune,Italian,5,1576.27,10,71.13,44,UPI,4.5,Delivered,DP187,157.63,1489.77,985.55,504.22
ORD104982,CUST1732,REST030,Sweet Treats,2025-08-07,Delhi,Biryani,2,339.96,25,23.73,24,Debit Card,5.0,Cancelled,DP130,84.99,278.7,209.85,68.85
ORD104983,CUST1579,REST019,Curry Corner,2025-03-01,Mumbai,Desserts,3,1189.92,15,16.7,28,Debit Card,3.5,Cancelled,DP069,178.49,1028.13,813.06,215.07
ORD104984,CUST1708,REST053,Food Junction,2025-05-27,Mumbai,Italian,2,1260.22,0,23.14,18,Debit Card,5.0,Delivered,DP172,0.0,1283.36,838.45,444.91
ORD104985,CUST1255,REST056,Urban Tadka,2025-04-17,Ahmedabad,Desserts,3,1222.37,25,42.15,61,Debit Card,4.5,Delivered,DP066,305.59,958.93,749.9,209.03
ORD104986,CUST1650,REST077,The Food Factory,2025-02-07,Mumbai,Desserts,2,871.01,0,17.64,34,Credit Card,4.0,Delivered,DP018,0.0,888.65,515.93,372.72
ORD104987,CUST1823,REST082,The Food Factory,2025-05-14,Pune,North Indian,4,1268.98,5,68.59,55,Cash,4.5,Delivered,DP207,63.45,1274.12,936.69,337.43
ORD104988,CUST1660,REST023,Curry Corner,2025-08-09,Bengaluru,Indian,1,522.3,0,41.91,53,Credit Card,4.5,Delivered,DP144,0.0,564.21,369.88,194.33
ORD104989,CUST1098,REST062,Taste of India,2025-10-30,Delhi,Italian,3,1121.03,20,77.59,21,Debit Card,3.5,Delivered,DP012,224.21,974.41,872.67,101.74
ORD104990,CUST1587,REST033,Pizza Point,2025-05-13,Mumbai,Indian,4,1051.11,10,18.9,44,Debit Card,4.5,Delivered,DP108,105.11,964.9,702.81,262.09
ORD104991,CUST1281,REST018,Curry Corner,2025-11-30,Pune,Indian,1,654.81,15,33.42,66,Cash,4.5,Delivered,DP060,98.22,590.01,509.91,80.1
ORD104992,CUST1882,REST073,Urban Tadka,2025-02-22,Chennai,Indian,1,1428.49,0,49.68,55,Wallet,3.5,Delivered,DP228,0.0,1478.17,937.08,541.09
ORD104993,CUST1402,REST033,Spice Hub,2025-03-03,Kolkata,Italian,5,255.87,20,47.53,38,UPI,4.0,Delivered,DP214,51.17,252.23,172.21,80.02
ORD104994,CUST1108,REST032,Dosa Express,2025-01-23,Hyderabad,Italian,5,408.02,10,26.13,24,Debit Card,3.5,Delivered,DP220,40.8,393.35,244.03,149.32
ORD104995,CUST1699,REST061,Taste of India,2025-02-13,Hyderabad,Indian,5,911.53,10,99.5,66,Debit Card,4.0,Delivered,DP054,91.15,919.88,532.69,387.19
ORD104996,CUST1198,REST054,Royal Kitchen,2025-11-04,Mumbai,North Indian,3,1618.12,5,39.18,59,Credit Card,4.0,Delivered,DP040,80.91,1576.39,1239.89,336.5
ORD104997,CUST1302,REST017,Dragon Bowl,2025-02-15,Bengaluru,Indian,3,1086.27,20,76.29,52,Debit Card,4.5,Delivered,DP171,217.25,945.31,842.6,102.71
ORD104998,CUST1326,REST019,Taste of India,2025-05-27,Hyderabad,North Indian,1,1534.67,25,33.7,50,Debit Card,3.5,Delivered,DP246,383.67,1184.7,1037.34,147.36
ORD104999,CUST1153,REST091,Royal Kitchen,2025-08-04,Hyderabad,Chinese,3,989.52,0,89.62,31,UPI,4.0,Delivered,DP150,0.0,1079.14,606.2,472.94
